shirt,pants,shoes,style,shirt_subtype,pants_subtype,shoes_subtype,fit,temperature,occasion,outerwear,score
black,navy,navy,formal,dress_shirt,trousers,sandals,relaxed,mild,university,long_coat,1
navy,brown,brown,streetwear,oxford,shorts,sneakers,oversized,hot,university,none,0
black,black,white,formal,polo,trousers,sandals,relaxed,cold,date,none,-3
white,beige,beige,streetwear,tee,shorts,sneakers,relaxed,hot,date,coat,-2
beige,beige,grey,formal,oxford,trousers,boots,oversized,cold,university,long_coat,1
grey,beige,beige,streetwear,tee,jeans,boots,slim,hot,party,coat,-2
beige,grey,grey,casual,oxford,trousers,boots,regular,cold,university,none,-2
brown,black,black,formal,oxford,shorts,sandals,relaxed,mild,date,jacket,0
grey,beige,beige,formal,oxford,chinos,boots,relaxed,cold,university,jacket,0
black,black,navy,formal,tee,trousers,sneakers,relaxed,hot,business,jacket,0
beige,brown,brown,casual,dress_shirt,chinos,sneakers,regular,mild,party,coat,0
beige,navy,grey,casual,oxford,trousers,sandals,regular,mild,university,coat,0
navy,navy,brown,casual,oxford,chinos,sneakers,regular,cold,date,jacket,1
beige,brown,brown,streetwear,tee,trousers,sneakers,regular,cold,university,coat,0
navy,navy,brown,old_money,dress_shirt,trousers,sandals,slim,hot,date,none,3
brown,black,white,casual,tee,jeans,boots,regular,mild,business,none,-1
brown,brown,beige,casual,oxford,chinos,loafers,regular,mild,date,long_coat,1
black,navy,navy,streetwear,oxford,shorts,loafers,slim,mild,university,jacket,0
navy,brown,white,casual,henley,chinos,loafers,oversized,cold,party,none,-2
navy,brown,black,streetwear,polo,shorts,boots,relaxed,mild,date,long_coat,0
brown,beige,navy,minimal,tee,shorts,boots,oversized,mild,date,coat,0
navy,grey,grey,casual,polo,jeans,sandals,slim,mild,date,jacket,0
black,white,navy,minimal,dress_shirt,trousers,sandals,relaxed,cold,business,none,-4
white,navy,navy,minimal,tee,shorts,sandals,relaxed,hot,date,long_coat,-2
brown,navy,brown,old_money,dress_shirt,chinos,boots,relaxed,cold,business,long_coat,2
brown,white,beige,formal,dress_shirt,shorts,boots,regular,hot,business,jacket,-2
navy,navy,navy,old_money,tee,trousers,sneakers,relaxed,cold,party,none,1
grey,grey,white,streetwear,henley,trousers,sneakers,slim,hot,party,long_coat,-1
grey,grey,grey,streetwear,polo,chinos,boots,oversized,cold,date,coat,1
brown,beige,navy,minimal,polo,jeans,loafers,regular,mild,university,none,0
brown,beige,beige,old_money,henley,shorts,boots,regular,cold,business,none,0
navy,white,beige,formal,polo,shorts,sneakers,slim,cold,university,jacket,0
beige,white,beige,casual,dress_shirt,shorts,sandals,oversized,cold,business,coat,-2
white,grey,grey,formal,dress_shirt,trousers,boots,oversized,hot,date,coat,-2
brown,black,grey,formal,tee,trousers,sneakers,slim,mild,university,coat,0
black,grey,brown,old_money,dress_shirt,chinos,sandals,regular,cold,business,none,-2
black,beige,grey,streetwear,oxford,trousers,sneakers,regular,mild,business,jacket,0
white,brown,grey,streetwear,polo,trousers,sandals,slim,hot,date,none,0
white,black,beige,casual,polo,chinos,sandals,slim,hot,university,long_coat,-2
black,black,beige,minimal,tee,shorts,sneakers,regular,cold,date,long_coat,1
black,navy,white,streetwear,polo,chinos,boots,regular,mild,university,coat,0
black,black,brown,streetwear,henley,chinos,loafers,slim,cold,party,jacket,1
brown,black,navy,formal,dress_shirt,chinos,boots,oversized,hot,party,none,2
beige,black,navy,minimal,dress_shirt,trousers,boots,regular,cold,university,jacket,0
black,grey,beige,casual,dress_shirt,chinos,boots,slim,hot,business,none,0
brown,beige,white,formal,polo,shorts,boots,slim,cold,party,jacket,1
beige,black,grey,streetwear,oxford,chinos,sandals,relaxed,mild,business,long_coat,0
black,grey,navy,minimal,dress_shirt,trousers,boots,relaxed,hot,party,coat,-2
brown,navy,brown,casual,polo,chinos,loafers,regular,mild,business,jacket,0
navy,beige,brown,formal,oxford,jeans,boots,oversized,mild,business,coat,0
brown,brown,navy,formal,oxford,jeans,sandals,regular,hot,business,none,2
navy,beige,black,casual,oxford,trousers,sneakers,oversized,cold,date,coat,0
navy,white,grey,streetwear,polo,shorts,loafers,slim,mild,business,none,0
black,white,brown,formal,oxford,trousers,boots,slim,mild,university,coat,0
white,beige,brown,formal,henley,chinos,boots,regular,cold,date,coat,0
grey,white,brown,old_money,henley,trousers,sandals,regular,mild,party,coat,2
grey,navy,beige,old_money,dress_shirt,chinos,sandals,relaxed,mild,date,jacket,2
beige,brown,brown,casual,oxford,shorts,boots,regular,hot,business,none,0
grey,beige,grey,streetwear,dress_shirt,chinos,loafers,regular,cold,business,jacket,0
black,navy,navy,old_money,henley,trousers,boots,relaxed,cold,business,long_coat,2
beige,grey,white,old_money,henley,trousers,sandals,slim,mild,business,coat,0
grey,black,navy,casual,polo,chinos,sandals,slim,mild,university,coat,0
beige,beige,brown,streetwear,henley,jeans,sneakers,relaxed,cold,party,none,-1
grey,beige,white,formal,polo,trousers,loafers,regular,mild,university,jacket,0
grey,white,grey,formal,henley,shorts,loafers,oversized,cold,business,coat,0
black,navy,white,streetwear,dress_shirt,trousers,boots,oversized,mild,party,jacket,0
grey,grey,navy,casual,polo,trousers,sandals,oversized,cold,date,none,-3
navy,beige,grey,minimal,polo,trousers,boots,relaxed,cold,business,none,-2
white,black,black,casual,oxford,shorts,sandals,oversized,hot,business,coat,-2
beige,beige,black,streetwear,dress_shirt,chinos,loafers,oversized,mild,party,long_coat,1
navy,beige,navy,minimal,polo,chinos,sandals,slim,mild,business,none,0
navy,black,brown,casual,dress_shirt,shorts,loafers,slim,hot,university,long_coat,-2
navy,white,black,casual,henley,trousers,loafers,oversized,cold,party,jacket,0
beige,white,beige,minimal,tee,trousers,sneakers,slim,hot,business,coat,-2
navy,black,brown,formal,tee,trousers,boots,slim,cold,party,coat,1
grey,white,brown,minimal,henley,jeans,loafers,regular,hot,university,coat,-2
brown,beige,black,streetwear,oxford,trousers,sneakers,regular,cold,date,jacket,0
black,brown,black,casual,tee,shorts,boots,regular,mild,party,long_coat,0
brown,black,white,casual,polo,jeans,loafers,regular,hot,date,jacket,-2
white,white,brown,formal,oxford,trousers,loafers,oversized,mild,university,none,1
white,grey,brown,minimal,polo,jeans,sandals,slim,cold,party,coat,-2
black,navy,navy,formal,polo,chinos,loafers,regular,mild,party,coat,2
brown,beige,brown,formal,tee,chinos,sneakers,slim,hot,university,jacket,-2
brown,beige,beige,formal,oxford,shorts,sandals,relaxed,mild,university,long_coat,0
brown,white,grey,old_money,henley,chinos,boots,slim,cold,date,none,-2
grey,brown,grey,formal,henley,jeans,sandals,regular,cold,party,long_coat,-1
black,black,white,casual,oxford,chinos,loafers,relaxed,hot,party,jacket,-1
white,black,navy,minimal,oxford,chinos,boots,slim,cold,date,long_coat,0
brown,grey,brown,minimal,oxford,jeans,sneakers,oversized,cold,date,long_coat,0
grey,beige,white,old_money,henley,trousers,loafers,oversized,cold,university,jacket,0
black,white,navy,old_money,dress_shirt,trousers,sneakers,slim,hot,date,jacket,0
brown,black,navy,old_money,polo,shorts,boots,relaxed,mild,university,long_coat,2
navy,black,brown,minimal,oxford,shorts,sneakers,oversized,hot,university,long_coat,-2
beige,navy,beige,casual,tee,trousers,boots,slim,mild,business,coat,-1
beige,navy,black,casual,polo,jeans,boots,regular,mild,party,long_coat,0
white,grey,brown,old_money,dress_shirt,shorts,boots,regular,cold,date,none,0
grey,brown,black,casual,dress_shirt,shorts,boots,oversized,mild,business,long_coat,0
grey,beige,navy,formal,dress_shirt,chinos,sandals,regular,cold,date,none,-3
white,black,navy,minimal,henley,shorts,sneakers,relaxed,hot,date,coat,-2
grey,grey,navy,streetwear,oxford,chinos,sandals,slim,hot,university,none,1
black,navy,grey,minimal,oxford,shorts,boots,slim,hot,business,jacket,-2
black,grey,grey,streetwear,dress_shirt,shorts,boots,oversized,mild,party,long_coat,0
grey,grey,black,minimal,polo,jeans,sneakers,regular,mild,university,none,1
black,white,navy,old_money,tee,chinos,boots,slim,cold,business,long_coat,2
white,navy,black,streetwear,dress_shirt,jeans,sandals,regular,hot,party,jacket,-2
beige,brown,beige,streetwear,tee,shorts,sandals,relaxed,hot,business,jacket,-2
black,beige,brown,casual,dress_shirt,shorts,loafers,slim,hot,university,long_coat,-2
grey,grey,black,casual,polo,chinos,sneakers,regular,cold,business,long_coat,1
navy,brown,navy,casual,dress_shirt,jeans,sandals,slim,cold,party,long_coat,-2
black,grey,white,minimal,tee,shorts,sandals,oversized,mild,university,jacket,0
grey,beige,navy,streetwear,polo,jeans,sandals,slim,cold,date,long_coat,-2
black,white,black,casual,tee,chinos,loafers,relaxed,cold,date,none,-2
grey,grey,brown,streetwear,oxford,shorts,sandals,relaxed,cold,university,jacket,-1
beige,beige,white,casual,oxford,chinos,loafers,oversized,hot,university,coat,-1
grey,beige,navy,formal,oxford,trousers,boots,oversized,hot,party,jacket,0
beige,brown,brown,formal,henley,shorts,sneakers,slim,mild,university,coat,0
white,beige,beige,old_money,polo,jeans,sneakers,relaxed,hot,business,long_coat,0
black,navy,navy,streetwear,dress_shirt,trousers,loafers,regular,cold,business,coat,0
black,black,grey,minimal,dress_shirt,chinos,boots,slim,mild,university,long_coat,1
beige,navy,white,streetwear,polo,shorts,sneakers,slim,cold,party,coat,0
black,white,white,streetwear,oxford,shorts,sandals,oversized,hot,party,none,0
grey,beige,black,formal,oxford,trousers,sandals,regular,cold,university,coat,-2
white,beige,black,formal,oxford,jeans,sneakers,relaxed,mild,date,long_coat,0
white,brown,navy,casual,dress_shirt,shorts,sandals,slim,cold,university,jacket,-2
brown,navy,grey,streetwear,henley,chinos,loafers,regular,mild,party,none,0
white,black,navy,streetwear,oxford,jeans,boots,oversized,mild,date,none,0
beige,white,black,old_money,dress_shirt,jeans,boots,regular,mild,date,jacket,2
white,white,beige,old_money,henley,jeans,sandals,oversized,cold,date,jacket,1
navy,grey,white,casual,tee,trousers,sneakers,oversized,hot,date,coat,-2
grey,navy,grey,old_money,henley,chinos,sneakers,relaxed,cold,date,coat,0
navy,black,beige,casual,polo,shorts,sandals,oversized,mild,date,long_coat,0
brown,brown,beige,minimal,dress_shirt,trousers,sneakers,oversized,mild,date,long_coat,1
grey,brown,white,casual,dress_shirt,jeans,sandals,regular,cold,party,jacket,-2
navy,white,brown,streetwear,dress_shirt,chinos,sneakers,slim,hot,business,none,0
beige,white,white,streetwear,polo,chinos,boots,slim,hot,party,none,0
beige,navy,grey,streetwear,tee,trousers,loafers,regular,hot,business,coat,-2
grey,white,beige,old_money,henley,chinos,loafers,regular,hot,date,long_coat,0
brown,grey,black,old_money,henley,chinos,loafers,relaxed,mild,party,long_coat,2
brown,black,black,formal,dress_shirt,jeans,loafers,slim,cold,party,long_coat,1
black,grey,brown,minimal,polo,chinos,sneakers,regular,cold,university,jacket,0
brown,navy,brown,old_money,oxford,trousers,sneakers,slim,mild,university,long_coat,2
grey,navy,grey,old_money,tee,shorts,sandals,oversized,cold,date,jacket,-2
brown,grey,white,formal,oxford,trousers,sneakers,relaxed,cold,business,jacket,0
beige,black,navy,old_money,polo,chinos,loafers,oversized,mild,university,coat,2
grey,black,navy,minimal,polo,chinos,boots,regular,cold,business,none,-2
white,brown,brown,old_money,henley,shorts,loafers,oversized,hot,business,none,2
brown,brown,white,streetwear,tee,jeans,sandals,relaxed,cold,university,none,-3
black,beige,white,formal,polo,chinos,boots,slim,hot,business,none,0
grey,brown,white,minimal,dress_shirt,trousers,sandals,oversized,hot,party,none,0
navy,beige,white,streetwear,tee,trousers,loafers,relaxed,hot,date,long_coat,-2
black,white,black,casual,dress_shirt,jeans,sneakers,oversized,mild,date,long_coat,0
navy,brown,white,minimal,oxford,jeans,boots,regular,mild,university,long_coat,0
grey,grey,black,formal,polo,jeans,sneakers,relaxed,hot,university,long_coat,-1
black,grey,white,formal,dress_shirt,trousers,sandals,relaxed,cold,date,long_coat,-2
beige,brown,beige,old_money,tee,chinos,sandals,relaxed,hot,party,long_coat,0
navy,navy,navy,minimal,dress_shirt,shorts,sneakers,slim,mild,date,coat,1
white,brown,grey,casual,polo,shorts,sneakers,slim,cold,date,long_coat,0
grey,navy,black,minimal,tee,trousers,loafers,regular,cold,party,jacket,0
brown,brown,navy,casual,polo,trousers,boots,relaxed,hot,party,long_coat,-1
grey,navy,beige,minimal,henley,jeans,sandals,regular,mild,business,long_coat,0
brown,white,black,old_money,henley,jeans,sneakers,regular,cold,business,none,0
white,black,black,minimal,oxford,trousers,sneakers,regular,mild,party,coat,0
brown,brown,black,casual,henley,chinos,sandals,regular,hot,business,none,1
black,navy,navy,minimal,polo,chinos,loafers,slim,cold,party,none,-2
grey,brown,navy,formal,dress_shirt,shorts,sandals,regular,cold,university,coat,-1
beige,white,white,formal,polo,shorts,loafers,slim,cold,party,none,-1
grey,white,grey,casual,polo,trousers,loafers,relaxed,cold,date,jacket,0
navy,navy,white,streetwear,polo,shorts,boots,oversized,cold,university,long_coat,1
navy,navy,navy,casual,oxford,trousers,sandals,relaxed,cold,university,jacket,-1
grey,brown,black,casual,henley,jeans,sandals,slim,mild,party,coat,0
grey,beige,white,minimal,dress_shirt,shorts,boots,regular,hot,university,jacket,-2
beige,black,white,minimal,oxford,shorts,sneakers,slim,cold,university,jacket,0
navy,navy,beige,minimal,polo,jeans,loafers,regular,hot,party,coat,-1
grey,beige,navy,casual,oxford,jeans,sandals,relaxed,mild,business,jacket,0
grey,brown,grey,minimal,dress_shirt,trousers,sneakers,relaxed,cold,party,jacket,0
beige,brown,brown,minimal,oxford,chinos,loafers,slim,hot,date,coat,-2
black,white,white,old_money,polo,chinos,sneakers,oversized,cold,university,long_coat,0
grey,grey,beige,old_money,oxford,chinos,sandals,slim,hot,party,coat,1
grey,brown,navy,minimal,dress_shirt,shorts,loafers,regular,mild,date,coat,0
grey,grey,white,formal,oxford,chinos,boots,regular,hot,university,long_coat,-1
navy,white,brown,old_money,oxford,trousers,sneakers,relaxed,cold,date,none,0
grey,brown,navy,streetwear,polo,trousers,loafers,slim,hot,party,coat,-2
black,navy,black,casual,polo,trousers,loafers,oversized,mild,party,none,0
brown,brown,navy,old_money,tee,jeans,loafers,relaxed,mild,date,none,3
beige,beige,grey,minimal,oxford,shorts,sneakers,oversized,hot,university,coat,-1
navy,black,white,minimal,dress_shirt,shorts,sandals,regular,cold,date,none,-4
black,black,beige,streetwear,dress_shirt,shorts,boots,slim,hot,university,long_coat,-1
navy,brown,navy,minimal,tee,trousers,boots,relaxed,hot,date,jacket,-2
navy,beige,brown,streetwear,henley,jeans,loafers,slim,cold,party,jacket,0
grey,grey,brown,casual,polo,jeans,boots,regular,mild,business,none,1
navy,black,brown,old_money,oxford,trousers,loafers,slim,mild,business,none,2
brown,black,black,formal,henley,chinos,sneakers,slim,mild,date,jacket,0
white,navy,white,streetwear,dress_shirt,trousers,loafers,slim,hot,date,long_coat,-2
navy,navy,grey,casual,tee,jeans,sandals,slim,mild,university,coat,1
grey,beige,beige,formal,polo,chinos,boots,slim,cold,university,none,-2
grey,grey,grey,casual,oxford,chinos,loafers,slim,cold,business,long_coat,1
brown,white,grey,formal,dress_shirt,trousers,loafers,relaxed,hot,date,none,0
black,brown,white,formal,tee,shorts,sandals,relaxed,mild,business,coat,0
white,white,black,minimal,henley,shorts,loafers,relaxed,mild,business,jacket,1
black,black,black,streetwear,dress_shirt,trousers,sneakers,slim,mild,date,long_coat,1
black,white,grey,streetwear,dress_shirt,trousers,boots,oversized,hot,business,long_coat,-2
beige,beige,brown,formal,henley,trousers,boots,oversized,cold,business,long_coat,1
grey,brown,brown,streetwear,henley,shorts,boots,relaxed,hot,university,coat,-2
grey,grey,brown,old_money,oxford,shorts,loafers,regular,cold,date,none,1
grey,black,navy,old_money,oxford,trousers,loafers,oversized,cold,date,long_coat,2
beige,beige,grey,old_money,oxford,trousers,loafers,relaxed,hot,business,long_coat,-1
beige,black,navy,casual,polo,trousers,boots,oversized,hot,party,long_coat,-2
beige,navy,black,minimal,henley,trousers,boots,oversized,mild,university,coat,0
black,white,black,formal,oxford,trousers,boots,oversized,mild,date,jacket,0
white,brown,navy,old_money,tee,chinos,loafers,slim,hot,university,long_coat,0
white,white,black,minimal,tee,trousers,boots,oversized,cold,business,long_coat,1
black,black,navy,formal,dress_shirt,shorts,sandals,relaxed,mild,party,jacket,3
navy,grey,navy,formal,oxford,shorts,loafers,regular,mild,party,jacket,2
black,navy,brown,formal,dress_shirt,shorts,boots,relaxed,hot,university,coat,-2
navy,beige,beige,formal,dress_shirt,chinos,sandals,slim,mild,date,jacket,0
brown,navy,beige,casual,polo,chinos,boots,regular,mild,business,jacket,0
beige,brown,grey,formal,tee,trousers,boots,regular,hot,business,coat,-2
beige,grey,white,formal,oxford,jeans,sandals,relaxed,mild,party,none,1
navy,brown,grey,casual,tee,jeans,sneakers,regular,mild,university,none,0
navy,white,brown,minimal,dress_shirt,chinos,sandals,slim,hot,date,coat,-2
navy,brown,brown,streetwear,polo,jeans,loafers,relaxed,mild,date,coat,0
beige,beige,grey,streetwear,dress_shirt,trousers,loafers,relaxed,cold,party,jacket,1
brown,beige,navy,streetwear,henley,jeans,loafers,oversized,hot,university,jacket,-2
grey,navy,black,minimal,dress_shirt,shorts,sandals,slim,mild,business,jacket,0
navy,black,grey,streetwear,henley,chinos,sandals,regular,cold,party,long_coat,-2
black,white,white,streetwear,henley,chinos,sandals,slim,cold,business,jacket,-2
navy,beige,grey,formal,tee,shorts,boots,oversized,cold,university,jacket,0
navy,white,grey,old_money,polo,chinos,loafers,slim,cold,date,jacket,0
beige,grey,brown,streetwear,dress_shirt,shorts,sneakers,relaxed,cold,date,none,-2
brown,beige,white,formal,henley,chinos,boots,relaxed,hot,business,long_coat,-2
white,black,navy,casual,dress_shirt,jeans,sandals,regular,hot,business,jacket,-2
grey,brown,white,streetwear,henley,trousers,loafers,slim,mild,business,long_coat,0
white,navy,brown,minimal,dress_shirt,chinos,boots,relaxed,cold,date,coat,0
black,black,beige,old_money,polo,jeans,sandals,slim,mild,university,none,3
navy,navy,grey,streetwear,henley,jeans,loafers,slim,cold,date,jacket,1
white,beige,beige,formal,oxford,jeans,sandals,slim,mild,date,none,0
brown,white,grey,streetwear,polo,trousers,sandals,relaxed,mild,date,coat,0
grey,black,black,casual,oxford,trousers,sandals,slim,hot,date,long_coat,-2
brown,navy,grey,casual,henley,trousers,sandals,slim,hot,business,long_coat,-2
brown,navy,brown,formal,polo,jeans,loafers,relaxed,hot,party,none,1
white,grey,beige,streetwear,tee,jeans,loafers,oversized,mild,business,none,0
brown,brown,beige,casual,henley,jeans,sandals,oversized,hot,business,coat,-1
white,navy,navy,casual,henley,jeans,loafers,relaxed,cold,business,none,-2
navy,grey,brown,formal,tee,trousers,boots,slim,hot,university,long_coat,-2
grey,beige,white,formal,oxford,chinos,sneakers,relaxed,cold,business,none,-2
white,beige,grey,minimal,oxford,chinos,boots,relaxed,mild,date,coat,0
black,white,beige,formal,dress_shirt,shorts,boots,slim,hot,university,coat,-2
beige,black,navy,casual,oxford,chinos,sneakers,relaxed,mild,date,jacket,0
brown,brown,grey,casual,dress_shirt,chinos,sneakers,relaxed,cold,party,coat,1
black,navy,beige,streetwear,dress_shirt,shorts,sneakers,regular,cold,business,none,-2
black,navy,beige,casual,dress_shirt,trousers,sandals,slim,cold,university,long_coat,-2
grey,black,beige,casual,dress_shirt,shorts,sneakers,regular,cold,university,coat,0
brown,beige,beige,streetwear,dress_shirt,chinos,sneakers,regular,hot,business,long_coat,-2
grey,white,grey,formal,polo,trousers,loafers,regular,hot,business,long_coat,-2
white,black,grey,casual,oxford,chinos,sandals,regular,hot,party,jacket,-2
brown,white,black,old_money,henley,jeans,boots,oversized,cold,business,none,0
brown,brown,black,old_money,polo,jeans,sneakers,regular,hot,business,jacket,1
grey,brown,brown,streetwear,polo,shorts,sneakers,oversized,mild,business,coat,0
black,black,grey,minimal,oxford,chinos,loafers,regular,hot,date,coat,-1
white,navy,beige,casual,henley,trousers,boots,slim,hot,business,long_coat,-2
grey,grey,white,casual,tee,trousers,boots,relaxed,hot,business,long_coat,-2
white,grey,grey,old_money,dress_shirt,trousers,boots,oversized,cold,university,long_coat,0
black,black,white,old_money,oxford,jeans,boots,relaxed,cold,business,coat,1
brown,navy,black,streetwear,oxford,chinos,sandals,relaxed,hot,university,coat,-2
brown,navy,white,casual,tee,chinos,loafers,slim,hot,university,none,0
black,grey,brown,casual,oxford,chinos,boots,regular,hot,date,none,0
grey,grey,navy,minimal,henley,shorts,loafers,regular,mild,university,jacket,1
navy,navy,white,streetwear,polo,jeans,boots,oversized,cold,university,none,-1
black,brown,grey,formal,dress_shirt,jeans,sandals,relaxed,cold,date,none,-4
white,navy,navy,streetwear,polo,shorts,loafers,oversized,hot,business,none,0
beige,grey,black,casual,polo,jeans,sneakers,regular,cold,party,coat,0
beige,black,brown,streetwear,tee,shorts,sneakers,slim,cold,business,long_coat,0
white,grey,brown,formal,dress_shirt,shorts,boots,oversized,hot,date,none,0
white,navy,white,minimal,henley,trousers,sneakers,regular,mild,business,jacket,0
brown,white,white,old_money,polo,jeans,sneakers,oversized,hot,party,jacket,-2
navy,brown,white,casual,tee,trousers,loafers,relaxed,hot,party,long_coat,-2
grey,beige,brown,old_money,oxford,jeans,sandals,oversized,hot,party,jacket,0
grey,white,grey,streetwear,henley,jeans,sandals,oversized,mild,party,long_coat,0
white,black,black,streetwear,oxford,trousers,sandals,regular,hot,business,jacket,-2
beige,black,grey,casual,polo,trousers,sneakers,regular,hot,business,jacket,-2
white,beige,beige,old_money,dress_shirt,chinos,boots,oversized,mild,party,jacket,2
navy,grey,black,minimal,polo,trousers,sandals,regular,hot,university,none,0
black,beige,white,formal,oxford,jeans,loafers,relaxed,mild,business,none,0
navy,white,navy,minimal,oxford,trousers,sneakers,relaxed,mild,university,coat,0
black,white,navy,streetwear,tee,jeans,sneakers,oversized,mild,party,none,0
beige,black,beige,formal,tee,jeans,sandals,oversized,hot,university,coat,-2
brown,beige,navy,formal,dress_shirt,jeans,boots,relaxed,hot,university,coat,-1
white,black,grey,old_money,henley,chinos,boots,slim,cold,business,none,-2
black,black,white,minimal,oxford,trousers,boots,oversized,cold,date,coat,1
black,black,grey,formal,dress_shirt,chinos,boots,oversized,hot,date,jacket,-1
black,beige,grey,casual,oxford,trousers,sneakers,relaxed,hot,party,coat,-2
grey,brown,navy,formal,oxford,shorts,sandals,regular,mild,party,jacket,2
grey,black,brown,streetwear,polo,jeans,boots,regular,cold,business,long_coat,0
brown,navy,black,minimal,polo,jeans,boots,oversized,hot,business,none,0
grey,black,grey,formal,oxford,chinos,sandals,oversized,mild,business,jacket,0
navy,brown,brown,casual,oxford,jeans,boots,slim,mild,university,none,0
grey,navy,grey,streetwear,dress_shirt,jeans,sneakers,relaxed,hot,business,jacket,-2
brown,black,white,formal,dress_shirt,chinos,sneakers,oversized,mild,party,coat,1
brown,beige,beige,formal,tee,jeans,sandals,regular,mild,business,coat,0
grey,black,black,streetwear,henley,shorts,sandals,oversized,cold,business,jacket,-2
brown,white,black,old_money,dress_shirt,shorts,boots,relaxed,mild,date,jacket,2
beige,beige,black,old_money,henley,chinos,boots,regular,mild,business,coat,3
brown,beige,black,formal,dress_shirt,trousers,boots,slim,mild,business,coat,0
white,white,navy,old_money,polo,jeans,sneakers,regular,mild,university,none,3
beige,navy,navy,minimal,oxford,shorts,boots,relaxed,cold,business,jacket,0
grey,black,black,formal,polo,chinos,loafers,oversized,hot,date,long_coat,-2
beige,grey,navy,formal,dress_shirt,trousers,sandals,relaxed,hot,party,coat,0
black,beige,beige,minimal,dress_shirt,chinos,sneakers,oversized,cold,university,none,-2
navy,white,grey,formal,henley,jeans,sandals,oversized,hot,business,long_coat,-2
navy,black,grey,minimal,oxford,jeans,sandals,oversized,mild,party,long_coat,0
white,black,beige,minimal,oxford,trousers,sneakers,regular,hot,university,coat,-2
navy,grey,white,old_money,dress_shirt,jeans,sandals,oversized,hot,university,coat,-2
navy,grey,beige,minimal,polo,jeans,boots,slim,cold,date,jacket,0
white,black,white,minimal,polo,trousers,sneakers,relaxed,cold,university,none,-2
white,grey,brown,casual,henley,shorts,loafers,oversized,mild,party,coat,0
beige,grey,black,formal,dress_shirt,shorts,sneakers,oversized,hot,university,none,0
beige,grey,brown,formal,polo,shorts,boots,regular,hot,party,jacket,-1
white,black,white,casual,polo,chinos,boots,regular,mild,date,coat,0
white,beige,grey,minimal,henley,chinos,loafers,slim,cold,party,long_coat,0
navy,black,white,casual,polo,chinos,loafers,slim,mild,date,long_coat,0
navy,black,grey,formal,oxford,shorts,sneakers,relaxed,mild,party,long_coat,1
beige,white,brown,old_money,polo,chinos,sandals,relaxed,mild,university,none,2
black,navy,black,streetwear,polo,trousers,boots,slim,mild,business,long_coat,0
beige,navy,black,minimal,oxford,shorts,sneakers,oversized,hot,university,none,0
grey,black,grey,casual,polo,shorts,boots,slim,hot,university,jacket,-2
brown,navy,beige,streetwear,henley,jeans,sneakers,relaxed,hot,business,none,0
white,black,navy,old_money,tee,shorts,sneakers,regular,hot,business,none,2
navy,brown,grey,minimal,oxford,trousers,boots,oversized,hot,business,none,0
brown,navy,navy,casual,tee,chinos,loafers,relaxed,mild,date,long_coat,0
white,brown,beige,minimal,dress_shirt,jeans,sneakers,oversized,hot,university,jacket,-2
grey,navy,brown,old_money,oxford,jeans,loafers,relaxed,cold,date,jacket,2
navy,white,brown,formal,oxford,chinos,boots,oversized,cold,date,coat,0
black,grey,navy,formal,oxford,trousers,sandals,regular,hot,party,none,2
white,beige,brown,formal,tee,chinos,boots,slim,mild,university,none,0
white,white,navy,casual,henley,chinos,loafers,regular,cold,date,long_coat,1
grey,brown,beige,formal,tee,shorts,sneakers,slim,hot,university,long_coat,-2
navy,black,black,formal,dress_shirt,shorts,sneakers,slim,mild,date,none,0
grey,brown,black,casual,henley,shorts,sneakers,slim,mild,party,none,0
black,white,grey,formal,henley,chinos,loafers,relaxed,hot,date,none,0
black,navy,grey,casual,tee,jeans,loafers,relaxed,cold,university,coat,0
grey,white,beige,formal,polo,jeans,loafers,relaxed,cold,date,jacket,0
beige,grey,brown,casual,polo,jeans,loafers,regular,mild,university,long_coat,0
black,black,white,casual,oxford,chinos,loafers,relaxed,cold,business,none,-1
white,black,grey,formal,dress_shirt,shorts,boots,regular,mild,university,long_coat,0
beige,beige,black,old_money,tee,chinos,boots,regular,cold,university,coat,3
grey,brown,navy,minimal,dress_shirt,jeans,sandals,relaxed,cold,university,none,-4
black,navy,black,old_money,polo,shorts,sneakers,regular,hot,university,none,2
navy,navy,navy,streetwear,tee,chinos,sneakers,regular,cold,date,jacket,1
white,white,beige,minimal,tee,trousers,loafers,regular,cold,business,long_coat,1
navy,black,white,formal,dress_shirt,jeans,sandals,slim,mild,business,jacket,0
black,grey,navy,casual,henley,shorts,loafers,relaxed,mild,university,none,0
black,navy,grey,formal,oxford,trousers,sneakers,relaxed,mild,party,none,1
white,brown,navy,casual,henley,jeans,loafers,oversized,hot,party,long_coat,-2
brown,black,beige,streetwear,oxford,shorts,sandals,oversized,mild,business,coat,0
black,white,white,minimal,tee,trousers,sandals,slim,cold,date,jacket,-2
white,grey,brown,streetwear,polo,trousers,loafers,regular,mild,party,jacket,0
black,navy,black,formal,dress_shirt,shorts,boots,oversized,cold,date,long_coat,0
black,navy,black,old_money,oxford,shorts,sandals,relaxed,cold,business,none,-2
black,navy,beige,casual,henley,trousers,sneakers,relaxed,mild,university,long_coat,0
grey,beige,brown,streetwear,tee,jeans,sneakers,oversized,mild,business,none,0
beige,brown,beige,formal,polo,chinos,sandals,regular,hot,university,coat,-2
white,black,navy,casual,dress_shirt,jeans,loafers,oversized,cold,university,coat,0
black,brown,grey,casual,henley,shorts,sandals,regular,hot,party,none,0
black,beige,black,formal,tee,shorts,sandals,regular,mild,university,long_coat,0
black,beige,beige,streetwear,tee,jeans,boots,oversized,cold,party,long_coat,0
brown,black,navy,minimal,oxford,trousers,sandals,regular,mild,date,coat,0
beige,beige,beige,minimal,dress_shirt,trousers,sandals,regular,hot,university,none,1
navy,navy,beige,streetwear,tee,chinos,boots,slim,hot,business,jacket,-1
white,brown,white,old_money,dress_shirt,chinos,boots,slim,hot,business,long_coat,-2
beige,white,grey,formal,oxford,shorts,boots,slim,cold,date,coat,0
white,navy,beige,minimal,oxford,jeans,sandals,oversized,mild,date,coat,0
brown,navy,navy,formal,polo,jeans,boots,relaxed,hot,university,long_coat,-1
white,white,navy,casual,oxford,chinos,loafers,oversized,hot,business,long_coat,-1
brown,brown,brown,old_money,oxford,shorts,loafers,slim,mild,university,long_coat,3
white,beige,brown,casual,henley,chinos,sneakers,regular,mild,party,coat,0
black,black,black,formal,oxford,shorts,sandals,regular,cold,business,long_coat,-1
grey,navy,brown,streetwear,polo,chinos,boots,oversized,cold,date,long_coat,0
brown,white,white,old_money,polo,chinos,boots,relaxed,hot,business,long_coat,-2
grey,beige,grey,casual,dress_shirt,trousers,boots,slim,cold,party,coat,0
beige,white,grey,minimal,henley,jeans,sandals,oversized,hot,university,jacket,-2
beige,white,black,minimal,dress_shirt,trousers,sneakers,regular,mild,business,coat,0
navy,brown,brown,minimal,henley,shorts,loafers,relaxed,cold,business,coat,0
white,brown,black,minimal,dress_shirt,trousers,loafers,regular,cold,university,coat,0
navy,beige,navy,streetwear,polo,trousers,loafers,relaxed,hot,date,coat,-2
white,grey,brown,casual,dress_shirt,shorts,boots,slim,cold,date,jacket,0
white,brown,grey,old_money,oxford,shorts,sandals,oversized,mild,party,coat,0
beige,black,white,casual,tee,trousers,boots,oversized,cold,party,long_coat,0
navy,black,beige,old_money,dress_shirt,jeans,loafers,slim,cold,party,coat,2
grey,white,grey,streetwear,tee,chinos,boots,regular,cold,party,none,-2
black,navy,brown,streetwear,oxford,shorts,loafers,oversized,cold,party,long_coat,0
brown,grey,navy,formal,henley,shorts,loafers,regular,mild,business,long_coat,1
black,brown,brown,streetwear,dress_shirt,chinos,sneakers,relaxed,mild,date,jacket,0
navy,navy,white,minimal,tee,shorts,boots,slim,cold,business,none,-1
brown,white,brown,casual,dress_shirt,trousers,sandals,relaxed,mild,university,long_coat,0
brown,white,navy,streetwear,oxford,chinos,sneakers,slim,hot,business,jacket,-2
black,black,navy,casual,tee,chinos,sandals,oversized,cold,business,jacket,-2
brown,beige,brown,streetwear,polo,jeans,loafers,relaxed,hot,university,long_coat,-2
navy,navy,grey,old_money,tee,jeans,sandals,oversized,mild,university,jacket,1
grey,black,white,formal,oxford,jeans,boots,relaxed,hot,party,none,1
black,white,beige,minimal,dress_shirt,chinos,loafers,slim,mild,date,coat,0
grey,beige,white,old_money,henley,trousers,loafers,slim,hot,party,none,0
beige,grey,white,old_money,dress_shirt,jeans,loafers,slim,mild,business,long_coat,0
white,brown,beige,casual,henley,shorts,loafers,regular,cold,party,none,-2
navy,brown,black,casual,dress_shirt,shorts,loafers,regular,mild,party,coat,0
beige,grey,white,formal,henley,chinos,boots,regular,hot,business,long_coat,-2
navy,white,brown,old_money,polo,chinos,sneakers,relaxed,cold,business,coat,2
grey,beige,white,minimal,polo,jeans,sneakers,regular,hot,party,coat,-2
brown,grey,white,casual,dress_shirt,shorts,sneakers,slim,mild,date,long_coat,0
beige,black,navy,old_money,henley,chinos,loafers,slim,hot,date,jacket,0
grey,beige,brown,minimal,henley,shorts,boots,slim,cold,business,coat,0
brown,navy,black,formal,polo,chinos,sneakers,oversized,cold,business,jacket,0
navy,navy,black,old_money,henley,jeans,loafers,oversized,mild,date,jacket,3
grey,black,brown,old_money,tee,shorts,loafers,relaxed,mild,party,coat,2
white,navy,white,minimal,tee,chinos,sneakers,relaxed,mild,date,coat,0
grey,brown,beige,casual,tee,trousers,sneakers,slim,hot,university,jacket,-2
grey,white,black,casual,polo,chinos,sneakers,relaxed,hot,business,long_coat,-2
brown,black,brown,streetwear,henley,shorts,sneakers,oversized,hot,university,long_coat,-2
beige,white,white,streetwear,tee,jeans,loafers,slim,cold,party,jacket,0
white,black,brown,streetwear,henley,trousers,sandals,slim,cold,date,long_coat,-2
black,grey,white,minimal,polo,shorts,sneakers,regular,hot,date,none,0
white,navy,black,old_money,polo,shorts,loafers,relaxed,mild,university,jacket,2
white,black,brown,formal,henley,trousers,boots,slim,hot,university,jacket,-2
white,white,beige,formal,henley,trousers,sandals,oversized,mild,university,none,1
beige,brown,black,old_money,tee,trousers,sandals,regular,cold,date,jacket,0
white,black,grey,casual,oxford,shorts,sandals,slim,mild,party,none,0
beige,white,white,formal,dress_shirt,chinos,sandals,slim,mild,date,long_coat,0
grey,grey,grey,streetwear,oxford,trousers,sneakers,relaxed,mild,business,jacket,1
grey,white,brown,casual,polo,jeans,sandals,slim,mild,university,none,0
white,navy,navy,formal,dress_shirt,shorts,loafers,regular,cold,university,coat,1
beige,white,white,minimal,tee,chinos,sneakers,regular,mild,date,jacket,0
black,navy,beige,minimal,henley,chinos,boots,slim,hot,party,none,0
beige,navy,navy,streetwear,oxford,trousers,boots,slim,cold,business,long_coat,0
black,beige,navy,streetwear,oxford,jeans,sandals,oversized,cold,date,coat,-2
beige,navy,navy,casual,oxford,jeans,sandals,regular,cold,university,coat,-2
beige,grey,brown,minimal,polo,trousers,sneakers,slim,cold,business,coat,0
beige,brown,beige,streetwear,dress_shirt,shorts,loafers,oversized,cold,business,coat,0
black,beige,black,formal,tee,trousers,loafers,regular,hot,party,coat,-1
black,white,grey,formal,henley,jeans,sneakers,oversized,hot,business,long_coat,-2
navy,grey,black,casual,dress_shirt,chinos,boots,oversized,cold,party,long_coat,0
brown,beige,beige,formal,henley,trousers,boots,oversized,cold,university,long_coat,0
white,beige,grey,streetwear,dress_shirt,trousers,boots,slim,cold,university,none,-2
brown,grey,beige,streetwear,tee,chinos,boots,relaxed,hot,date,coat,-2
beige,beige,white,formal,oxford,jeans,boots,oversized,mild,university,long_coat,1
white,grey,grey,casual,tee,shorts,sneakers,regular,hot,business,none,-1
black,black,grey,old_money,henley,chinos,boots,oversized,cold,business,jacket,1
white,white,beige,formal,tee,jeans,loafers,relaxed,mild,party,none,2
white,beige,black,formal,henley,trousers,sneakers,slim,cold,business,none,-2
black,brown,navy,old_money,tee,jeans,sneakers,regular,mild,business,long_coat,2
white,white,beige,casual,henley,shorts,loafers,relaxed,cold,university,long_coat,1
white,black,black,formal,polo,shorts,boots,relaxed,cold,party,jacket,1
navy,white,white,formal,henley,chinos,sneakers,oversized,hot,date,jacket,-2
black,grey,brown,old_money,polo,jeans,boots,relaxed,mild,business,jacket,2
beige,black,grey,minimal,oxford,trousers,sandals,slim,mild,business,long_coat,0
navy,navy,brown,streetwear,henley,jeans,sneakers,slim,hot,date,coat,-1
grey,white,beige,old_money,oxford,trousers,loafers,slim,cold,business,long_coat,2
navy,black,beige,old_money,oxford,trousers,sandals,regular,mild,business,coat,2
grey,beige,beige,minimal,polo,trousers,boots,regular,cold,date,long_coat,0
brown,navy,navy,streetwear,polo,trousers,boots,oversized,hot,party,long_coat,-2
grey,brown,navy,minimal,oxford,shorts,sandals,slim,hot,date,long_coat,-2
navy,beige,grey,streetwear,henley,shorts,loafers,oversized,cold,party,jacket,0
white,navy,brown,casual,polo,trousers,boots,oversized,mild,date,none,0
beige,navy,grey,old_money,dress_shirt,chinos,sneakers,relaxed,hot,university,long_coat,-2
white,white,white,minimal,tee,shorts,loafers,oversized,hot,business,long_coat,-1
beige,brown,navy,streetwear,tee,chinos,sandals,regular,hot,date,none,0
grey,grey,brown,casual,polo,chinos,boots,regular,mild,business,long_coat,1
beige,brown,beige,minimal,polo,trousers,sandals,relaxed,hot,university,long_coat,-2
beige,beige,beige,minimal,tee,jeans,boots,regular,hot,date,coat,-1
grey,white,navy,old_money,dress_shirt,jeans,loafers,relaxed,hot,party,none,2
black,black,grey,old_money,tee,trousers,boots,oversized,cold,university,jacket,1
grey,brown,navy,streetwear,polo,chinos,boots,regular,hot,date,jacket,-2
white,grey,black,minimal,tee,trousers,boots,oversized,cold,party,coat,0
grey,white,black,casual,henley,trousers,sneakers,relaxed,mild,university,long_coat,0
grey,beige,navy,casual,oxford,jeans,sneakers,relaxed,mild,party,coat,0
navy,navy,navy,streetwear,tee,shorts,sneakers,relaxed,mild,party,coat,1
grey,brown,navy,streetwear,tee,shorts,sandals,oversized,cold,date,none,-4
beige,navy,white,casual,polo,jeans,loafers,relaxed,cold,business,coat,0
beige,grey,brown,minimal,dress_shirt,shorts,sneakers,oversized,mild,date,coat,0
navy,navy,grey,minimal,henley,shorts,sneakers,relaxed,mild,business,none,1
beige,grey,navy,old_money,henley,shorts,sneakers,oversized,hot,business,none,2
black,beige,brown,old_money,oxford,shorts,sneakers,relaxed,hot,business,jacket,0
brown,brown,beige,minimal,tee,jeans,loafers,regular,cold,university,coat,1
navy,black,brown,old_money,polo,jeans,boots,slim,mild,university,none,2
brown,grey,beige,minimal,oxford,trousers,loafers,relaxed,mild,date,long_coat,0
grey,black,navy,minimal,tee,shorts,sneakers,slim,cold,party,jacket,0
white,white,white,casual,henley,trousers,sneakers,relaxed,hot,party,long_coat,-1
navy,white,brown,formal,polo,chinos,loafers,regular,hot,party,long_coat,-1
navy,black,brown,streetwear,oxford,shorts,sandals,oversized,mild,party,none,0
beige,navy,brown,old_money,tee,jeans,loafers,regular,cold,party,jacket,2
grey,beige,navy,old_money,polo,jeans,sandals,relaxed,mild,university,none,2
white,white,black,minimal,tee,trousers,sneakers,oversized,mild,date,none,1
navy,white,brown,old_money,polo,trousers,sandals,slim,hot,date,jacket,0
grey,grey,brown,old_money,dress_shirt,shorts,sandals,relaxed,cold,university,jacket,1
navy,grey,navy,minimal,dress_shirt,chinos,boots,oversized,hot,date,long_coat,-2
white,white,navy,streetwear,tee,trousers,sneakers,regular,cold,party,jacket,1
grey,beige,navy,old_money,tee,jeans,boots,slim,mild,university,none,2
grey,white,navy,formal,dress_shirt,trousers,sandals,relaxed,hot,business,coat,-1
navy,grey,beige,old_money,tee,trousers,boots,relaxed,hot,date,coat,0
navy,beige,beige,casual,tee,jeans,loafers,slim,hot,date,coat,-2
navy,navy,beige,casual,dress_shirt,shorts,sneakers,relaxed,cold,date,jacket,1
grey,beige,navy,streetwear,tee,shorts,sandals,slim,cold,date,coat,-2
navy,black,black,minimal,henley,shorts,loafers,slim,cold,date,jacket,0
grey,grey,black,minimal,tee,chinos,sneakers,oversized,cold,university,none,-1
black,grey,black,casual,oxford,jeans,boots,relaxed,cold,business,long_coat,0
brown,beige,beige,formal,tee,trousers,sneakers,regular,mild,date,coat,0
brown,grey,navy,minimal,tee,shorts,loafers,oversized,mild,business,none,0
brown,beige,white,casual,henley,chinos,sandals,oversized,hot,business,none,0
black,brown,brown,minimal,tee,shorts,loafers,regular,mild,party,long_coat,0
white,beige,black,old_money,polo,chinos,sandals,slim,mild,university,none,2
grey,beige,grey,minimal,henley,shorts,loafers,oversized,hot,date,long_coat,-2
brown,grey,brown,casual,polo,trousers,sandals,regular,mild,university,long_coat,0
navy,grey,brown,formal,oxford,trousers,loafers,relaxed,hot,party,none,1
black,navy,grey,streetwear,henley,jeans,sneakers,slim,mild,university,jacket,0
black,black,grey,minimal,henley,shorts,boots,relaxed,cold,business,jacket,1
brown,navy,brown,streetwear,dress_shirt,chinos,sneakers,regular,mild,party,none,0
black,beige,black,formal,henley,trousers,sandals,relaxed,mild,party,long_coat,1
grey,brown,grey,old_money,tee,chinos,sandals,regular,cold,date,jacket,-2
white,navy,grey,casual,polo,trousers,loafers,oversized,mild,date,none,0
navy,brown,white,streetwear,tee,shorts,sandals,relaxed,cold,date,none,-4
navy,grey,navy,streetwear,henley,shorts,loafers,regular,mild,business,coat,0
white,beige,beige,old_money,dress_shirt,jeans,sandals,relaxed,hot,date,none,2
beige,brown,brown,streetwear,dress_shirt,trousers,sneakers,oversized,cold,business,jacket,0
black,beige,black,streetwear,polo,jeans,boots,relaxed,mild,date,none,0
beige,black,grey,casual,polo,shorts,boots,regular,cold,business,coat,0
grey,white,black,minimal,henley,jeans,sneakers,regular,cold,date,none,-2
white,beige,white,formal,polo,shorts,boots,regular,cold,university,none,-2
black,white,grey,streetwear,henley,shorts,loafers,regular,hot,business,none,0
beige,navy,grey,casual,polo,chinos,loafers,slim,cold,date,jacket,0
black,brown,black,casual,henley,shorts,boots,oversized,cold,business,coat,0
beige,navy,beige,old_money,polo,shorts,boots,oversized,cold,business,jacket,2
grey,black,grey,formal,oxford,trousers,loafers,relaxed,cold,party,long_coat,1
navy,black,brown,minimal,oxford,jeans,sandals,slim,hot,university,coat,-2
white,grey,beige,old_money,henley,chinos,boots,regular,mild,party,coat,2
black,white,beige,streetwear,polo,chinos,sneakers,slim,hot,business,jacket,-2
black,white,black,streetwear,henley,trousers,loafers,oversized,mild,business,long_coat,0
white,grey,brown,casual,polo,shorts,loafers,relaxed,hot,date,none,0
white,white,beige,minimal,henley,jeans,sandals,relaxed,cold,date,long_coat,-1
grey,black,beige,old_money,tee,jeans,loafers,oversized,cold,business,long_coat,2
black,grey,grey,formal,dress_shirt,jeans,boots,relaxed,cold,party,coat,1
black,brown,grey,casual,dress_shirt,shorts,loafers,relaxed,mild,university,jacket,0
brown,beige,brown,formal,tee,jeans,boots,relaxed,hot,university,none,0
white,navy,navy,formal,henley,shorts,sneakers,relaxed,mild,date,coat,1
brown,navy,black,casual,henley,jeans,loafers,relaxed,cold,business,none,-2
white,brown,brown,streetwear,tee,chinos,sneakers,relaxed,mild,party,long_coat,0
beige,navy,black,streetwear,oxford,jeans,sandals,oversized,hot,date,none,0
navy,beige,beige,casual,oxford,shorts,loafers,regular,cold,university,coat,0
navy,black,black,minimal,tee,jeans,loafers,slim,mild,university,none,0
grey,brown,navy,old_money,tee,shorts,sandals,relaxed,hot,business,long_coat,0
brown,beige,grey,minimal,polo,shorts,sandals,relaxed,cold,university,none,-4
brown,grey,brown,casual,tee,chinos,loafers,slim,cold,date,coat,0
white,brown,black,minimal,tee,chinos,boots,relaxed,mild,date,none,0
white,brown,black,old_money,henley,jeans,boots,oversized,cold,party,jacket,2
beige,black,brown,streetwear,dress_shirt,chinos,loafers,slim,hot,party,none,0
black,grey,brown,casual,polo,trousers,boots,slim,mild,business,long_coat,0
white,beige,navy,minimal,tee,shorts,sandals,slim,cold,date,coat,-2
grey,white,white,minimal,polo,jeans,loafers,slim,cold,university,long_coat,0
grey,beige,black,old_money,polo,trousers,boots,slim,mild,date,jacket,2
grey,navy,navy,streetwear,dress_shirt,jeans,sneakers,regular,mild,party,jacket,0
black,brown,grey,old_money,tee,trousers,sneakers,relaxed,hot,university,jacket,-2
brown,grey,brown,old_money,oxford,jeans,sandals,relaxed,cold,business,none,-2
grey,white,black,old_money,dress_shirt,shorts,sneakers,slim,cold,party,jacket,2
white,brown,grey,casual,polo,chinos,sneakers,oversized,cold,party,coat,0
white,grey,brown,streetwear,polo,jeans,boots,oversized,cold,business,none,-2
black,grey,brown,old_money,oxford,trousers,boots,oversized,mild,university,jacket,2
grey,navy,black,casual,oxford,jeans,loafers,slim,hot,party,none,0
grey,white,black,minimal,oxford,trousers,sneakers,oversized,cold,university,jacket,0
beige,brown,navy,formal,henley,trousers,sneakers,regular,cold,university,jacket,1
white,black,black,formal,polo,trousers,loafers,slim,mild,university,coat,0
beige,white,beige,streetwear,dress_shirt,trousers,sandals,regular,cold,party,none,-4
white,beige,navy,formal,oxford,shorts,sandals,regular,hot,business,jacket,-1
navy,grey,white,formal,polo,chinos,sandals,oversized,cold,university,jacket,-2
grey,white,beige,formal,oxford,jeans,loafers,relaxed,mild,university,none,0
grey,white,navy,casual,polo,shorts,sneakers,regular,mild,university,jacket,0
brown,black,beige,casual,henley,jeans,loafers,relaxed,hot,business,coat,-2
beige,brown,black,streetwear,tee,chinos,sandals,oversized,cold,party,jacket,-2
navy,brown,beige,casual,henley,trousers,loafers,oversized,mild,party,long_coat,0
navy,beige,beige,streetwear,tee,jeans,sandals,slim,mild,date,long_coat,0
black,white,navy,casual,oxford,trousers,sneakers,oversized,cold,university,none,-2
navy,grey,beige,casual,henley,shorts,loafers,regular,cold,university,jacket,0
black,navy,beige,casual,tee,jeans,sandals,relaxed,hot,party,none,0
beige,navy,white,formal,tee,shorts,loafers,regular,hot,party,jacket,-1
brown,brown,beige,formal,tee,jeans,sandals,regular,mild,party,jacket,2
black,white,navy,streetwear,dress_shirt,shorts,loafers,slim,mild,party,long_coat,0
brown,grey,brown,minimal,oxford,jeans,boots,oversized,cold,business,none,-2
navy,black,navy,minimal,polo,trousers,loafers,oversized,mild,party,none,0
black,beige,grey,streetwear,oxford,shorts,boots,regular,hot,university,coat,-2
white,navy,beige,minimal,polo,jeans,boots,slim,mild,date,coat,0
beige,white,brown,minimal,polo,trousers,sandals,oversized,mild,university,coat,0
navy,brown,grey,minimal,polo,trousers,sneakers,regular,hot,business,none,0
navy,brown,navy,formal,tee,chinos,sneakers,regular,mild,university,long_coat,1
grey,black,brown,streetwear,henley,jeans,boots,slim,mild,party,jacket,0
black,black,grey,formal,oxford,chinos,sneakers,oversized,mild,business,jacket,1
navy,white,beige,old_money,tee,trousers,sneakers,slim,hot,party,coat,0
brown,brown,white,streetwear,polo,trousers,sandals,regular,mild,business,long_coat,1
beige,grey,beige,casual,dress_shirt,trousers,sandals,slim,cold,university,jacket,-2
black,black,black,minimal,polo,chinos,boots,relaxed,mild,party,coat,1
beige,black,white,formal,oxford,chinos,sandals,slim,cold,university,coat,-2
black,beige,black,formal,tee,jeans,sneakers,relaxed,mild,party,coat,1
beige,grey,beige,minimal,polo,jeans,sandals,slim,mild,party,coat,0
beige,beige,black,minimal,dress_shirt,chinos,loafers,oversized,mild,date,long_coat,1
beige,brown,grey,minimal,polo,chinos,boots,regular,mild,party,coat,0
black,beige,black,minimal,tee,trousers,loafers,regular,mild,date,jacket,0
grey,brown,grey,streetwear,henley,shorts,sneakers,relaxed,mild,business,jacket,0
black,navy,brown,streetwear,oxford,trousers,sneakers,oversized,mild,university,jacket,0
grey,navy,black,minimal,tee,trousers,loafers,regular,cold,university,coat,0
beige,grey,grey,minimal,tee,jeans,sandals,relaxed,cold,business,long_coat,-2
navy,grey,black,old_money,tee,trousers,boots,slim,mild,business,coat,2
black,black,beige,formal,polo,jeans,boots,slim,hot,party,coat,0
white,white,black,formal,polo,trousers,sneakers,regular,mild,date,jacket,1
beige,grey,navy,casual,tee,shorts,boots,regular,hot,party,long_coat,-2
white,white,beige,casual,henley,shorts,boots,slim,hot,date,long_coat,-1
grey,beige,black,streetwear,polo,jeans,loafers,slim,cold,business,jacket,0
black,grey,white,formal,oxford,jeans,boots,oversized,cold,business,long_coat,0
beige,beige,white,old_money,dress_shirt,shorts,loafers,relaxed,mild,party,coat,1
grey,white,white,formal,oxford,chinos,sandals,regular,cold,date,jacket,-2
brown,white,black,formal,henley,shorts,loafers,regular,mild,business,jacket,0
black,white,grey,minimal,tee,shorts,loafers,oversized,cold,party,long_coat,0
white,beige,grey,formal,henley,trousers,sandals,slim,cold,university,coat,-2
navy,white,brown,formal,oxford,chinos,sneakers,oversized,mild,business,none,0
navy,brown,grey,formal,oxford,jeans,loafers,regular,cold,party,long_coat,1
navy,brown,grey,minimal,polo,shorts,boots,oversized,hot,party,long_coat,-2
grey,beige,navy,formal,oxford,chinos,boots,slim,hot,university,long_coat,-1
white,beige,beige,minimal,dress_shirt,shorts,loafers,relaxed,mild,party,coat,0
grey,brown,beige,old_money,dress_shirt,jeans,loafers,relaxed,mild,university,jacket,2
beige,navy,white,casual,oxford,trousers,sneakers,slim,mild,university,coat,0
grey,grey,beige,casual,henley,jeans,sandals,slim,mild,business,long_coat,1
brown,white,white,streetwear,henley,jeans,sandals,oversized,hot,date,long_coat,-2
brown,beige,black,old_money,henley,chinos,boots,regular,cold,date,jacket,2
grey,beige,grey,casual,polo,shorts,sandals,relaxed,cold,party,long_coat,-2
grey,beige,navy,formal,henley,trousers,sandals,regular,hot,university,none,1
beige,black,navy,formal,henley,jeans,boots,oversized,cold,party,long_coat,2
white,black,brown,old_money,polo,jeans,sneakers,oversized,mild,party,none,2
white,white,black,old_money,polo,jeans,sandals,regular,mild,party,coat,3
navy,black,navy,casual,henley,trousers,loafers,oversized,hot,university,none,0
navy,navy,navy,minimal,tee,trousers,sneakers,slim,cold,party,none,-1
navy,beige,brown,formal,tee,chinos,loafers,regular,hot,date,long_coat,-2
white,white,beige,old_money,tee,shorts,sneakers,oversized,cold,party,none,1
black,navy,navy,old_money,henley,chinos,sneakers,regular,hot,university,jacket,0
grey,brown,brown,formal,dress_shirt,jeans,sneakers,regular,mild,party,long_coat,1
navy,grey,brown,formal,dress_shirt,trousers,boots,oversized,mild,business,none,0
white,grey,grey,formal,henley,jeans,sandals,slim,cold,party,coat,-1
grey,white,white,old_money,dress_shirt,jeans,sneakers,relaxed,cold,party,coat,0
navy,brown,beige,old_money,oxford,jeans,sneakers,slim,mild,date,jacket,2
brown,white,beige,minimal,oxford,jeans,sneakers,regular,hot,university,jacket,-2
grey,grey,grey,formal,henley,jeans,sneakers,regular,hot,university,long_coat,-1
navy,brown,white,casual,dress_shirt,jeans,loafers,regular,cold,date,long_coat,0
white,grey,black,minimal,henley,jeans,loafers,relaxed,hot,university,jacket,-2
beige,black,black,casual,oxford,jeans,sandals,slim,cold,date,none,-4
brown,brown,beige,minimal,tee,jeans,loafers,regular,hot,business,long_coat,-1
black,beige,navy,minimal,polo,jeans,sneakers,slim,hot,business,jacket,-2
white,beige,beige,minimal,tee,jeans,loafers,regular,mild,business,jacket,0
black,beige,navy,minimal,dress_shirt,trousers,sneakers,relaxed,mild,date,none,0
black,navy,navy,casual,polo,jeans,boots,oversized,hot,party,none,0
brown,beige,brown,formal,henley,shorts,loafers,oversized,hot,business,none,0
navy,black,grey,old_money,dress_shirt,trousers,loafers,regular,hot,party,coat,-2
grey,black,white,old_money,tee,chinos,loafers,relaxed,mild,university,jacket,0
black,white,black,streetwear,oxford,jeans,sneakers,regular,hot,business,none,0
brown,navy,navy,minimal,tee,chinos,sandals,regular,mild,university,coat,0
navy,brown,brown,streetwear,henley,shorts,sandals,regular,cold,date,jacket,-2
grey,white,navy,minimal,polo,chinos,sneakers,slim,cold,date,jacket,0
white,beige,white,minimal,tee,shorts,sandals,slim,cold,university,none,-4
navy,white,beige,casual,dress_shirt,trousers,loafers,slim,mild,date,coat,0
white,navy,navy,minimal,polo,trousers,loafers,relaxed,mild,business,none,0
brown,grey,navy,formal,tee,jeans,sandals,regular,mild,university,none,1
brown,beige,white,formal,tee,trousers,loafers,slim,mild,party,coat,1
white,beige,brown,old_money,polo,trousers,boots,slim,mild,party,long_coat,2
black,brown,white,formal,tee,trousers,boots,oversized,mild,university,long_coat,0
grey,beige,beige,minimal,oxford,shorts,loafers,regular,mild,university,coat,0
brown,beige,navy,old_money,henley,trousers,loafers,oversized,cold,party,long_coat,2
beige,white,beige,formal,dress_shirt,trousers,sneakers,regular,mild,business,none,0
brown,navy,black,casual,polo,shorts,boots,oversized,hot,university,jacket,-2
white,grey,black,formal,dress_shirt,chinos,loafers,relaxed,hot,business,jacket,-2
black,brown,beige,streetwear,polo,jeans,boots,slim,mild,party,none,0
grey,grey,brown,old_money,oxford,shorts,sneakers,slim,mild,business,none,3
beige,black,brown,casual,polo,shorts,loafers,slim,cold,university,coat,0
navy,beige,navy,minimal,henley,chinos,boots,oversized,mild,university,coat,0
white,grey,beige,old_money,henley,trousers,sneakers,slim,cold,party,coat,2
grey,black,white,casual,dress_shirt,shorts,boots,oversized,hot,party,long_coat,-2
white,black,grey,casual,henley,jeans,boots,regular,mild,date,coat,0
grey,white,beige,formal,henley,trousers,sandals,regular,cold,party,coat,-1
white,grey,white,old_money,oxford,trousers,sneakers,regular,cold,party,none,-2
brown,grey,white,formal,dress_shirt,shorts,loafers,oversized,cold,date,coat,0
navy,navy,navy,old_money,dress_shirt,jeans,sneakers,regular,mild,university,coat,3
navy,white,white,old_money,dress_shirt,shorts,loafers,relaxed,hot,date,jacket,-2
navy,navy,brown,minimal,polo,chinos,sneakers,relaxed,cold,business,none,-1
beige,beige,white,casual,henley,trousers,sandals,relaxed,cold,business,jacket,-1
brown,grey,navy,casual,dress_shirt,shorts,sneakers,regular,mild,date,jacket,0
beige,navy,beige,formal,dress_shirt,chinos,loafers,relaxed,cold,party,none,-1
grey,black,white,streetwear,oxford,chinos,sandals,regular,hot,date,long_coat,-2
brown,brown,black,old_money,oxford,jeans,loafers,relaxed,cold,party,coat,3
navy,grey,grey,minimal,tee,chinos,loafers,oversized,hot,date,long_coat,-2
white,grey,beige,streetwear,dress_shirt,chinos,loafers,slim,mild,party,long_coat,0
white,brown,black,formal,polo,jeans,loafers,relaxed,mild,business,long_coat,0
white,grey,white,old_money,polo,chinos,sandals,oversized,hot,date,long_coat,-2
brown,white,white,old_money,henley,chinos,loafers,regular,cold,party,long_coat,0
white,navy,grey,minimal,henley,chinos,loafers,oversized,cold,party,long_coat,0
beige,navy,brown,streetwear,dress_shirt,chinos,loafers,slim,hot,business,jacket,-2
beige,white,black,casual,oxford,chinos,loafers,oversized,cold,business,jacket,0
white,beige,black,formal,henley,shorts,boots,relaxed,hot,party,coat,-1
brown,brown,beige,minimal,dress_shirt,chinos,loafers,relaxed,cold,university,long_coat,1
black,brown,white,old_money,henley,jeans,loafers,relaxed,mild,date,long_coat,0
white,black,white,streetwear,henley,shorts,sneakers,oversized,hot,party,long_coat,-2
white,navy,white,formal,dress_shirt,chinos,boots,slim,cold,university,long_coat,0
beige,brown,beige,formal,polo,trousers,sneakers,oversized,hot,university,long_coat,-2
navy,beige,beige,minimal,henley,chinos,loafers,relaxed,mild,business,jacket,0
navy,black,black,streetwear,dress_shirt,chinos,sandals,slim,mild,university,long_coat,0
brown,brown,grey,casual,polo,trousers,sneakers,regular,mild,business,none,1
brown,grey,navy,minimal,tee,shorts,sandals,slim,cold,university,coat,-2
black,black,grey,old_money,tee,jeans,sneakers,slim,hot,date,none,1
white,white,navy,minimal,polo,trousers,boots,oversized,mild,party,none,1
black,grey,black,formal,polo,chinos,sneakers,oversized,hot,party,coat,-1
beige,white,navy,old_money,oxford,chinos,loafers,slim,mild,date,jacket,2
black,navy,black,streetwear,henley,shorts,boots,regular,mild,date,none,0
grey,grey,white,minimal,oxford,trousers,boots,regular,mild,business,long_coat,1
white,brown,black,streetwear,polo,shorts,sneakers,slim,mild,university,none,0
brown,beige,white,casual,tee,jeans,sandals,slim,cold,party,coat,-2
brown,beige,brown,old_money,dress_shirt,shorts,sneakers,oversized,hot,university,coat,0
navy,grey,grey,minimal,tee,shorts,sneakers,slim,cold,date,long_coat,0
brown,beige,grey,old_money,oxford,shorts,sneakers,regular,cold,date,jacket,0
brown,black,navy,old_money,henley,chinos,boots,oversized,mild,business,long_coat,2
black,navy,black,old_money,dress_shirt,shorts,loafers,regular,hot,date,long_coat,0
beige,black,grey,casual,dress_shirt,shorts,sandals,relaxed,mild,date,jacket,0
navy,brown,brown,minimal,henley,shorts,loafers,relaxed,hot,university,jacket,-2
grey,brown,white,formal,tee,jeans,boots,regular,hot,business,long_coat,-2
brown,navy,navy,casual,oxford,trousers,sandals,slim,cold,party,jacket,-2
beige,white,beige,streetwear,polo,jeans,loafers,relaxed,hot,date,jacket,-2
navy,grey,beige,formal,oxford,jeans,sneakers,relaxed,mild,university,none,0
black,grey,grey,casual,dress_shirt,trousers,sandals,oversized,mild,date,none,0
beige,black,white,casual,dress_shirt,shorts,loafers,oversized,hot,university,jacket,-2
beige,black,white,minimal,tee,chinos,sandals,relaxed,mild,business,long_coat,0
black,brown,white,old_money,dress_shirt,jeans,loafers,slim,hot,business,none,0
black,white,beige,formal,dress_shirt,jeans,sneakers,oversized,mild,party,long_coat,1
grey,grey,black,casual,oxford,jeans,boots,relaxed,mild,date,jacket,1
navy,black,white,casual,tee,trousers,sneakers,slim,hot,date,coat,-2
grey,grey,black,casual,oxford,shorts,sneakers,regular,cold,university,jacket,1
grey,beige,brown,old_money,tee,chinos,sandals,slim,cold,party,jacket,0
black,grey,black,streetwear,tee,jeans,sandals,regular,mild,university,none,0
beige,brown,white,minimal,tee,chinos,sneakers,slim,cold,business,long_coat,0
white,white,grey,streetwear,dress_shirt,shorts,boots,slim,hot,party,coat,-1
black,grey,brown,streetwear,henley,jeans,sandals,regular,cold,date,none,-4
navy,grey,black,minimal,dress_shirt,jeans,loafers,slim,hot,business,none,0
beige,black,beige,casual,dress_shirt,jeans,sandals,oversized,mild,party,jacket,0
white,grey,brown,streetwear,dress_shirt,jeans,sneakers,regular,mild,date,coat,0
grey,grey,white,casual,tee,trousers,sneakers,slim,cold,party,coat,1
brown,grey,beige,streetwear,henley,jeans,loafers,oversized,mild,business,jacket,0
navy,grey,grey,minimal,dress_shirt,chinos,boots,relaxed,hot,date,coat,-2
beige,grey,navy,streetwear,polo,chinos,boots,regular,cold,university,jacket,0
beige,beige,navy,minimal,dress_shirt,shorts,loafers,oversized,mild,party,long_coat,1
navy,beige,white,old_money,tee,chinos,loafers,oversized,mild,business,jacket,0
navy,white,black,formal,dress_shirt,chinos,sandals,regular,mild,business,long_coat,0
navy,navy,black,minimal,tee,jeans,loafers,slim,cold,party,long_coat,1
grey,white,black,old_money,dress_shirt,shorts,loafers,relaxed,mild,date,jacket,2
navy,brown,grey,old_money,tee,shorts,sneakers,oversized,cold,university,none,-2
white,black,black,old_money,tee,chinos,sneakers,regular,mild,business,coat,2
beige,beige,brown,old_money,henley,chinos,loafers,relaxed,mild,business,jacket,3
black,white,grey,old_money,oxford,shorts,sandals,oversized,mild,university,jacket,0
brown,white,navy,minimal,polo,chinos,sandals,relaxed,hot,date,jacket,-2
white,white,black,minimal,dress_shirt,shorts,loafers,relaxed,mild,date,long_coat,1
brown,brown,black,minimal,oxford,chinos,sneakers,oversized,cold,business,jacket,1
black,navy,brown,casual,henley,shorts,sneakers,slim,cold,party,none,-2
black,grey,black,minimal,dress_shirt,chinos,boots,relaxed,cold,party,none,-2
white,navy,beige,minimal,tee,chinos,sandals,regular,hot,party,coat,-2
navy,grey,brown,old_money,tee,jeans,sandals,slim,mild,business,jacket,2
white,beige,beige,old_money,polo,chinos,loafers,relaxed,cold,university,long_coat,2
white,white,beige,formal,dress_shirt,shorts,sneakers,slim,cold,business,coat,1
brown,white,grey,formal,henley,trousers,sneakers,regular,mild,business,jacket,0
white,brown,beige,minimal,tee,trousers,sneakers,oversized,hot,date,coat,-2
navy,grey,navy,streetwear,henley,shorts,loafers,oversized,cold,date,coat,0
grey,black,black,casual,henley,chinos,loafers,relaxed,cold,party,none,-2
brown,navy,beige,casual,oxford,trousers,sandals,slim,mild,university,jacket,0
white,navy,beige,minimal,tee,chinos,boots,regular,cold,party,long_coat,0
brown,navy,grey,streetwear,dress_shirt,shorts,loafers,relaxed,mild,party,jacket,0
beige,beige,black,formal,tee,trousers,boots,regular,hot,university,long_coat,-1
navy,brown,grey,streetwear,tee,chinos,loafers,slim,hot,date,none,0
white,black,black,minimal,tee,chinos,loafers,relaxed,cold,party,coat,0
navy,black,beige,old_money,henley,trousers,boots,oversized,mild,party,long_coat,2
beige,navy,white,casual,dress_shirt,chinos,sandals,regular,cold,date,coat,-2
navy,navy,white,casual,oxford,shorts,boots,oversized,mild,date,jacket,1
brown,grey,navy,minimal,henley,shorts,sandals,oversized,cold,date,jacket,-2
beige,beige,navy,old_money,henley,jeans,sandals,slim,cold,party,none,-1
white,white,brown,streetwear,henley,shorts,loafers,regular,cold,party,none,-1
grey,black,black,casual,polo,shorts,sandals,relaxed,mild,university,long_coat,0
white,grey,beige,old_money,oxford,shorts,loafers,regular,cold,university,long_coat,2
white,white,grey,casual,polo,chinos,sandals,regular,cold,business,none,-3
brown,beige,white,formal,polo,jeans,sneakers,regular,cold,business,none,-2
black,white,beige,streetwear,dress_shirt,shorts,loafers,relaxed,hot,business,jacket,-2
black,black,navy,casual,henley,shorts,sneakers,regular,mild,university,jacket,1
black,grey,beige,minimal,polo,jeans,sandals,oversized,cold,university,coat,-2
brown,grey,brown,old_money,dress_shirt,trousers,loafers,slim,cold,party,jacket,2
black,grey,white,minimal,oxford,shorts,sandals,relaxed,hot,business,jacket,-2
black,grey,navy,old_money,dress_shirt,trousers,sandals,oversized,mild,business,none,2
grey,beige,navy,minimal,henley,jeans,sandals,oversized,mild,business,long_coat,0
beige,beige,navy,casual,dress_shirt,chinos,sneakers,oversized,hot,business,coat,-1
white,beige,navy,old_money,oxford,shorts,loafers,regular,mild,business,long_coat,2
white,beige,grey,old_money,tee,trousers,boots,slim,mild,business,none,0
beige,navy,white,streetwear,polo,shorts,boots,regular,cold,business,long_coat,0
navy,black,beige,old_money,polo,chinos,boots,regular,hot,party,jacket,0
grey,grey,navy,old_money,henley,trousers,sneakers,slim,mild,party,none,3
grey,brown,navy,minimal,oxford,chinos,sandals,oversized,hot,business,coat,-2
brown,grey,white,old_money,dress_shirt,trousers,sneakers,slim,cold,university,long_coat,0
grey,white,white,old_money,tee,trousers,sneakers,oversized,hot,party,coat,-2
grey,black,brown,streetwear,dress_shirt,chinos,sneakers,oversized,mild,university,long_coat,0
white,grey,white,old_money,henley,jeans,loafers,oversized,hot,party,none,0
navy,beige,brown,formal,dress_shirt,jeans,boots,slim,mild,party,long_coat,1
grey,black,white,formal,tee,shorts,boots,regular,cold,business,none,-2
navy,beige,navy,formal,oxford,shorts,loafers,relaxed,cold,business,none,-1
navy,brown,grey,casual,oxford,chinos,loafers,oversized,hot,date,coat,-2
black,black,navy,formal,dress_shirt,trousers,sneakers,oversized,hot,business,jacket,0
brown,white,grey,minimal,polo,trousers,sneakers,oversized,hot,party,jacket,-2
grey,grey,black,old_money,oxford,trousers,loafers,relaxed,hot,university,coat,1
brown,beige,black,streetwear,polo,jeans,loafers,regular,mild,date,long_coat,0
brown,black,brown,casual,dress_shirt,chinos,loafers,slim,mild,party,jacket,0
white,black,black,old_money,henley,jeans,sneakers,regular,cold,party,long_coat,2
black,white,navy,formal,henley,jeans,boots,relaxed,hot,university,jacket,-1
brown,navy,black,formal,dress_shirt,shorts,sandals,oversized,hot,university,long_coat,-2
white,brown,black,casual,tee,chinos,loafers,regular,cold,business,jacket,-1
navy,white,grey,old_money,dress_shirt,trousers,boots,relaxed,hot,university,none,0
white,grey,white,casual,tee,jeans,boots,relaxed,cold,university,jacket,0
grey,white,navy,old_money,oxford,jeans,sandals,oversized,mild,party,coat,2
white,beige,black,formal,tee,trousers,sneakers,relaxed,mild,party,coat,1
black,grey,brown,formal,oxford,jeans,sandals,slim,mild,university,none,0
black,brown,navy,streetwear,polo,jeans,sandals,slim,hot,party,none,0
grey,beige,navy,formal,tee,chinos,sneakers,oversized,hot,business,none,1
navy,navy,brown,old_money,tee,trousers,sneakers,regular,cold,business,jacket,3
beige,brown,navy,casual,henley,chinos,sandals,slim,hot,date,jacket,-2
black,grey,grey,casual,oxford,trousers,loafers,relaxed,hot,date,none,0
white,grey,black,streetwear,tee,trousers,sneakers,relaxed,mild,date,none,0
black,navy,grey,minimal,oxford,shorts,loafers,relaxed,mild,party,jacket,0
beige,beige,beige,casual,polo,shorts,sneakers,relaxed,mild,university,coat,1
black,white,grey,streetwear,tee,trousers,sneakers,oversized,hot,party,none,0
black,white,brown,streetwear,oxford,chinos,sneakers,slim,cold,date,none,-2
grey,grey,brown,formal,polo,chinos,boots,regular,cold,business,long_coat,1
grey,white,black,casual,tee,chinos,boots,regular,hot,university,jacket,-2
brown,navy,navy,minimal,oxford,trousers,sandals,regular,hot,university,long_coat,-2
grey,navy,grey,casual,oxford,trousers,boots,regular,hot,date,coat,-2
brown,brown,navy,streetwear,oxford,trousers,boots,regular,hot,business,none,1
black,brown,navy,formal,polo,chinos,loafers,slim,hot,business,none,1
navy,brown,beige,streetwear,dress_shirt,chinos,loafers,regular,cold,business,none,-2
beige,white,navy,casual,henley,jeans,sandals,oversized,hot,business,long_coat,-2
brown,black,white,minimal,tee,jeans,sneakers,slim,mild,business,coat,0
brown,navy,navy,casual,henley,shorts,sandals,slim,cold,business,coat,-2
black,black,white,casual,henley,chinos,sandals,slim,hot,business,none,1
grey,white,grey,old_money,dress_shirt,chinos,loafers,relaxed,mild,party,jacket,0
beige,navy,navy,casual,polo,shorts,boots,regular,cold,business,coat,0
grey,black,navy,formal,dress_shirt,shorts,loafers,slim,cold,date,none,-1
white,navy,black,minimal,dress_shirt,jeans,sandals,regular,cold,party,none,-4
brown,grey,white,old_money,dress_shirt,chinos,loafers,slim,hot,party,jacket,-2
grey,brown,brown,casual,dress_shirt,chinos,sneakers,relaxed,hot,business,long_coat,-2
beige,white,beige,formal,polo,trousers,sandals,oversized,hot,university,coat,-2
white,navy,white,streetwear,polo,trousers,sneakers,regular,hot,university,none,0
navy,brown,white,streetwear,oxford,shorts,sneakers,slim,cold,business,jacket,0
white,white,black,formal,oxford,shorts,sandals,regular,mild,business,long_coat,1
navy,white,beige,streetwear,oxford,shorts,sandals,oversized,hot,date,jacket,-2
brown,beige,white,streetwear,dress_shirt,trousers,boots,oversized,hot,date,none,0
brown,white,brown,formal,dress_shirt,shorts,loafers,regular,mild,business,long_coat,0
black,grey,navy,streetwear,tee,shorts,loafers,slim,cold,party,jacket,0
white,navy,white,casual,dress_shirt,jeans,sandals,regular,cold,business,long_coat,-2
white,navy,black,streetwear,oxford,jeans,sandals,oversized,hot,party,none,0
black,black,white,old_money,henley,jeans,boots,oversized,mild,party,coat,1
beige,white,grey,casual,oxford,shorts,boots,oversized,mild,business,long_coat,0
beige,beige,brown,casual,oxford,chinos,boots,oversized,hot,business,long_coat,-1
white,navy,beige,casual,tee,jeans,sneakers,relaxed,hot,date,none,0
beige,white,beige,casual,tee,shorts,sneakers,regular,hot,party,long_coat,-2
grey,brown,navy,streetwear,polo,shorts,sneakers,oversized,mild,date,coat,0
black,black,beige,streetwear,oxford,trousers,sandals,relaxed,cold,date,coat,-1
white,white,grey,casual,polo,jeans,loafers,slim,hot,university,none,1
white,grey,grey,old_money,polo,chinos,sneakers,oversized,cold,university,none,-2
beige,brown,grey,minimal,dress_shirt,trousers,sneakers,oversized,mild,business,none,0
beige,black,beige,formal,oxford,chinos,boots,oversized,cold,business,long_coat,0
navy,navy,black,casual,tee,shorts,loafers,regular,hot,university,jacket,-1
black,navy,navy,old_money,henley,jeans,loafers,oversized,hot,university,long_coat,0
beige,brown,white,casual,tee,jeans,sandals,oversized,hot,business,long_coat,-3
navy,grey,white,streetwear,oxford,jeans,loafers,oversized,mild,party,none,0
black,grey,black,formal,henley,shorts,boots,oversized,cold,date,long_coat,0
white,black,brown,old_money,dress_shirt,jeans,sneakers,regular,hot,business,coat,0
grey,white,brown,formal,henley,chinos,loafers,slim,cold,business,none,-2
white,brown,white,formal,oxford,trousers,boots,relaxed,mild,university,long_coat,0
grey,navy,brown,minimal,dress_shirt,jeans,loafers,regular,hot,business,long_coat,-2
white,beige,beige,minimal,tee,trousers,sandals,relaxed,hot,date,long_coat,-2
brown,navy,grey,casual,polo,shorts,sandals,regular,mild,business,long_coat,0
navy,beige,brown,old_money,dress_shirt,jeans,loafers,relaxed,hot,date,jacket,0
white,grey,navy,formal,henley,jeans,boots,relaxed,hot,university,long_coat,-1
beige,brown,navy,streetwear,polo,jeans,loafers,oversized,cold,university,long_coat,0
beige,navy,black,streetwear,oxford,trousers,boots,slim,mild,university,none,0
black,brown,brown,casual,henley,shorts,sandals,oversized,mild,business,none,0
black,beige,beige,minimal,oxford,chinos,loafers,oversized,mild,party,none,0
navy,beige,brown,old_money,polo,trousers,loafers,slim,hot,date,coat,0
navy,brown,black,minimal,oxford,trousers,loafers,regular,cold,business,none,-2
beige,black,navy,casual,henley,trousers,boots,oversized,mild,party,coat,0
black,navy,brown,old_money,henley,shorts,sneakers,regular,cold,business,long_coat,2
beige,white,navy,minimal,henley,jeans,sneakers,regular,hot,party,long_coat,-2
brown,grey,beige,streetwear,polo,shorts,loafers,oversized,mild,party,coat,0
navy,beige,navy,formal,tee,jeans,sneakers,relaxed,mild,date,none,1
brown,brown,grey,old_money,henley,jeans,sandals,oversized,hot,party,none,1
black,grey,brown,minimal,tee,shorts,sneakers,relaxed,cold,party,long_coat,0
grey,brown,grey,casual,dress_shirt,shorts,loafers,relaxed,cold,date,coat,0
brown,black,grey,old_money,dress_shirt,jeans,loafers,oversized,mild,university,jacket,0
white,beige,white,formal,dress_shirt,trousers,sneakers,regular,cold,date,long_coat,0
navy,beige,navy,old_money,tee,shorts,loafers,relaxed,mild,business,long_coat,2
grey,navy,black,minimal,polo,chinos,sandals,slim,cold,date,coat,-2
grey,beige,brown,formal,tee,chinos,sandals,slim,mild,party,coat,1
grey,beige,black,minimal,oxford,trousers,sneakers,oversized,mild,party,coat,0
brown,brown,grey,formal,polo,jeans,sandals,slim,cold,university,jacket,-1
brown,beige,navy,streetwear,oxford,chinos,sandals,relaxed,mild,university,long_coat,0
beige,brown,beige,old_money,polo,trousers,boots,oversized,hot,business,jacket,0
navy,beige,grey,formal,oxford,jeans,boots,regular,mild,date,coat,0
brown,brown,brown,old_money,henley,chinos,loafers,relaxed,cold,university,none,1
grey,black,black,old_money,polo,jeans,sandals,slim,cold,date,coat,0
white,beige,brown,streetwear,tee,chinos,boots,slim,mild,business,jacket,0
black,beige,grey,minimal,dress_shirt,chinos,sandals,relaxed,cold,university,coat,-2
navy,beige,brown,streetwear,oxford,shorts,sneakers,slim,cold,business,long_coat,0
black,white,white,formal,polo,trousers,sandals,relaxed,cold,date,coat,-2
white,navy,brown,formal,oxford,shorts,sneakers,slim,cold,university,none,-2
black,brown,beige,minimal,henley,jeans,boots,slim,hot,date,jacket,-2
white,brown,beige,old_money,polo,chinos,sandals,regular,hot,date,none,2
black,black,beige,minimal,dress_shirt,jeans,sandals,slim,mild,business,coat,1
grey,white,grey,formal,tee,jeans,sneakers,slim,mild,university,long_coat,0
grey,black,grey,old_money,tee,jeans,sandals,relaxed,hot,university,jacket,-2
brown,brown,navy,old_money,tee,shorts,sandals,oversized,cold,party,jacket,1
brown,beige,white,streetwear,dress_shirt,trousers,loafers,regular,hot,date,coat,-2
beige,white,white,old_money,henley,chinos,sandals,regular,cold,party,none,-4
black,grey,brown,old_money,henley,trousers,sneakers,slim,cold,party,coat,2
navy,white,brown,minimal,oxford,chinos,sandals,regular,cold,university,long_coat,-2
grey,white,brown,casual,henley,jeans,loafers,oversized,hot,business,long_coat,-2
beige,brown,brown,old_money,dress_shirt,jeans,loafers,oversized,cold,university,jacket,2
black,brown,navy,formal,tee,shorts,sneakers,regular,hot,business,coat,-1
black,beige,navy,minimal,polo,trousers,sandals,oversized,cold,date,jacket,-2
beige,black,black,casual,henley,trousers,loafers,oversized,hot,university,long_coat,-2
grey,black,black,old_money,tee,jeans,boots,oversized,cold,business,long_coat,2
black,brown,brown,minimal,henley,trousers,loafers,relaxed,mild,party,none,0
grey,white,navy,old_money,oxford,chinos,loafers,slim,cold,party,none,0
grey,white,beige,minimal,polo,jeans,loafers,oversized,hot,business,none,0
grey,navy,white,old_money,henley,jeans,boots,regular,mild,date,coat,0
navy,brown,brown,casual,tee,trousers,boots,relaxed,cold,business,coat,-1
navy,navy,navy,minimal,tee,jeans,sneakers,slim,mild,party,coat,1
beige,white,beige,casual,dress_shirt,chinos,sneakers,regular,mild,business,coat,0
grey,black,beige,streetwear,oxford,chinos,boots,oversized,cold,university,none,-2
white,white,grey,formal,tee,chinos,boots,oversized,hot,party,coat,0
beige,white,grey,formal,tee,jeans,loafers,regular,mild,party,jacket,1
white,beige,white,streetwear,tee,shorts,boots,oversized,mild,university,jacket,0
navy,brown,white,casual,polo,chinos,loafers,oversized,mild,date,coat,0
grey,grey,black,formal,tee,jeans,sandals,oversized,mild,business,none,1
black,navy,beige,formal,dress_shirt,trousers,loafers,regular,mild,business,jacket,0
brown,brown,beige,formal,dress_shirt,shorts,sandals,relaxed,cold,party,none,-2
grey,grey,beige,minimal,oxford,trousers,boots,oversized,mild,university,jacket,1
beige,grey,black,old_money,polo,trousers,sneakers,oversized,mild,business,long_coat,2
black,navy,black,minimal,oxford,chinos,loafers,relaxed,cold,date,jacket,0
grey,black,grey,minimal,tee,chinos,sandals,oversized,mild,date,jacket,0
white,black,brown,formal,tee,chinos,sneakers,oversized,cold,party,coat,1
white,brown,beige,minimal,henley,shorts,sneakers,relaxed,mild,business,jacket,0
beige,beige,grey,streetwear,tee,shorts,boots,slim,cold,university,jacket,1
navy,white,brown,old_money,henley,chinos,boots,oversized,cold,party,jacket,2
navy,black,white,formal,oxford,chinos,sneakers,oversized,cold,date,jacket,0
brown,brown,black,casual,polo,shorts,sneakers,oversized,cold,business,none,-1
navy,white,grey,formal,dress_shirt,jeans,boots,relaxed,cold,business,long_coat,0
grey,navy,navy,old_money,oxford,chinos,boots,relaxed,hot,business,long_coat,0
brown,white,brown,casual,tee,jeans,loafers,regular,mild,business,long_coat,-1
black,white,brown,formal,polo,shorts,sneakers,slim,cold,party,long_coat,1
brown,black,white,casual,henley,shorts,boots,oversized,cold,party,long_coat,0
beige,beige,navy,streetwear,oxford,chinos,sneakers,oversized,hot,date,none,1
brown,grey,black,casual,tee,jeans,sandals,regular,cold,date,long_coat,-2
black,brown,black,casual,dress_shirt,shorts,loafers,relaxed,cold,business,coat,0
grey,white,navy,formal,polo,chinos,sneakers,regular,cold,date,none,-1
beige,navy,grey,formal,henley,chinos,boots,relaxed,hot,university,none,0
white,white,brown,streetwear,oxford,trousers,loafers,oversized,hot,party,long_coat,-1
white,white,white,old_money,dress_shirt,chinos,sandals,relaxed,mild,business,jacket,1
black,grey,black,minimal,oxford,chinos,boots,oversized,cold,party,coat,0
white,brown,navy,minimal,henley,shorts,boots,slim,mild,university,long_coat,0
white,navy,white,minimal,polo,jeans,sandals,regular,hot,party,coat,-2
black,white,black,formal,polo,chinos,loafers,oversized,mild,date,long_coat,0
black,black,brown,old_money,dress_shirt,shorts,loafers,relaxed,hot,business,coat,1
beige,white,black,old_money,polo,jeans,boots,regular,cold,business,coat,2
grey,navy,black,streetwear,tee,chinos,boots,regular,hot,party,none,0
beige,grey,black,casual,tee,chinos,boots,regular,cold,university,jacket,0
white,navy,grey,casual,polo,trousers,sandals,oversized,mild,party,coat,0
brown,grey,brown,minimal,oxford,jeans,boots,relaxed,hot,university,none,0
brown,white,brown,minimal,polo,shorts,sandals,slim,mild,university,coat,0
navy,black,grey,old_money,oxford,jeans,sneakers,regular,hot,date,jacket,-2
grey,brown,beige,casual,oxford,jeans,boots,slim,hot,party,none,0
grey,navy,black,streetwear,dress_shirt,trousers,boots,regular,cold,party,none,-2
white,white,grey,streetwear,henley,shorts,sandals,regular,cold,business,jacket,-1
navy,white,brown,formal,henley,chinos,loafers,relaxed,mild,university,jacket,0
grey,brown,beige,minimal,tee,shorts,sandals,oversized,mild,business,long_coat,0
navy,grey,black,minimal,tee,jeans,sneakers,oversized,hot,date,coat,-2
navy,black,navy,streetwear,tee,shorts,sneakers,relaxed,hot,date,jacket,-2
grey,white,grey,old_money,oxford,trousers,sandals,oversized,cold,university,long_coat,-2
navy,brown,beige,formal,polo,chinos,sneakers,oversized,cold,business,coat,0
navy,brown,brown,minimal,oxford,chinos,sandals,relaxed,mild,business,jacket,0
beige,black,grey,old_money,polo,jeans,sneakers,slim,cold,university,none,-2
grey,grey,grey,casual,dress_shirt,shorts,sandals,slim,cold,business,long_coat,-1
white,navy,navy,formal,tee,chinos,sneakers,regular,mild,university,none,1
beige,brown,navy,streetwear,oxford,shorts,boots,relaxed,mild,date,coat,0
brown,navy,brown,streetwear,tee,jeans,boots,relaxed,mild,business,none,0
white,black,grey,casual,polo,chinos,loafers,regular,cold,business,jacket,0
black,beige,navy,old_money,henley,chinos,loafers,relaxed,cold,business,none,0
brown,brown,grey,streetwear,polo,trousers,sandals,oversized,cold,business,jacket,-1
grey,grey,navy,formal,henley,jeans,loafers,slim,hot,university,none,2
black,beige,grey,minimal,henley,trousers,sandals,relaxed,mild,party,none,0
grey,black,black,streetwear,henley,chinos,sandals,slim,cold,date,jacket,-2
grey,black,brown,formal,dress_shirt,jeans,sandals,slim,mild,university,none,0
beige,navy,navy,formal,henley,shorts,sandals,relaxed,mild,business,jacket,1
brown,black,white,streetwear,oxford,shorts,loafers,slim,mild,date,jacket,0
brown,black,navy,old_money,oxford,shorts,boots,relaxed,cold,date,coat,2
white,brown,beige,old_money,tee,chinos,boots,relaxed,hot,university,none,2
black,brown,beige,casual,polo,chinos,loafers,relaxed,cold,date,none,-2
beige,white,brown,minimal,dress_shirt,jeans,sandals,regular,mild,party,jacket,0
grey,white,grey,old_money,oxford,trousers,sandals,oversized,hot,party,jacket,-2
beige,grey,grey,streetwear,tee,trousers,boots,oversized,mild,date,jacket,0
grey,beige,beige,casual,henley,jeans,sneakers,slim,mild,party,jacket,0
navy,grey,brown,formal,polo,jeans,sandals,regular,mild,date,none,0
beige,white,white,streetwear,polo,shorts,boots,relaxed,cold,party,none,-2
brown,black,black,minimal,polo,shorts,loafers,relaxed,cold,business,jacket,0
beige,white,beige,formal,polo,trousers,boots,oversized,hot,university,coat,-2
navy,grey,brown,streetwear,polo,shorts,sneakers,regular,mild,date,coat,0
beige,beige,navy,formal,henley,chinos,sandals,oversized,cold,party,jacket,1
beige,beige,grey,formal,dress_shirt,shorts,sandals,slim,hot,date,none,1
white,brown,white,streetwear,oxford,chinos,loafers,slim,cold,business,none,-2
brown,brown,grey,old_money,dress_shirt,jeans,loafers,regular,mild,business,coat,1
white,navy,black,streetwear,oxford,trousers,sandals,oversized,cold,date,none,-4
navy,navy,navy,formal,oxford,shorts,loafers,slim,hot,business,none,2
black,navy,beige,formal,henley,trousers,sandals,relaxed,mild,date,long_coat,0
white,navy,black,streetwear,dress_shirt,jeans,boots,regular,hot,party,long_coat,-2
beige,navy,black,old_money,henley,shorts,sandals,regular,mild,business,none,2
beige,brown,navy,old_money,oxford,trousers,boots,regular,hot,party,none,2
black,navy,grey,formal,tee,shorts,sandals,regular,mild,business,none,0
navy,black,grey,old_money,henley,shorts,boots,oversized,cold,party,long_coat,0
white,grey,grey,casual,oxford,trousers,boots,oversized,mild,business,jacket,0
brown,beige,brown,casual,tee,jeans,sandals,oversized,hot,university,jacket,-2
white,grey,brown,old_money,oxford,jeans,sneakers,slim,cold,business,none,0
navy,white,navy,minimal,tee,trousers,sandals,oversized,hot,business,coat,-2
black,grey,brown,formal,oxford,jeans,boots,relaxed,mild,university,long_coat,0
white,grey,beige,streetwear,polo,chinos,boots,relaxed,hot,date,jacket,-2
navy,grey,navy,old_money,polo,chinos,boots,regular,cold,date,jacket,2
brown,beige,white,minimal,henley,chinos,boots,oversized,mild,party,coat,0
grey,black,grey,casual,tee,shorts,sandals,oversized,mild,date,none,0
white,navy,grey,streetwear,henley,trousers,boots,regular,hot,date,coat,-2
brown,black,grey,streetwear,tee,chinos,sandals,slim,hot,university,long_coat,-2
grey,brown,beige,old_money,polo,chinos,sandals,oversized,hot,party,long_coat,0
navy,beige,beige,streetwear,dress_shirt,shorts,sandals,slim,hot,business,long_coat,-2
black,white,brown,casual,oxford,chinos,boots,regular,hot,date,none,0
navy,grey,white,casual,tee,shorts,sneakers,slim,hot,party,none,0
black,beige,black,minimal,henley,jeans,sandals,slim,cold,date,coat,-2
grey,black,grey,casual,henley,jeans,loafers,oversized,hot,date,coat,-2
grey,white,black,formal,henley,trousers,sandals,relaxed,cold,business,coat,-2
grey,grey,brown,streetwear,oxford,shorts,sneakers,regular,hot,business,jacket,-1
white,navy,navy,streetwear,polo,chinos,sneakers,regular,cold,university,none,-2
grey,black,brown,streetwear,dress_shirt,chinos,sandals,relaxed,cold,business,none,-4
navy,brown,grey,formal,tee,jeans,loafers,slim,hot,date,jacket,-2
brown,grey,black,streetwear,polo,jeans,loafers,oversized,hot,party,jacket,-2
navy,white,black,formal,dress_shirt,chinos,loafers,oversized,hot,party,none,1
navy,black,navy,formal,tee,trousers,boots,regular,cold,university,none,-1
beige,beige,navy,minimal,oxford,jeans,boots,oversized,cold,business,jacket,1
navy,brown,brown,formal,polo,chinos,boots,regular,mild,business,jacket,0
navy,beige,white,streetwear,oxford,chinos,boots,slim,mild,date,coat,0
white,brown,beige,streetwear,polo,trousers,sandals,regular,cold,date,coat,-2
grey,brown,white,old_money,oxford,trousers,sandals,slim,cold,party,jacket,-2
navy,black,grey,old_money,oxford,trousers,sandals,regular,cold,business,none,-4
beige,black,beige,formal,henley,shorts,loafers,oversized,mild,business,coat,0
beige,black,navy,formal,dress_shirt,chinos,sandals,relaxed,hot,university,long_coat,-1
black,black,navy,old_money,tee,shorts,sandals,relaxed,hot,business,coat,1
beige,navy,black,casual,polo,chinos,boots,regular,mild,university,jacket,0
grey,navy,beige,old_money,polo,trousers,sandals,regular,cold,party,long_coat,0
black,white,black,formal,oxford,shorts,sneakers,oversized,cold,university,coat,0
grey,navy,black,formal,dress_shirt,jeans,boots,relaxed,mild,party,jacket,1
black,navy,black,minimal,tee,shorts,sneakers,regular,hot,date,jacket,-2
grey,beige,navy,streetwear,dress_shirt,trousers,sandals,oversized,mild,university,none,0
grey,grey,white,streetwear,polo,jeans,loafers,relaxed,cold,date,jacket,1
beige,grey,beige,casual,polo,shorts,boots,relaxed,mild,university,none,0
brown,brown,black,minimal,oxford,chinos,sandals,relaxed,hot,date,jacket,-1
brown,brown,black,streetwear,dress_shirt,jeans,boots,relaxed,hot,business,jacket,-1
grey,navy,white,casual,polo,chinos,loafers,regular,cold,party,none,-2
grey,beige,brown,streetwear,oxford,shorts,loafers,relaxed,cold,university,coat,0
beige,grey,brown,casual,oxford,jeans,loafers,slim,cold,university,long_coat,0
brown,black,white,formal,henley,shorts,boots,regular,cold,party,long_coat,1
navy,brown,beige,formal,oxford,trousers,loafers,oversized,cold,business,long_coat,0
grey,navy,brown,casual,oxford,chinos,boots,regular,cold,party,none,-2
brown,grey,beige,old_money,dress_shirt,shorts,boots,regular,cold,business,none,0
brown,white,white,old_money,tee,trousers,sandals,oversized,cold,business,coat,-2
black,brown,navy,casual,dress_shirt,chinos,sandals,regular,hot,party,long_coat,-2
white,grey,navy,minimal,polo,shorts,boots,oversized,hot,party,jacket,-2
navy,black,black,formal,dress_shirt,chinos,sneakers,relaxed,mild,university,coat,0
white,navy,white,casual,tee,jeans,sneakers,relaxed,cold,party,long_coat,0
black,navy,black,formal,polo,shorts,sneakers,oversized,cold,business,coat,0
white,white,white,minimal,dress_shirt,jeans,sneakers,relaxed,hot,business,coat,-1
black,navy,beige,old_money,henley,chinos,boots,regular,mild,university,coat,2
white,black,beige,streetwear,tee,chinos,sandals,relaxed,hot,party,jacket,-2
beige,navy,navy,casual,dress_shirt,jeans,sneakers,regular,mild,university,none,0
black,black,brown,old_money,polo,chinos,sneakers,regular,hot,party,coat,1
navy,beige,grey,formal,oxford,chinos,sneakers,relaxed,hot,university,none,0
white,white,navy,streetwear,oxford,shorts,sandals,regular,cold,business,long_coat,-1
black,beige,beige,formal,henley,jeans,sandals,relaxed,hot,business,long_coat,-2
navy,beige,grey,formal,henley,shorts,loafers,slim,mild,date,long_coat,0
brown,grey,brown,formal,henley,trousers,sandals,oversized,mild,business,jacket,0
brown,navy,grey,formal,tee,trousers,sandals,relaxed,cold,university,coat,-2
black,navy,white,old_money,henley,shorts,sandals,regular,hot,university,jacket,-2
grey,white,grey,casual,oxford,jeans,loafers,slim,hot,business,jacket,-2
grey,black,grey,casual,dress_shirt,shorts,sandals,regular,hot,date,none,0
black,white,beige,formal,tee,jeans,boots,relaxed,cold,date,none,-2
black,navy,white,casual,dress_shirt,chinos,sandals,regular,hot,business,long_coat,-2
white,white,beige,formal,polo,jeans,sneakers,slim,cold,party,coat,2
black,brown,beige,casual,henley,shorts,boots,regular,cold,business,jacket,0
white,grey,white,casual,henley,chinos,sneakers,regular,cold,date,jacket,0
white,brown,white,old_money,polo,chinos,loafers,regular,mild,business,coat,0
black,grey,brown,old_money,polo,chinos,boots,oversized,mild,party,coat,2
black,brown,navy,casual,henley,trousers,sandals,slim,mild,business,jacket,0
black,grey,white,streetwear,dress_shirt,jeans,sandals,slim,mild,university,jacket,0
black,brown,black,minimal,oxford,chinos,boots,slim,hot,date,long_coat,-2
beige,black,white,streetwear,dress_shirt,trousers,boots,slim,cold,business,long_coat,0
brown,black,beige,streetwear,tee,chinos,loafers,slim,hot,party,none,0
navy,navy,brown,old_money,oxford,chinos,loafers,oversized,mild,party,none,3
black,black,black,formal,polo,jeans,sandals,oversized,mild,business,long_coat,1
brown,grey,beige,streetwear,oxford,chinos,boots,oversized,hot,party,coat,-2
navy,white,white,casual,dress_shirt,chinos,boots,slim,cold,party,long_coat,0
white,white,navy,minimal,dress_shirt,jeans,sneakers,regular,hot,university,none,1
navy,white,navy,old_money,polo,jeans,loafers,relaxed,hot,business,none,2
white,beige,grey,streetwear,polo,shorts,boots,regular,hot,university,jacket,-2
grey,brown,beige,old_money,dress_shirt,shorts,sneakers,relaxed,hot,date,jacket,0
navy,navy,black,minimal,polo,trousers,loafers,slim,cold,university,jacket,1
brown,grey,beige,streetwear,dress_shirt,chinos,sandals,regular,mild,business,long_coat,0
grey,black,navy,formal,oxford,jeans,boots,oversized,hot,date,coat,-1
black,beige,navy,minimal,polo,shorts,boots,relaxed,cold,business,jacket,0
beige,brown,grey,casual,henley,shorts,boots,oversized,mild,date,coat,0
beige,black,brown,formal,polo,shorts,loafers,slim,hot,university,long_coat,-2
grey,beige,grey,minimal,dress_shirt,chinos,sandals,regular,mild,date,none,0
beige,brown,navy,old_money,polo,shorts,boots,relaxed,hot,party,none,2
black,beige,brown,formal,henley,trousers,loafers,oversized,cold,date,none,-2
navy,white,black,casual,oxford,shorts,loafers,regular,hot,business,jacket,-2
white,navy,brown,streetwear,polo,shorts,sandals,slim,hot,business,jacket,-2
navy,navy,navy,formal,oxford,shorts,loafers,relaxed,hot,business,jacket,0
beige,beige,white,minimal,polo,chinos,loafers,slim,mild,date,long_coat,1
grey,black,grey,minimal,henley,trousers,sneakers,relaxed,hot,party,long_coat,-2
beige,brown,beige,streetwear,oxford,chinos,loafers,relaxed,mild,party,long_coat,0
brown,grey,grey,minimal,tee,shorts,sandals,relaxed,cold,date,long_coat,-2
navy,navy,white,streetwear,dress_shirt,jeans,loafers,oversized,mild,party,coat,1
white,brown,brown,minimal,dress_shirt,shorts,sandals,oversized,cold,business,jacket,-2
white,navy,black,formal,polo,trousers,loafers,slim,cold,business,jacket,0
navy,white,navy,old_money,oxford,chinos,boots,regular,cold,party,jacket,2
brown,brown,white,minimal,oxford,trousers,sneakers,relaxed,cold,date,jacket,1
white,beige,black,streetwear,polo,chinos,loafers,slim,cold,university,long_coat,0
grey,navy,grey,minimal,tee,jeans,boots,oversized,cold,party,long_coat,0
grey,black,grey,streetwear,polo,jeans,boots,oversized,cold,party,jacket,0
white,grey,beige,formal,dress_shirt,jeans,boots,oversized,cold,date,none,-2
navy,grey,white,old_money,tee,trousers,sneakers,relaxed,cold,university,long_coat,0
black,white,grey,minimal,polo,shorts,sandals,oversized,cold,party,coat,-2
brown,beige,white,casual,tee,chinos,sneakers,slim,hot,date,jacket,-2
brown,beige,navy,casual,oxford,shorts,sneakers,oversized,mild,university,long_coat,0
white,white,white,casual,oxford,jeans,boots,slim,hot,party,jacket,-1
navy,black,black,casual,tee,jeans,sandals,relaxed,cold,university,long_coat,-2
white,grey,black,casual,tee,chinos,sandals,oversized,mild,university,coat,0
beige,white,navy,formal,tee,shorts,loafers,oversized,mild,party,coat,2
black,grey,beige,streetwear,polo,trousers,sneakers,relaxed,mild,date,long_coat,0
navy,white,brown,formal,oxford,trousers,sneakers,slim,mild,party,none,1
grey,brown,black,formal,tee,chinos,sneakers,slim,mild,university,jacket,0
navy,grey,brown,casual,henley,shorts,loafers,oversized,mild,party,none,0
navy,black,grey,old_money,tee,jeans,sandals,regular,mild,university,long_coat,0
navy,white,beige,casual,henley,trousers,sneakers,relaxed,mild,university,long_coat,0
beige,grey,white,minimal,tee,jeans,boots,slim,cold,business,coat,0
white,navy,grey,old_money,henley,trousers,loafers,oversized,hot,university,coat,-2
grey,beige,white,formal,oxford,jeans,boots,oversized,cold,business,none,-2
black,navy,beige,casual,dress_shirt,trousers,sneakers,slim,mild,date,long_coat,0
black,black,white,old_money,polo,trousers,sneakers,relaxed,mild,business,jacket,1
navy,navy,grey,streetwear,polo,trousers,sneakers,relaxed,hot,date,none,1
navy,beige,beige,minimal,oxford,shorts,sandals,slim,hot,business,coat,-2
white,white,black,streetwear,polo,shorts,boots,oversized,mild,party,coat,1
beige,beige,grey,streetwear,tee,trousers,boots,oversized,hot,date,jacket,-1
brown,grey,white,minimal,dress_shirt,shorts,boots,oversized,hot,date,jacket,-2
brown,beige,white,casual,oxford,jeans,loafers,slim,cold,business,long_coat,0
grey,beige,black,old_money,tee,trousers,boots,oversized,cold,date,long_coat,2
grey,navy,white,streetwear,dress_shirt,shorts,sneakers,relaxed,hot,date,jacket,-2
brown,white,grey,casual,tee,trousers,loafers,slim,hot,business,none,-1
navy,black,black,streetwear,henley,jeans,boots,relaxed,mild,business,coat,0
brown,beige,beige,streetwear,tee,chinos,boots,slim,cold,business,coat,0
white,brown,beige,streetwear,tee,chinos,sandals,relaxed,mild,university,none,0
beige,brown,grey,streetwear,oxford,trousers,loafers,oversized,cold,party,none,-2
black,grey,navy,streetwear,henley,shorts,sandals,oversized,hot,university,jacket,-2
navy,black,beige,formal,dress_shirt,trousers,loafers,oversized,mild,date,jacket,0
navy,brown,black,old_money,tee,chinos,sandals,oversized,mild,university,coat,2
beige,beige,brown,streetwear,tee,chinos,sneakers,slim,cold,date,none,-1
black,navy,black,old_money,polo,chinos,sandals,relaxed,cold,business,none,-2
white,navy,black,formal,tee,chinos,boots,oversized,hot,business,none,0
white,navy,beige,formal,tee,trousers,sandals,slim,mild,university,long_coat,0
grey,beige,navy,minimal,tee,trousers,sandals,regular,cold,university,none,-4
white,black,navy,minimal,oxford,jeans,sandals,oversized,mild,date,none,0
brown,white,beige,minimal,henley,trousers,boots,oversized,hot,party,jacket,-2
grey,grey,beige,streetwear,polo,shorts,boots,relaxed,mild,party,jacket,1
beige,brown,grey,minimal,oxford,trousers,loafers,oversized,cold,business,none,-2
white,brown,black,formal,dress_shirt,chinos,sneakers,oversized,cold,university,jacket,0
beige,brown,white,casual,tee,chinos,loafers,slim,mild,university,long_coat,0
navy,navy,brown,streetwear,polo,jeans,loafers,oversized,cold,business,jacket,1
beige,grey,white,formal,polo,jeans,sneakers,slim,mild,university,jacket,0
navy,black,beige,casual,polo,shorts,sneakers,relaxed,mild,university,long_coat,0
navy,navy,beige,formal,polo,jeans,sandals,oversized,cold,date,jacket,-1
grey,beige,brown,minimal,tee,chinos,sandals,regular,cold,party,long_coat,-2
white,navy,brown,old_money,dress_shirt,chinos,sneakers,oversized,hot,business,jacket,0
beige,beige,black,minimal,henley,chinos,loafers,relaxed,hot,date,none,1
navy,beige,brown,formal,henley,chinos,sneakers,slim,hot,party,coat,-1
brown,black,grey,minimal,oxford,chinos,sneakers,slim,cold,business,coat,0
brown,navy,black,streetwear,oxford,chinos,loafers,regular,cold,date,long_coat,0
navy,grey,brown,minimal,tee,trousers,loafers,slim,hot,business,long_coat,-2
beige,white,white,formal,oxford,shorts,boots,oversized,hot,university,coat,-2
white,white,white,streetwear,oxford,shorts,boots,regular,mild,party,long_coat,1
beige,white,white,casual,tee,jeans,sandals,regular,hot,business,long_coat,-3
black,brown,navy,minimal,oxford,shorts,loafers,regular,cold,university,jacket,0
black,beige,white,casual,oxford,jeans,boots,slim,hot,university,coat,-2
navy,beige,white,minimal,henley,jeans,loafers,slim,hot,university,none,0
beige,grey,black,casual,oxford,jeans,loafers,slim,hot,university,none,0
white,navy,beige,minimal,dress_shirt,shorts,boots,oversized,hot,party,coat,-2
black,black,black,casual,tee,jeans,sneakers,regular,mild,date,none,1
navy,brown,grey,formal,tee,trousers,sneakers,oversized,cold,business,none,-2
grey,grey,black,formal,tee,chinos,sandals,slim,hot,business,coat,-1
grey,navy,grey,minimal,henley,jeans,loafers,relaxed,mild,business,coat,0
black,grey,white,old_money,dress_shirt,trousers,sneakers,oversized,hot,business,coat,-2
navy,brown,beige,formal,polo,shorts,boots,regular,hot,university,jacket,-2
navy,white,navy,minimal,dress_shirt,shorts,sneakers,regular,hot,university,coat,-2
beige,navy,white,old_money,henley,chinos,loafers,oversized,hot,date,jacket,-2
brown,grey,beige,casual,henley,chinos,loafers,slim,cold,business,long_coat,0
white,navy,grey,formal,henley,jeans,boots,oversized,hot,business,jacket,-2
black,black,navy,formal,henley,chinos,sandals,relaxed,mild,date,coat,2
beige,black,brown,old_money,polo,jeans,sneakers,relaxed,hot,university,coat,0
brown,navy,white,old_money,henley,chinos,loafers,slim,cold,university,long_coat,0
black,black,navy,minimal,dress_shirt,chinos,loafers,slim,hot,party,jacket,-1
white,navy,black,minimal,henley,jeans,loafers,oversized,hot,university,jacket,-2
grey,white,white,streetwear,polo,shorts,loafers,relaxed,mild,university,long_coat,0
brown,white,brown,streetwear,henley,shorts,sandals,regular,hot,university,jacket,-2
beige,navy,brown,streetwear,dress_shirt,trousers,sneakers,regular,cold,date,coat,0
brown,white,beige,streetwear,oxford,chinos,loafers,slim,hot,party,long_coat,-2
beige,brown,white,casual,henley,shorts,sneakers,slim,hot,business,none,0
brown,beige,white,formal,tee,chinos,loafers,slim,cold,date,jacket,0
grey,beige,grey,old_money,tee,chinos,sneakers,relaxed,hot,date,coat,-2
grey,white,black,casual,oxford,shorts,sneakers,relaxed,hot,university,none,0
black,white,brown,minimal,polo,shorts,boots,relaxed,hot,business,coat,-2
black,navy,beige,streetwear,oxford,chinos,boots,relaxed,cold,party,jacket,0
grey,navy,brown,formal,henley,jeans,loafers,regular,mild,university,coat,0
white,black,black,casual,henley,chinos,boots,oversized,cold,date,none,-2
navy,grey,beige,casual,dress_shirt,chinos,sneakers,regular,mild,business,jacket,0
white,beige,navy,formal,tee,trousers,sandals,regular,hot,university,long_coat,-1
beige,white,brown,old_money,henley,shorts,sneakers,relaxed,mild,business,long_coat,2
beige,beige,black,minimal,polo,chinos,loafers,regular,cold,university,long_coat,1
black,brown,brown,streetwear,tee,jeans,sneakers,regular,cold,university,jacket,0
black,navy,brown,minimal,tee,jeans,boots,oversized,mild,party,none,0
black,white,brown,casual,henley,trousers,boots,oversized,mild,university,long_coat,0
beige,brown,navy,streetwear,polo,chinos,loafers,regular,hot,party,coat,-2
navy,brown,navy,minimal,henley,trousers,sandals,relaxed,cold,party,long_coat,-2
grey,navy,grey,streetwear,oxford,jeans,sandals,slim,hot,university,jacket,-2
navy,brown,beige,old_money,henley,chinos,boots,relaxed,cold,party,none,0
beige,brown,beige,formal,polo,shorts,sneakers,slim,cold,date,none,-2
black,brown,white,old_money,tee,trousers,boots,regular,mild,business,none,0
brown,beige,black,streetwear,polo,chinos,loafers,regular,hot,date,none,0
beige,grey,brown,casual,henley,trousers,boots,relaxed,hot,party,jacket,-2
navy,brown,white,streetwear,dress_shirt,trousers,loafers,slim,cold,business,jacket,0
brown,navy,navy,old_money,dress_shirt,jeans,sandals,regular,mild,university,jacket,2
black,black,navy,casual,oxford,chinos,boots,oversized,hot,university,long_coat,-1
brown,grey,white,casual,henley,jeans,boots,slim,cold,party,coat,0
brown,beige,brown,formal,oxford,chinos,boots,regular,mild,party,coat,1
white,brown,beige,casual,oxford,shorts,sneakers,slim,hot,business,coat,-2
beige,brown,navy,streetwear,henley,chinos,sandals,oversized,cold,university,long_coat,-2
white,navy,beige,minimal,dress_shirt,jeans,sneakers,relaxed,cold,university,jacket,0
grey,black,navy,minimal,tee,shorts,sneakers,oversized,hot,business,long_coat,-2
white,black,brown,streetwear,polo,chinos,sneakers,oversized,mild,date,coat,0
grey,beige,grey,streetwear,oxford,shorts,sandals,relaxed,mild,university,jacket,0
grey,navy,navy,old_money,henley,jeans,sneakers,relaxed,cold,party,none,0
beige,beige,white,formal,polo,shorts,boots,regular,mild,university,jacket,1
beige,grey,white,formal,oxford,jeans,sneakers,oversized,hot,business,jacket,-2
brown,navy,black,formal,henley,trousers,loafers,oversized,mild,university,jacket,0
navy,brown,navy,minimal,oxford,trousers,sandals,relaxed,mild,business,coat,0
brown,brown,black,formal,dress_shirt,chinos,sneakers,relaxed,mild,business,none,1
grey,brown,white,old_money,henley,shorts,boots,relaxed,mild,business,none,0
beige,beige,white,formal,polo,trousers,loafers,regular,mild,party,long_coat,2
black,brown,black,minimal,dress_shirt,shorts,boots,regular,hot,party,jacket,-2
brown,black,grey,old_money,dress_shirt,trousers,boots,slim,hot,business,jacket,-2
white,grey,navy,casual,oxford,shorts,boots,regular,mild,university,none,0
beige,navy,navy,formal,oxford,jeans,sandals,regular,hot,university,jacket,-1
black,beige,grey,old_money,henley,chinos,loafers,oversized,mild,party,none,0
black,grey,black,casual,tee,chinos,sandals,regular,mild,business,jacket,-1
brown,black,white,streetwear,henley,jeans,boots,relaxed,cold,date,none,-2
black,black,beige,old_money,tee,trousers,loafers,oversized,hot,business,jacket,1
white,brown,brown,old_money,henley,trousers,sandals,regular,cold,university,jacket,0
black,navy,brown,formal,oxford,trousers,loafers,oversized,mild,business,none,0
grey,brown,white,casual,henley,jeans,loafers,regular,hot,business,jacket,-2
grey,beige,black,minimal,dress_shirt,shorts,sandals,relaxed,cold,university,long_coat,-2
beige,grey,navy,minimal,polo,shorts,sneakers,oversized,cold,party,long_coat,0
beige,brown,black,minimal,polo,chinos,loafers,relaxed,mild,university,long_coat,0
navy,beige,beige,old_money,tee,jeans,sneakers,oversized,hot,date,coat,0
beige,beige,beige,minimal,oxford,jeans,sandals,oversized,cold,business,none,-3
brown,white,brown,streetwear,polo,jeans,boots,regular,mild,university,long_coat,0
white,brown,grey,formal,dress_shirt,jeans,sneakers,relaxed,hot,business,jacket,-2
brown,white,white,streetwear,henley,chinos,boots,slim,mild,party,none,0
navy,beige,beige,old_money,henley,trousers,loafers,relaxed,hot,party,jacket,0
grey,black,grey,minimal,polo,jeans,sandals,slim,hot,party,coat,-2
grey,brown,grey,old_money,henley,shorts,boots,slim,cold,university,long_coat,0
black,black,navy,streetwear,polo,chinos,boots,relaxed,cold,party,jacket,1
brown,white,grey,minimal,dress_shirt,chinos,loafers,oversized,cold,business,long_coat,0
beige,navy,black,old_money,tee,chinos,sandals,oversized,cold,university,coat,0
navy,white,black,formal,henley,jeans,boots,oversized,hot,party,none,1
brown,brown,grey,minimal,oxford,jeans,sandals,slim,cold,business,coat,-1
grey,black,grey,streetwear,dress_shirt,trousers,boots,regular,cold,date,jacket,0
beige,navy,beige,streetwear,polo,jeans,sneakers,regular,cold,date,long_coat,0
beige,beige,beige,formal,oxford,trousers,boots,slim,mild,business,none,1
grey,grey,beige,casual,oxford,trousers,loafers,oversized,cold,date,jacket,1
beige,brown,brown,casual,polo,trousers,sneakers,oversized,cold,business,jacket,0
white,grey,black,casual,dress_shirt,jeans,boots,regular,hot,date,none,0
brown,brown,navy,minimal,tee,jeans,sandals,regular,mild,business,jacket,1
grey,white,white,formal,polo,trousers,sandals,relaxed,hot,date,none,0
black,white,white,minimal,dress_shirt,shorts,sandals,slim,mild,date,coat,0
beige,beige,navy,minimal,polo,chinos,loafers,oversized,mild,business,jacket,1
beige,navy,grey,old_money,oxford,jeans,loafers,oversized,cold,party,long_coat,0
white,white,navy,streetwear,polo,chinos,sandals,slim,mild,party,long_coat,1
beige,brown,beige,formal,tee,shorts,sandals,slim,mild,date,jacket,0
beige,brown,white,casual,henley,shorts,boots,regular,mild,party,long_coat,0
black,white,brown,minimal,oxford,chinos,sneakers,slim,cold,university,long_coat,0
black,white,white,minimal,henley,shorts,boots,slim,hot,date,coat,-2
black,brown,black,streetwear,oxford,trousers,loafers,regular,cold,date,long_coat,0
brown,navy,white,minimal,henley,trousers,sneakers,relaxed,hot,date,long_coat,-2
white,brown,beige,streetwear,dress_shirt,jeans,boots,relaxed,cold,business,jacket,0
beige,navy,beige,casual,polo,shorts,loafers,relaxed,hot,date,jacket,-2
white,beige,brown,streetwear,henley,chinos,sneakers,regular,cold,party,jacket,0
beige,grey,navy,old_money,polo,chinos,sandals,relaxed,cold,date,long_coat,0
navy,grey,white,minimal,oxford,trousers,boots,slim,hot,party,long_coat,-2
brown,grey,navy,formal,dress_shirt,jeans,sneakers,regular,mild,business,long_coat,1
black,brown,white,casual,dress_shirt,shorts,loafers,relaxed,cold,business,jacket,0
white,grey,beige,minimal,tee,trousers,boots,oversized,cold,business,coat,0
black,brown,navy,old_money,henley,shorts,loafers,regular,mild,date,long_coat,2
navy,grey,black,formal,tee,chinos,sneakers,slim,cold,university,none,-2
beige,white,brown,minimal,oxford,shorts,boots,regular,mild,university,jacket,0
navy,black,brown,streetwear,oxford,chinos,sandals,relaxed,hot,business,none,0
black,black,beige,casual,henley,shorts,sneakers,oversized,cold,date,jacket,1
grey,grey,navy,streetwear,henley,jeans,sneakers,regular,hot,university,coat,-1
black,navy,beige,streetwear,polo,jeans,loafers,regular,mild,party,none,0
navy,black,beige,streetwear,oxford,trousers,sandals,regular,cold,date,coat,-2
white,grey,white,old_money,oxford,shorts,boots,slim,mild,university,coat,0
beige,brown,beige,streetwear,oxford,chinos,sandals,relaxed,mild,date,jacket,0
beige,grey,navy,casual,oxford,jeans,sandals,relaxed,mild,date,none,0
brown,brown,grey,casual,polo,trousers,boots,relaxed,hot,university,jacket,-1
black,brown,grey,streetwear,henley,chinos,loafers,slim,cold,business,jacket,0
black,grey,grey,casual,tee,jeans,sneakers,slim,mild,business,long_coat,-1
navy,black,beige,formal,dress_shirt,jeans,sandals,regular,mild,date,jacket,0
brown,white,navy,casual,dress_shirt,trousers,boots,regular,cold,date,jacket,0
white,brown,grey,minimal,polo,jeans,loafers,oversized,hot,party,long_coat,-2
beige,black,beige,minimal,polo,trousers,sneakers,oversized,mild,party,none,0
black,brown,grey,old_money,polo,jeans,sneakers,oversized,hot,university,none,0
black,beige,white,old_money,polo,trousers,loafers,slim,cold,university,long_coat,0
navy,brown,navy,minimal,tee,shorts,sneakers,relaxed,cold,party,none,-2
grey,navy,navy,formal,tee,trousers,sneakers,regular,mild,business,coat,1
navy,grey,navy,old_money,oxford,chinos,loafers,oversized,hot,university,none,2
grey,beige,white,streetwear,tee,jeans,sandals,relaxed,hot,date,none,0
beige,navy,brown,casual,dress_shirt,jeans,boots,oversized,cold,business,none,-2
grey,grey,black,old_money,dress_shirt,shorts,loafers,slim,cold,business,coat,3
white,black,white,casual,polo,chinos,boots,oversized,cold,business,jacket,0
grey,beige,beige,formal,tee,jeans,sandals,regular,cold,business,none,-4
beige,black,navy,casual,dress_shirt,jeans,boots,slim,hot,business,coat,-2
black,grey,brown,minimal,polo,chinos,boots,oversized,cold,party,coat,0
brown,grey,white,old_money,polo,trousers,sneakers,slim,hot,university,jacket,-2
beige,navy,black,minimal,polo,jeans,sandals,slim,cold,party,coat,-2
black,beige,black,streetwear,henley,trousers,loafers,slim,hot,university,coat,-2
navy,navy,beige,streetwear,henley,trousers,sandals,slim,cold,business,coat,-1
beige,grey,white,casual,henley,shorts,boots,regular,hot,date,jacket,-2
navy,black,brown,minimal,henley,trousers,sneakers,relaxed,mild,party,coat,0
brown,black,white,old_money,dress_shirt,jeans,sandals,slim,hot,party,long_coat,-2
grey,navy,brown,minimal,oxford,trousers,loafers,slim,cold,party,none,-2
grey,grey,grey,formal,tee,trousers,sneakers,slim,hot,business,jacket,-1
navy,black,navy,old_money,henley,shorts,sandals,slim,hot,university,long_coat,0
navy,brown,white,old_money,dress_shirt,trousers,sandals,oversized,mild,business,long_coat,0
beige,grey,white,streetwear,tee,jeans,loafers,oversized,cold,party,coat,0
brown,navy,grey,casual,tee,chinos,sandals,relaxed,cold,business,coat,-3
white,white,navy,minimal,henley,shorts,sandals,regular,mild,university,jacket,1
beige,navy,brown,streetwear,polo,jeans,loafers,regular,hot,date,long_coat,-2
black,navy,grey,casual,dress_shirt,trousers,loafers,slim,cold,date,jacket,0
navy,beige,navy,minimal,tee,shorts,loafers,oversized,mild,business,none,0
black,grey,white,streetwear,tee,shorts,loafers,slim,hot,date,long_coat,-2
navy,grey,grey,streetwear,oxford,chinos,loafers,regular,cold,business,long_coat,0
white,beige,beige,old_money,dress_shirt,trousers,sandals,relaxed,mild,university,coat,2
white,black,navy,minimal,oxford,trousers,sandals,relaxed,mild,university,long_coat,0
navy,black,grey,formal,henley,trousers,sneakers,oversized,hot,university,jacket,-2
grey,black,white,old_money,henley,jeans,boots,regular,mild,university,jacket,0
beige,brown,brown,streetwear,henley,shorts,sneakers,relaxed,mild,university,coat,0
black,navy,brown,minimal,oxford,jeans,boots,relaxed,mild,party,coat,0
grey,brown,grey,streetwear,henley,chinos,sneakers,regular,cold,business,coat,0
navy,white,grey,formal,polo,shorts,sneakers,relaxed,hot,date,long_coat,-2
white,white,navy,streetwear,oxford,trousers,sandals,regular,cold,date,long_coat,-1
navy,black,navy,old_money,oxford,chinos,loafers,regular,mild,university,jacket,2
beige,navy,brown,casual,henley,chinos,sneakers,oversized,hot,university,jacket,-2
white,black,navy,casual,polo,shorts,sneakers,slim,cold,date,none,-2
navy,white,white,minimal,polo,trousers,boots,regular,cold,date,none,-2
grey,brown,grey,minimal,tee,shorts,sandals,oversized,mild,party,jacket,0
brown,white,beige,minimal,dress_shirt,shorts,loafers,regular,cold,party,long_coat,0
white,brown,black,formal,oxford,chinos,sandals,slim,mild,party,none,1
navy,grey,black,old_money,polo,trousers,sandals,slim,cold,university,jacket,0
brown,beige,white,formal,dress_shirt,jeans,sandals,regular,cold,business,jacket,-2
navy,beige,black,streetwear,dress_shirt,chinos,sandals,oversized,mild,university,long_coat,0
white,white,grey,casual,dress_shirt,jeans,sandals,regular,hot,university,long_coat,-1
grey,beige,black,formal,oxford,jeans,loafers,relaxed,cold,business,long_coat,0
brown,grey,beige,old_money,oxford,jeans,sandals,relaxed,cold,university,long_coat,0
grey,brown,black,old_money,polo,shorts,loafers,relaxed,cold,university,long_coat,2
beige,black,grey,casual,oxford,trousers,sandals,oversized,hot,date,long_coat,-2
black,black,beige,streetwear,tee,trousers,sandals,regular,cold,party,jacket,-1
beige,white,brown,casual,tee,jeans,boots,slim,mild,university,long_coat,0
brown,grey,grey,streetwear,oxford,trousers,sneakers,oversized,mild,date,jacket,0
navy,beige,white,streetwear,henley,shorts,boots,regular,mild,party,none,0
black,grey,white,casual,dress_shirt,trousers,sandals,regular,mild,university,none,0
navy,black,beige,old_money,polo,shorts,boots,relaxed,hot,business,jacket,0
brown,navy,black,formal,oxford,trousers,loafers,slim,mild,party,long_coat,1
white,grey,grey,formal,oxford,shorts,boots,slim,mild,university,coat,0
beige,navy,grey,casual,oxford,shorts,sandals,oversized,mild,date,long_coat,0
brown,beige,beige,minimal,tee,trousers,sandals,oversized,hot,party,jacket,-2
grey,grey,brown,minimal,tee,jeans,sneakers,oversized,hot,party,long_coat,-1
brown,white,grey,casual,dress_shirt,trousers,sandals,slim,cold,date,long_coat,-2
navy,navy,black,casual,henley,chinos,loafers,oversized,mild,university,none,1
beige,white,brown,old_money,polo,shorts,sneakers,relaxed,cold,date,coat,2
black,black,black,formal,henley,jeans,boots,relaxed,hot,business,jacket,-1
navy,black,beige,casual,henley,jeans,sneakers,regular,hot,business,coat,-2
black,white,navy,minimal,polo,jeans,boots,relaxed,hot,date,long_coat,-2
brown,brown,beige,minimal,dress_shirt,jeans,sneakers,slim,hot,university,coat,-1
navy,navy,navy,minimal,dress_shirt,trousers,sandals,slim,mild,university,coat,1
white,grey,beige,old_money,oxford,chinos,boots,regular,mild,business,long_coat,2
grey,white,navy,casual,polo,trousers,sneakers,regular,mild,business,jacket,0
beige,beige,brown,old_money,henley,chinos,sandals,slim,mild,business,jacket,3
black,beige,white,streetwear,henley,trousers,sneakers,regular,cold,date,long_coat,0
beige,beige,brown,formal,oxford,shorts,sneakers,regular,mild,university,none,1
navy,navy,navy,formal,tee,trousers,sandals,regular,mild,university,coat,2
navy,brown,black,minimal,henley,chinos,sandals,regular,hot,university,jacket,-2
black,beige,grey,formal,polo,chinos,sneakers,relaxed,mild,university,none,0
white,grey,brown,minimal,tee,trousers,loafers,oversized,cold,party,none,-2
brown,black,brown,streetwear,oxford,shorts,boots,oversized,cold,date,none,-2
beige,navy,beige,minimal,oxford,chinos,boots,regular,hot,party,long_coat,-2
navy,navy,grey,casual,oxford,trousers,sandals,slim,hot,business,long_coat,-1
brown,beige,white,streetwear,tee,jeans,sandals,slim,mild,party,none,0
navy,white,beige,old_money,oxford,jeans,sneakers,oversized,cold,date,none,0
navy,grey,black,minimal,oxford,shorts,boots,regular,mild,university,jacket,0
navy,navy,grey,old_money,dress_shirt,trousers,loafers,slim,cold,university,jacket,1
navy,beige,black,minimal,henley,shorts,sneakers,relaxed,mild,business,long_coat,0
beige,white,grey,casual,henley,jeans,loafers,oversized,cold,party,long_coat,0
white,white,beige,streetwear,tee,shorts,sneakers,slim,hot,business,coat,-1
black,grey,grey,formal,dress_shirt,chinos,loafers,regular,mild,university,jacket,0
navy,beige,grey,old_money,polo,trousers,loafers,regular,hot,date,jacket,-2
grey,beige,grey,formal,henley,trousers,boots,oversized,hot,university,coat,-2
navy,grey,white,old_money,tee,shorts,sandals,regular,cold,party,none,-4
white,brown,navy,minimal,oxford,trousers,boots,oversized,mild,business,none,0
white,white,beige,minimal,tee,jeans,sandals,relaxed,cold,university,coat,-1
grey,black,black,minimal,polo,jeans,boots,slim,hot,business,none,0
navy,grey,black,minimal,oxford,jeans,boots,slim,cold,university,long_coat,0
grey,brown,white,casual,dress_shirt,chinos,sneakers,regular,hot,university,jacket,-2
navy,brown,brown,casual,dress_shirt,shorts,sneakers,oversized,hot,business,jacket,-2
grey,beige,grey,casual,dress_shirt,chinos,boots,oversized,mild,business,none,0
grey,black,white,old_money,oxford,trousers,loafers,slim,cold,date,none,-2
white,grey,white,old_money,henley,trousers,sneakers,slim,mild,party,long_coat,0
beige,black,navy,old_money,tee,shorts,sandals,oversized,hot,date,jacket,0
grey,beige,grey,casual,polo,jeans,sandals,oversized,cold,date,none,-4
beige,grey,white,old_money,polo,trousers,loafers,regular,mild,party,long_coat,0
white,navy,white,formal,polo,jeans,boots,relaxed,hot,university,coat,-2
grey,white,black,streetwear,polo,jeans,loafers,relaxed,hot,date,none,0
black,beige,grey,formal,tee,shorts,sneakers,relaxed,cold,party,none,-1
navy,brown,black,old_money,oxford,trousers,sandals,slim,cold,party,coat,0
beige,black,navy,streetwear,henley,jeans,boots,slim,mild,party,long_coat,0
brown,navy,white,old_money,dress_shirt,chinos,sneakers,relaxed,mild,business,none,0
white,navy,white,old_money,tee,shorts,boots,regular,mild,business,long_coat,0
beige,grey,grey,old_money,oxford,trousers,sandals,regular,mild,party,long_coat,0
beige,navy,navy,old_money,tee,chinos,boots,relaxed,cold,date,long_coat,2
white,white,brown,old_money,polo,jeans,boots,relaxed,cold,party,none,1
brown,white,grey,casual,polo,jeans,sandals,regular,cold,business,long_coat,-2
navy,navy,grey,old_money,tee,chinos,loafers,relaxed,cold,business,none,-1
navy,navy,navy,old_money,dress_shirt,shorts,loafers,regular,mild,university,jacket,3
white,navy,brown,minimal,tee,shorts,loafers,regular,hot,party,long_coat,-2
navy,white,brown,casual,henley,trousers,sneakers,relaxed,cold,party,long_coat,0
white,brown,white,formal,oxford,chinos,sneakers,relaxed,mild,party,coat,1
grey,grey,white,minimal,oxford,jeans,sneakers,oversized,cold,party,coat,1
black,black,navy,minimal,henley,chinos,sneakers,oversized,mild,date,none,1
black,grey,black,formal,dress_shirt,trousers,loafers,relaxed,cold,university,jacket,0
beige,navy,beige,formal,dress_shirt,chinos,loafers,oversized,hot,date,jacket,-2
grey,beige,grey,casual,oxford,trousers,sneakers,regular,cold,party,none,-2
navy,black,white,streetwear,dress_shirt,jeans,sneakers,oversized,mild,university,long_coat,0
brown,white,navy,formal,tee,chinos,sandals,regular,hot,date,none,1
white,brown,brown,casual,tee,shorts,loafers,relaxed,cold,party,long_coat,0
beige,black,beige,old_money,henley,shorts,sneakers,regular,hot,party,jacket,0
beige,brown,grey,old_money,oxford,shorts,loafers,slim,mild,party,coat,0
black,brown,black,casual,dress_shirt,trousers,loafers,slim,mild,date,none,0
white,beige,beige,formal,henley,shorts,sneakers,oversized,cold,business,long_coat,0
navy,black,beige,minimal,henley,chinos,loafers,relaxed,cold,university,jacket,0
brown,navy,beige,formal,polo,jeans,boots,relaxed,mild,date,jacket,0
grey,grey,navy,minimal,dress_shirt,shorts,loafers,oversized,hot,business,coat,-1
navy,beige,navy,old_money,henley,shorts,sneakers,relaxed,cold,university,coat,2
grey,brown,navy,minimal,tee,chinos,sandals,oversized,cold,business,none,-4
black,brown,white,old_money,tee,chinos,sneakers,relaxed,cold,business,jacket,0
beige,brown,brown,streetwear,dress_shirt,chinos,loafers,relaxed,cold,date,coat,0
brown,black,beige,streetwear,henley,chinos,boots,slim,cold,date,long_coat,0
brown,navy,brown,casual,oxford,trousers,sandals,regular,hot,party,jacket,-2
black,brown,white,old_money,oxford,jeans,sandals,slim,hot,business,coat,-2
black,beige,white,casual,oxford,trousers,sandals,oversized,mild,party,none,0
black,beige,navy,old_money,oxford,trousers,boots,relaxed,hot,date,long_coat,0
brown,grey,grey,formal,oxford,shorts,sneakers,oversized,hot,party,long_coat,-1
grey,black,brown,formal,polo,jeans,sneakers,relaxed,mild,party,long_coat,1
black,white,grey,streetwear,tee,trousers,boots,regular,hot,date,long_coat,-2
navy,navy,white,streetwear,oxford,shorts,loafers,slim,cold,date,none,-1
black,black,beige,casual,tee,shorts,sneakers,regular,hot,party,long_coat,-1
brown,grey,beige,streetwear,dress_shirt,shorts,sneakers,oversized,hot,party,none,0
black,white,beige,streetwear,polo,trousers,loafers,slim,cold,business,none,-2
black,beige,white,old_money,dress_shirt,trousers,sandals,oversized,hot,university,long_coat,-2
navy,white,black,formal,tee,trousers,sandals,regular,cold,date,jacket,-2
black,brown,white,minimal,tee,shorts,loafers,regular,mild,university,none,0
navy,white,beige,casual,dress_shirt,trousers,loafers,oversized,hot,party,jacket,-2
black,white,beige,minimal,henley,jeans,sandals,slim,mild,business,coat,0
navy,white,navy,casual,dress_shirt,jeans,boots,slim,mild,party,coat,0
beige,navy,grey,casual,polo,jeans,boots,relaxed,cold,business,jacket,0
beige,white,white,formal,polo,jeans,sandals,slim,hot,date,none,0
brown,brown,beige,casual,henley,trousers,sandals,slim,cold,party,none,-3
brown,beige,beige,formal,tee,chinos,loafers,oversized,cold,business,none,-2
white,black,black,minimal,henley,trousers,loafers,regular,cold,business,long_coat,0
navy,navy,white,minimal,polo,trousers,sneakers,regular,cold,business,none,-1
brown,black,black,casual,henley,chinos,sandals,relaxed,cold,date,coat,-2
navy,beige,black,minimal,oxford,trousers,sandals,relaxed,hot,university,jacket,-2
white,brown,white,old_money,oxford,trousers,sandals,relaxed,cold,university,jacket,-2
beige,brown,black,casual,henley,shorts,loafers,relaxed,cold,university,coat,0
navy,grey,white,streetwear,henley,jeans,sandals,relaxed,cold,university,jacket,-2
black,grey,beige,formal,polo,chinos,boots,oversized,hot,university,coat,-2
grey,white,navy,formal,dress_shirt,trousers,sneakers,slim,mild,business,coat,1
white,white,black,formal,polo,jeans,boots,regular,hot,university,none,1
navy,beige,white,formal,tee,jeans,loafers,regular,cold,business,jacket,0
white,white,grey,old_money,oxford,shorts,sandals,regular,mild,party,jacket,1
brown,white,black,casual,dress_shirt,shorts,sneakers,oversized,cold,party,coat,0
brown,grey,navy,casual,polo,chinos,boots,slim,cold,university,long_coat,0
beige,black,beige,streetwear,tee,chinos,boots,slim,cold,party,coat,0
white,grey,navy,casual,henley,shorts,sandals,regular,hot,business,jacket,-2
white,beige,brown,streetwear,dress_shirt,jeans,loafers,oversized,cold,party,long_coat,0
brown,navy,beige,casual,henley,jeans,sandals,oversized,cold,university,none,-4
grey,brown,beige,casual,dress_shirt,shorts,loafers,oversized,mild,party,jacket,0
brown,grey,navy,old_money,polo,shorts,loafers,oversized,mild,party,jacket,2
white,grey,white,old_money,henley,shorts,loafers,regular,cold,party,jacket,0
grey,white,black,formal,polo,jeans,sandals,relaxed,mild,university,none,0
navy,black,white,formal,oxford,shorts,boots,slim,hot,business,coat,-2
beige,white,grey,old_money,dress_shirt,shorts,sneakers,relaxed,hot,university,coat,-2
beige,navy,grey,old_money,dress_shirt,trousers,sneakers,oversized,cold,party,coat,0
grey,navy,brown,streetwear,oxford,jeans,boots,oversized,cold,party,jacket,0
navy,black,black,streetwear,henley,chinos,sandals,slim,cold,university,jacket,-2
beige,black,grey,formal,tee,trousers,sneakers,slim,hot,university,jacket,-2
navy,brown,beige,old_money,tee,trousers,boots,regular,mild,university,long_coat,2
white,brown,beige,minimal,tee,shorts,sneakers,relaxed,cold,university,coat,0
black,beige,navy,old_money,tee,jeans,loafers,regular,mild,date,none,2
brown,brown,white,old_money,henley,jeans,sneakers,relaxed,cold,business,coat,1
white,white,beige,minimal,tee,chinos,sneakers,relaxed,mild,party,jacket,1
white,white,black,formal,tee,jeans,sandals,relaxed,cold,party,long_coat,0
white,brown,white,casual,henley,shorts,loafers,relaxed,hot,business,long_coat,-2
white,brown,navy,minimal,henley,chinos,sneakers,regular,hot,party,none,0
white,grey,white,formal,oxford,chinos,sneakers,oversized,cold,date,jacket,0
brown,black,navy,formal,tee,jeans,sneakers,oversized,cold,business,long_coat,1
grey,brown,beige,streetwear,tee,trousers,boots,slim,hot,university,long_coat,-2
white,grey,beige,streetwear,tee,trousers,loafers,regular,mild,university,coat,0
white,white,beige,minimal,dress_shirt,chinos,loafers,oversized,cold,business,none,-1
black,white,white,casual,henley,shorts,sneakers,oversized,mild,university,jacket,0
beige,white,white,minimal,henley,jeans,sneakers,slim,cold,date,jacket,0
beige,black,grey,streetwear,tee,shorts,loafers,relaxed,hot,business,long_coat,-2
white,navy,black,minimal,oxford,chinos,boots,regular,hot,party,long_coat,-2
black,navy,black,casual,henley,jeans,sandals,slim,mild,business,none,0
white,beige,brown,old_money,dress_shirt,shorts,sandals,regular,hot,business,jacket,0
black,beige,black,minimal,polo,shorts,sandals,slim,mild,business,coat,0
white,navy,black,minimal,dress_shirt,jeans,boots,regular,cold,date,none,-2
navy,grey,black,streetwear,dress_shirt,trousers,sandals,regular,mild,party,coat,0
beige,brown,grey,casual,oxford,jeans,boots,oversized,cold,date,coat,0
white,black,beige,streetwear,henley,chinos,loafers,regular,hot,university,long_coat,-2
navy,beige,beige,minimal,polo,chinos,loafers,regular,mild,business,none,0
navy,grey,beige,formal,henley,shorts,sneakers,relaxed,cold,business,none,-2
white,brown,grey,old_money,oxford,trousers,sneakers,relaxed,mild,university,none,0
black,grey,white,minimal,polo,jeans,boots,regular,hot,date,coat,-2
beige,white,grey,formal,polo,chinos,sneakers,relaxed,hot,date,long_coat,-2
black,navy,white,formal,tee,trousers,boots,relaxed,mild,party,long_coat,1
grey,navy,black,streetwear,dress_shirt,jeans,sandals,regular,mild,university,jacket,0
white,black,white,minimal,tee,trousers,boots,oversized,cold,business,none,-2
grey,brown,brown,old_money,polo,trousers,sandals,regular,cold,business,long_coat,0
beige,navy,navy,streetwear,henley,shorts,boots,regular,hot,party,jacket,-2
brown,navy,black,streetwear,dress_shirt,shorts,sandals,slim,mild,university,jacket,0
black,white,white,minimal,henley,chinos,sandals,oversized,hot,party,none,0
beige,black,brown,casual,henley,chinos,sandals,regular,hot,university,coat,-2
grey,beige,navy,formal,henley,chinos,sneakers,oversized,hot,party,jacket,0
brown,black,black,minimal,oxford,trousers,sneakers,relaxed,cold,date,none,-2
black,navy,black,formal,oxford,jeans,sandals,relaxed,cold,university,long_coat,-2
brown,navy,beige,minimal,dress_shirt,shorts,sandals,slim,mild,university,coat,0
grey,white,navy,casual,tee,trousers,loafers,relaxed,cold,date,none,-2
black,white,black,casual,henley,trousers,sneakers,oversized,hot,date,jacket,-2
beige,grey,brown,casual,tee,chinos,loafers,slim,cold,university,jacket,0
grey,navy,white,old_money,polo,jeans,loafers,oversized,hot,university,coat,-2
white,white,grey,streetwear,oxford,trousers,loafers,regular,cold,party,coat,1
white,beige,brown,streetwear,henley,trousers,sneakers,relaxed,hot,university,coat,-2
brown,beige,navy,old_money,henley,jeans,loafers,slim,mild,university,jacket,2
brown,grey,grey,minimal,polo,jeans,loafers,oversized,cold,university,none,-2
brown,black,white,casual,tee,trousers,boots,oversized,mild,party,none,0
grey,brown,brown,old_money,tee,shorts,sneakers,regular,mild,party,jacket,2
navy,beige,grey,streetwear,oxford,trousers,sandals,oversized,hot,business,long_coat,-2
black,black,black,formal,dress_shirt,trousers,sandals,slim,mild,date,jacket,1
brown,brown,grey,old_money,polo,jeans,boots,regular,cold,date,none,-1
black,brown,beige,formal,dress_shirt,shorts,sneakers,relaxed,mild,date,long_coat,0
white,grey,grey,streetwear,dress_shirt,shorts,boots,slim,mild,business,long_coat,0
beige,white,navy,streetwear,polo,trousers,loafers,slim,cold,university,jacket,0
brown,navy,white,streetwear,polo,trousers,boots,relaxed,cold,party,long_coat,0
beige,brown,grey,old_money,henley,chinos,sneakers,oversized,hot,business,none,0
white,beige,navy,streetwear,polo,shorts,sandals,regular,cold,university,none,-4
black,navy,navy,minimal,polo,jeans,boots,slim,mild,university,jacket,0
navy,black,black,streetwear,oxford,shorts,sandals,relaxed,hot,university,long_coat,-2
grey,navy,brown,old_money,oxford,shorts,sneakers,oversized,mild,date,long_coat,2
navy,black,black,old_money,polo,jeans,loafers,relaxed,mild,business,long_coat,2
beige,brown,grey,casual,polo,jeans,loafers,oversized,mild,university,long_coat,0
white,beige,black,casual,henley,trousers,loafers,oversized,cold,business,long_coat,0
navy,white,navy,formal,dress_shirt,chinos,boots,slim,cold,date,long_coat,1
grey,navy,brown,streetwear,polo,jeans,boots,regular,hot,business,none,0
brown,white,white,formal,tee,jeans,boots,slim,mild,university,long_coat,0
brown,white,grey,formal,henley,jeans,loafers,slim,hot,date,none,0
black,grey,white,casual,tee,chinos,loafers,regular,mild,business,none,-1
navy,brown,white,minimal,tee,trousers,sandals,oversized,mild,university,long_coat,0
brown,beige,brown,streetwear,oxford,shorts,loafers,slim,hot,date,coat,-2
navy,grey,navy,minimal,henley,jeans,sneakers,slim,cold,university,coat,0
beige,navy,grey,minimal,henley,shorts,sneakers,oversized,cold,university,jacket,0
beige,navy,black,casual,polo,shorts,loafers,relaxed,hot,business,coat,-2
brown,beige,brown,formal,henley,jeans,sandals,relaxed,hot,business,long_coat,-2
black,navy,grey,minimal,henley,trousers,sneakers,regular,hot,business,jacket,-2
grey,brown,grey,formal,dress_shirt,trousers,loafers,regular,mild,business,jacket,0
brown,brown,beige,casual,tee,jeans,boots,slim,cold,date,none,-1
navy,beige,navy,minimal,henley,chinos,loafers,regular,cold,date,long_coat,0
beige,grey,beige,minimal,dress_shirt,chinos,boots,relaxed,hot,date,none,0
white,black,brown,streetwear,henley,shorts,boots,oversized,mild,business,none,0
brown,navy,black,old_money,dress_shirt,chinos,sandals,slim,cold,date,long_coat,0
white,navy,grey,streetwear,dress_shirt,jeans,sneakers,regular,mild,university,jacket,0
black,white,grey,casual,oxford,jeans,sneakers,regular,mild,party,none,0
grey,brown,brown,formal,tee,trousers,sandals,regular,cold,party,long_coat,-1
beige,white,brown,minimal,oxford,jeans,sandals,regular,mild,business,coat,0
brown,black,navy,minimal,oxford,jeans,loafers,slim,hot,date,long_coat,-2
grey,grey,grey,old_money,dress_shirt,shorts,loafers,slim,cold,university,none,-1
white,black,grey,minimal,oxford,trousers,boots,regular,hot,party,coat,-2
beige,black,black,minimal,dress_shirt,trousers,sneakers,oversized,hot,date,jacket,-2
navy,navy,white,formal,henley,trousers,sandals,regular,cold,university,coat,-1
brown,grey,navy,formal,oxford,jeans,loafers,oversized,hot,party,long_coat,0
brown,navy,brown,old_money,oxford,jeans,sneakers,oversized,mild,university,long_coat,2
navy,black,grey,casual,dress_shirt,jeans,boots,relaxed,mild,university,none,0
navy,navy,navy,old_money,dress_shirt,trousers,boots,oversized,mild,business,jacket,3
navy,beige,navy,streetwear,dress_shirt,jeans,loafers,regular,hot,business,long_coat,-2
white,white,black,streetwear,oxford,chinos,boots,relaxed,cold,business,long_coat,1
brown,beige,brown,casual,henley,trousers,boots,slim,hot,university,coat,-2
white,black,black,streetwear,polo,shorts,boots,relaxed,cold,business,none,-2
beige,navy,beige,casual,tee,chinos,loafers,regular,mild,university,jacket,0
grey,beige,black,formal,dress_shirt,jeans,sandals,slim,cold,business,jacket,-2
black,beige,grey,old_money,polo,jeans,loafers,oversized,mild,date,none,0
black,black,white,casual,polo,jeans,loafers,slim,cold,university,coat,1
brown,brown,grey,formal,tee,jeans,sneakers,slim,mild,party,long_coat,2
white,navy,grey,streetwear,oxford,trousers,sandals,regular,hot,party,jacket,-2
black,grey,white,old_money,tee,trousers,loafers,relaxed,cold,business,long_coat,0
brown,brown,beige,formal,oxford,shorts,loafers,regular,mild,business,long_coat,1
beige,black,beige,minimal,dress_shirt,shorts,sneakers,regular,hot,party,jacket,-2
black,navy,black,casual,henley,trousers,boots,relaxed,cold,university,jacket,0
beige,brown,white,old_money,polo,trousers,loafers,relaxed,hot,date,coat,-2
white,brown,black,old_money,dress_shirt,trousers,boots,relaxed,mild,university,long_coat,2
grey,navy,black,formal,polo,trousers,sandals,slim,mild,date,jacket,0
grey,beige,navy,old_money,polo,trousers,loafers,oversized,cold,date,long_coat,2
white,brown,grey,minimal,polo,trousers,boots,slim,hot,business,coat,-2
white,white,brown,casual,polo,trousers,sandals,oversized,mild,business,none,1
navy,beige,black,minimal,henley,trousers,boots,relaxed,mild,business,long_coat,0
white,beige,white,old_money,dress_shirt,trousers,sneakers,slim,hot,party,long_coat,-2
navy,navy,grey,minimal,oxford,trousers,sneakers,slim,mild,party,none,1
brown,brown,white,minimal,oxford,shorts,sneakers,regular,cold,date,coat,1
white,beige,beige,old_money,tee,chinos,sneakers,relaxed,cold,party,none,0
grey,black,grey,minimal,oxford,chinos,boots,oversized,hot,date,jacket,-2
white,brown,grey,casual,henley,jeans,loafers,relaxed,cold,date,jacket,0
black,grey,navy,minimal,oxford,jeans,sneakers,oversized,hot,date,coat,-2
grey,brown,beige,minimal,tee,jeans,sandals,oversized,mild,university,long_coat,0
beige,black,grey,old_money,henley,chinos,boots,relaxed,cold,university,coat,0
black,black,beige,old_money,tee,trousers,boots,oversized,hot,business,long_coat,1
brown,white,beige,streetwear,dress_shirt,shorts,sneakers,slim,hot,university,long_coat,-2
beige,navy,beige,old_money,tee,shorts,boots,relaxed,cold,university,long_coat,2
navy,white,grey,streetwear,tee,shorts,sneakers,regular,hot,party,long_coat,-2
brown,navy,grey,streetwear,oxford,trousers,sandals,relaxed,cold,date,coat,-2
beige,beige,brown,formal,tee,jeans,boots,relaxed,hot,date,jacket,-1
brown,navy,beige,minimal,oxford,trousers,sneakers,slim,cold,university,none,-2
white,grey,black,casual,dress_shirt,trousers,sandals,oversized,mild,party,coat,0
navy,grey,brown,formal,henley,trousers,boots,oversized,mild,date,coat,0
beige,brown,white,old_money,polo,shorts,sneakers,oversized,hot,date,coat,-2
white,brown,black,minimal,oxford,trousers,loafers,relaxed,cold,business,long_coat,0
white,white,black,casual,henley,shorts,boots,relaxed,cold,party,jacket,1
brown,black,white,casual,dress_shirt,chinos,sneakers,relaxed,cold,date,long_coat,0
beige,grey,navy,casual,polo,shorts,sneakers,slim,hot,party,long_coat,-2
white,brown,black,streetwear,henley,trousers,boots,regular,mild,university,jacket,0
navy,black,black,minimal,henley,jeans,sneakers,oversized,hot,party,coat,-2
brown,beige,brown,minimal,henley,jeans,sneakers,oversized,cold,date,none,-2
white,grey,navy,casual,oxford,chinos,boots,regular,mild,university,none,0
beige,black,black,old_money,dress_shirt,jeans,sneakers,oversized,cold,party,coat,2
brown,black,beige,minimal,oxford,shorts,loafers,oversized,hot,university,long_coat,-2
beige,black,beige,minimal,oxford,shorts,boots,oversized,mild,party,none,0
navy,white,black,streetwear,polo,trousers,sandals,slim,mild,university,coat,0
grey,grey,navy,streetwear,polo,jeans,sneakers,relaxed,mild,business,long_coat,1
navy,black,beige,streetwear,oxford,shorts,boots,slim,cold,business,jacket,0
black,black,white,old_money,tee,trousers,loafers,slim,mild,university,long_coat,1
brown,black,grey,old_money,henley,trousers,sneakers,regular,hot,party,long_coat,-2
black,navy,grey,casual,tee,trousers,loafers,relaxed,cold,business,jacket,-1
grey,grey,white,old_money,dress_shirt,jeans,boots,relaxed,cold,date,none,-1
brown,brown,grey,minimal,dress_shirt,trousers,sandals,relaxed,mild,business,coat,1
brown,grey,black,casual,polo,chinos,sneakers,regular,cold,party,coat,0
white,brown,grey,formal,oxford,trousers,sneakers,oversized,cold,party,coat,1
white,white,grey,casual,dress_shirt,shorts,sandals,slim,hot,party,jacket,-1
black,brown,navy,formal,oxford,trousers,boots,oversized,cold,date,long_coat,1
beige,white,grey,old_money,dress_shirt,trousers,sandals,oversized,mild,date,long_coat,0
beige,navy,white,old_money,polo,jeans,sneakers,regular,mild,business,long_coat,0
beige,grey,black,formal,polo,jeans,sneakers,regular,mild,business,long_coat,0
brown,white,black,minimal,tee,shorts,boots,regular,cold,business,none,-2
navy,grey,black,streetwear,dress_shirt,trousers,sneakers,regular,cold,party,long_coat,0
white,beige,beige,minimal,dress_shirt,jeans,sneakers,slim,hot,party,none,0
white,brown,grey,minimal,henley,trousers,sneakers,relaxed,cold,university,none,-2
brown,black,black,formal,henley,jeans,boots,regular,mild,date,coat,0
white,grey,grey,old_money,dress_shirt,chinos,loafers,relaxed,hot,university,none,0
white,white,beige,formal,dress_shirt,chinos,sneakers,slim,hot,business,none,1
white,brown,white,streetwear,polo,chinos,sneakers,slim,mild,business,jacket,0
black,grey,beige,streetwear,dress_shirt,trousers,boots,slim,mild,party,jacket,0
white,grey,black,streetwear,dress_shirt,trousers,boots,slim,mild,party,none,0
beige,navy,white,formal,polo,jeans,sneakers,slim,cold,university,coat,0
white,grey,brown,casual,polo,chinos,loafers,relaxed,hot,business,jacket,-2
grey,white,grey,minimal,polo,trousers,sneakers,relaxed,mild,business,long_coat,0
brown,navy,brown,casual,oxford,jeans,loafers,regular,hot,university,coat,-2
grey,brown,beige,streetwear,henley,shorts,boots,regular,mild,business,coat,0
beige,black,brown,old_money,tee,shorts,sandals,oversized,cold,date,long_coat,0
black,navy,white,minimal,polo,trousers,sandals,oversized,mild,party,none,0
brown,black,white,old_money,henley,chinos,loafers,slim,hot,date,long_coat,-2
brown,beige,beige,streetwear,polo,chinos,sandals,regular,hot,date,none,0
navy,white,brown,streetwear,henley,chinos,sneakers,oversized,cold,business,coat,0
beige,brown,navy,minimal,henley,chinos,sandals,regular,mild,business,coat,0
black,navy,navy,formal,dress_shirt,chinos,loafers,regular,cold,date,coat,1
beige,beige,navy,casual,oxford,jeans,boots,relaxed,mild,date,jacket,1
black,brown,white,old_money,dress_shirt,shorts,sandals,relaxed,hot,date,coat,-2
grey,white,black,streetwear,polo,jeans,sandals,oversized,mild,university,coat,0
grey,navy,beige,casual,dress_shirt,trousers,sandals,relaxed,mild,party,none,0
navy,black,beige,minimal,tee,shorts,loafers,oversized,cold,party,coat,0
white,grey,beige,old_money,polo,chinos,loafers,oversized,hot,date,coat,0
white,beige,white,minimal,polo,chinos,boots,oversized,hot,date,coat,-2
navy,navy,beige,minimal,dress_shirt,shorts,sandals,regular,hot,business,long_coat,-1
navy,beige,brown,streetwear,tee,trousers,loafers,oversized,cold,date,jacket,0
grey,beige,white,old_money,tee,chinos,loafers,relaxed,cold,date,none,-2
beige,black,white,old_money,henley,jeans,boots,slim,mild,university,long_coat,0
black,white,white,streetwear,henley,chinos,sandals,oversized,cold,university,none,-4
grey,brown,grey,formal,polo,chinos,sneakers,regular,hot,business,jacket,-2
black,black,brown,casual,tee,trousers,loafers,regular,mild,date,coat,1
beige,navy,beige,streetwear,dress_shirt,jeans,sandals,relaxed,hot,university,coat,-2
black,brown,black,old_money,polo,jeans,boots,slim,mild,party,jacket,2
brown,beige,black,casual,polo,trousers,sneakers,oversized,hot,date,none,0
grey,white,grey,minimal,tee,jeans,boots,relaxed,mild,date,jacket,0
grey,black,white,casual,polo,shorts,boots,relaxed,mild,party,jacket,0
white,black,beige,minimal,dress_shirt,jeans,sandals,regular,hot,business,none,0
white,beige,black,minimal,polo,shorts,boots,slim,hot,date,jacket,-2
beige,navy,black,casual,polo,shorts,boots,relaxed,cold,business,coat,0
black,grey,white,casual,henley,trousers,boots,regular,hot,business,none,0
white,grey,brown,formal,oxford,shorts,sneakers,relaxed,cold,business,jacket,0
brown,beige,beige,casual,polo,chinos,loafers,regular,hot,business,none,0
navy,brown,grey,minimal,tee,chinos,boots,slim,cold,party,none,-2
brown,navy,black,casual,polo,shorts,sandals,slim,cold,party,none,-4
beige,white,white,formal,henley,trousers,sneakers,relaxed,mild,party,long_coat,1
brown,brown,grey,casual,dress_shirt,trousers,sandals,oversized,cold,business,coat,-1
black,white,white,minimal,oxford,shorts,boots,oversized,mild,business,coat,0
navy,grey,beige,old_money,tee,chinos,sneakers,regular,hot,date,coat,0
beige,grey,beige,streetwear,henley,trousers,loafers,relaxed,cold,business,jacket,0
brown,grey,black,formal,dress_shirt,jeans,boots,slim,hot,date,none,0
beige,white,brown,formal,oxford,shorts,boots,oversized,cold,party,coat,1
grey,grey,beige,formal,oxford,chinos,boots,oversized,hot,party,coat,0
navy,beige,navy,old_money,dress_shirt,jeans,loafers,relaxed,hot,university,coat,0
navy,grey,beige,minimal,dress_shirt,jeans,loafers,relaxed,hot,date,coat,-2
white,black,white,minimal,oxford,chinos,boots,regular,mild,party,coat,0
navy,brown,navy,formal,henley,shorts,loafers,relaxed,mild,business,jacket,1
navy,white,navy,minimal,oxford,jeans,sandals,oversized,cold,party,none,-4
brown,grey,black,streetwear,dress_shirt,jeans,loafers,regular,hot,date,coat,-2
white,navy,beige,casual,tee,shorts,boots,relaxed,mild,date,none,0
beige,brown,black,casual,henley,jeans,sneakers,regular,cold,university,none,-2
brown,grey,white,old_money,tee,jeans,boots,regular,mild,university,none,0
black,black,brown,old_money,henley,chinos,sandals,oversized,hot,date,jacket,1
grey,brown,brown,old_money,oxford,shorts,loafers,oversized,mild,party,none,2
beige,beige,grey,minimal,polo,chinos,sandals,slim,hot,party,none,1
navy,beige,beige,streetwear,oxford,chinos,loafers,slim,hot,university,long_coat,-2
white,white,navy,minimal,polo,jeans,loafers,oversized,mild,date,jacket,1
navy,black,brown,old_money,tee,trousers,loafers,relaxed,hot,date,coat,0
white,navy,black,old_money,henley,shorts,sneakers,slim,cold,date,coat,2
beige,white,beige,streetwear,oxford,shorts,sandals,oversized,hot,party,long_coat,-2
white,brown,brown,old_money,dress_shirt,chinos,sneakers,relaxed,mild,business,coat,2
black,navy,navy,formal,oxford,trousers,boots,relaxed,hot,university,jacket,-1
white,brown,grey,casual,dress_shirt,trousers,boots,oversized,hot,business,coat,-2
black,navy,grey,formal,polo,jeans,sneakers,relaxed,cold,university,coat,0
white,beige,brown,minimal,polo,shorts,sandals,regular,hot,date,jacket,-2
brown,brown,black,casual,tee,jeans,loafers,oversized,mild,business,none,0
grey,navy,beige,streetwear,dress_shirt,jeans,boots,slim,cold,date,long_coat,0
grey,grey,black,minimal,tee,jeans,loafers,regular,mild,university,jacket,1
black,beige,white,casual,tee,trousers,loafers,relaxed,cold,party,none,-2
grey,navy,black,minimal,oxford,trousers,sandals,relaxed,mild,date,none,0
beige,beige,black,minimal,henley,trousers,sneakers,oversized,cold,date,long_coat,1
grey,beige,brown,minimal,dress_shirt,chinos,sandals,slim,cold,business,none,-4
grey,brown,brown,streetwear,henley,shorts,boots,regular,cold,business,long_coat,0
white,beige,grey,minimal,tee,shorts,sandals,relaxed,cold,date,long_coat,-2
grey,beige,beige,minimal,oxford,chinos,loafers,oversized,cold,business,jacket,0
grey,grey,grey,old_money,dress_shirt,jeans,boots,relaxed,cold,university,coat,1
white,brown,black,minimal,oxford,shorts,loafers,regular,hot,date,coat,-2
brown,beige,black,streetwear,tee,shorts,sneakers,relaxed,cold,date,jacket,0
beige,brown,navy,casual,henley,trousers,sneakers,relaxed,mild,university,coat,0
brown,brown,beige,old_money,oxford,chinos,sneakers,oversized,cold,party,none,1
beige,black,navy,minimal,tee,jeans,sandals,relaxed,cold,date,long_coat,-2
grey,navy,navy,formal,polo,chinos,sneakers,oversized,cold,university,none,-1
black,black,black,minimal,tee,jeans,sandals,relaxed,mild,university,none,1
navy,brown,black,streetwear,polo,shorts,loafers,regular,hot,date,none,0
beige,navy,grey,old_money,henley,trousers,sneakers,oversized,cold,university,jacket,0
navy,white,white,streetwear,dress_shirt,jeans,loafers,regular,mild,university,coat,0
white,beige,brown,minimal,oxford,chinos,loafers,regular,mild,date,coat,0
navy,black,brown,streetwear,henley,chinos,loafers,slim,cold,university,jacket,0
beige,grey,navy,formal,dress_shirt,jeans,sneakers,relaxed,mild,date,coat,1
navy,brown,beige,formal,polo,jeans,sandals,regular,mild,university,none,0
navy,black,brown,streetwear,dress_shirt,shorts,sneakers,oversized,hot,university,long_coat,-2
white,brown,navy,casual,polo,trousers,loafers,oversized,hot,business,long_coat,-2
black,black,navy,casual,dress_shirt,chinos,sandals,oversized,cold,business,long_coat,-1
navy,grey,black,minimal,oxford,trousers,loafers,regular,cold,date,coat,0
white,white,white,formal,henley,jeans,loafers,oversized,hot,date,jacket,-1
brown,white,brown,streetwear,oxford,jeans,boots,slim,cold,business,none,-2
white,black,navy,old_money,henley,shorts,sandals,relaxed,hot,university,coat,0
brown,white,black,minimal,oxford,shorts,sneakers,oversized,mild,date,coat,0
brown,brown,grey,casual,polo,chinos,boots,relaxed,hot,date,none,1
brown,black,brown,minimal,henley,trousers,sneakers,oversized,hot,party,coat,-2
grey,beige,beige,streetwear,polo,trousers,sneakers,slim,hot,university,none,0
navy,brown,beige,casual,oxford,chinos,sandals,oversized,cold,party,long_coat,-2
white,white,white,formal,oxford,shorts,boots,oversized,cold,business,coat,1
white,white,black,formal,dress_shirt,trousers,sneakers,regular,mild,business,jacket,1
navy,white,white,formal,oxford,shorts,boots,regular,mild,party,coat,1
navy,white,beige,casual,polo,shorts,boots,slim,mild,business,none,0
white,beige,navy,minimal,tee,shorts,loafers,oversized,cold,business,jacket,0
white,white,beige,old_money,henley,chinos,boots,slim,cold,date,coat,3
white,brown,white,streetwear,dress_shirt,chinos,sneakers,oversized,mild,party,coat,0
black,brown,navy,formal,polo,chinos,loafers,slim,mild,party,coat,2
beige,navy,brown,old_money,henley,chinos,boots,relaxed,hot,university,coat,0
beige,brown,grey,casual,henley,jeans,sandals,slim,hot,university,long_coat,-2
white,black,grey,minimal,henley,shorts,boots,relaxed,mild,party,none,0
brown,black,grey,streetwear,tee,trousers,loafers,slim,hot,date,none,0
grey,grey,grey,old_money,dress_shirt,trousers,sandals,regular,hot,date,none,1
beige,black,black,casual,dress_shirt,jeans,sneakers,slim,mild,party,coat,0
grey,navy,grey,casual,tee,chinos,sandals,slim,cold,party,none,-4
grey,navy,brown,casual,henley,chinos,sneakers,slim,cold,university,none,-2
black,brown,white,formal,polo,shorts,boots,regular,mild,university,long_coat,0
brown,navy,grey,casual,henley,shorts,sandals,regular,cold,date,long_coat,-2
black,navy,grey,minimal,polo,jeans,loafers,slim,cold,university,jacket,0
beige,grey,brown,old_money,dress_shirt,shorts,sneakers,regular,hot,date,none,2
navy,black,grey,old_money,tee,chinos,boots,oversized,mild,party,none,0
white,white,navy,streetwear,henley,trousers,sandals,slim,mild,date,jacket,1
navy,grey,beige,casual,polo,shorts,loafers,regular,cold,date,coat,0
brown,grey,navy,streetwear,tee,chinos,loafers,slim,mild,business,none,0
white,black,beige,streetwear,dress_shirt,shorts,sandals,relaxed,hot,party,coat,-2
navy,grey,white,old_money,oxford,shorts,sandals,regular,hot,date,coat,-2
beige,white,navy,casual,polo,shorts,sandals,slim,mild,university,long_coat,0
navy,white,navy,minimal,tee,trousers,boots,relaxed,mild,business,none,0
beige,brown,grey,old_money,oxford,shorts,sneakers,relaxed,mild,party,long_coat,0
beige,navy,grey,casual,henley,shorts,loafers,regular,cold,business,coat,0
navy,beige,brown,old_money,polo,jeans,loafers,slim,cold,business,none,0
white,beige,beige,formal,dress_shirt,jeans,loafers,relaxed,hot,business,long_coat,-2
brown,beige,brown,minimal,oxford,shorts,sneakers,regular,hot,business,jacket,-2
white,navy,black,old_money,polo,shorts,boots,regular,cold,university,none,0
white,navy,brown,old_money,henley,chinos,sandals,regular,hot,party,none,2
beige,brown,navy,formal,tee,shorts,loafers,oversized,hot,date,none,1
black,black,grey,streetwear,polo,jeans,loafers,relaxed,hot,university,jacket,-1
white,black,white,casual,oxford,chinos,sneakers,relaxed,hot,date,long_coat,-2
navy,brown,black,formal,oxford,trousers,sneakers,regular,hot,university,coat,-2
white,beige,beige,old_money,oxford,shorts,boots,oversized,cold,business,none,0
navy,beige,navy,old_money,dress_shirt,jeans,sandals,relaxed,mild,date,long_coat,2
white,black,grey,minimal,dress_shirt,trousers,sandals,regular,cold,business,none,-4
grey,black,brown,casual,dress_shirt,trousers,boots,relaxed,cold,business,coat,0
white,black,black,minimal,oxford,chinos,sneakers,regular,mild,party,none,0
brown,navy,black,streetwear,polo,jeans,loafers,slim,hot,business,jacket,-2
navy,navy,navy,casual,henley,chinos,loafers,slim,cold,date,long_coat,1
navy,black,grey,formal,oxford,chinos,sandals,regular,hot,date,jacket,-2
brown,black,beige,formal,henley,trousers,loafers,oversized,cold,party,long_coat,1
white,beige,navy,casual,dress_shirt,trousers,boots,slim,cold,party,none,-2
navy,white,brown,minimal,dress_shirt,trousers,loafers,relaxed,mild,business,none,0
white,white,grey,minimal,polo,jeans,loafers,slim,mild,business,jacket,1
navy,brown,black,old_money,dress_shirt,jeans,boots,slim,hot,business,long_coat,0
grey,brown,navy,minimal,henley,trousers,sandals,relaxed,hot,university,none,0
grey,beige,white,casual,dress_shirt,shorts,sneakers,regular,cold,date,none,-2
black,beige,brown,streetwear,henley,trousers,sneakers,slim,hot,party,jacket,-2
navy,brown,grey,old_money,henley,trousers,sneakers,oversized,hot,business,jacket,-2
black,brown,white,streetwear,tee,shorts,loafers,slim,hot,business,long_coat,-2
grey,navy,navy,old_money,polo,shorts,loafers,slim,mild,party,jacket,2
brown,navy,brown,formal,tee,trousers,sandals,oversized,hot,party,jacket,-1
grey,brown,black,formal,henley,chinos,sneakers,regular,cold,university,none,-2
black,black,navy,minimal,polo,chinos,sandals,regular,mild,university,coat,1
navy,white,white,casual,dress_shirt,chinos,loafers,slim,hot,date,coat,-2
grey,navy,beige,streetwear,henley,shorts,boots,regular,mild,date,long_coat,0
beige,beige,navy,old_money,tee,shorts,boots,slim,mild,party,jacket,3
white,black,navy,old_money,tee,trousers,boots,oversized,mild,date,none,2
beige,beige,black,old_money,tee,chinos,sandals,slim,cold,business,long_coat,1
black,grey,black,formal,polo,chinos,boots,slim,mild,university,long_coat,0
black,navy,black,minimal,oxford,chinos,sneakers,oversized,mild,business,none,0
grey,black,grey,old_money,polo,trousers,loafers,regular,cold,party,none,-2
brown,navy,brown,formal,oxford,chinos,sneakers,regular,mild,party,long_coat,1
white,navy,beige,casual,henley,chinos,sneakers,regular,cold,business,none,-2
beige,black,white,old_money,henley,chinos,sneakers,regular,mild,party,none,0
navy,black,navy,old_money,henley,trousers,sandals,slim,mild,university,coat,2
navy,grey,navy,casual,oxford,shorts,sandals,oversized,mild,party,jacket,0
black,brown,black,streetwear,henley,chinos,sandals,regular,hot,party,long_coat,-2
grey,white,beige,minimal,henley,jeans,boots,regular,cold,business,none,-2
white,beige,grey,streetwear,henley,chinos,loafers,relaxed,hot,party,none,0
grey,black,grey,formal,polo,chinos,loafers,relaxed,mild,university,long_coat,0
grey,black,black,casual,oxford,jeans,boots,slim,mild,university,jacket,0
beige,beige,white,casual,polo,jeans,sandals,regular,hot,university,jacket,-1
white,brown,grey,old_money,tee,chinos,sneakers,relaxed,hot,university,none,0
black,brown,white,old_money,henley,trousers,boots,slim,mild,party,none,0
grey,brown,white,formal,oxford,chinos,boots,oversized,hot,party,coat,-1
grey,beige,brown,streetwear,tee,shorts,boots,oversized,mild,party,jacket,0
white,white,navy,old_money,oxford,jeans,sandals,regular,cold,party,coat,1
brown,beige,grey,casual,polo,trousers,loafers,slim,cold,business,coat,0
black,brown,black,minimal,polo,chinos,boots,relaxed,mild,date,none,0
beige,black,black,casual,tee,shorts,sneakers,relaxed,hot,date,long_coat,-2
beige,white,white,streetwear,henley,trousers,sneakers,slim,hot,date,coat,-2
navy,beige,white,casual,oxford,trousers,boots,slim,cold,date,jacket,0
white,brown,brown,casual,tee,shorts,boots,oversized,cold,business,long_coat,-1
black,beige,white,old_money,dress_shirt,jeans,sandals,slim,mild,university,coat,0
white,navy,black,old_money,henley,shorts,sneakers,slim,cold,university,coat,2
black,grey,brown,casual,polo,trousers,boots,oversized,mild,date,long_coat,0
grey,beige,black,minimal,polo,trousers,sneakers,relaxed,mild,university,coat,0
brown,brown,white,minimal,oxford,chinos,loafers,relaxed,mild,university,coat,1
navy,white,navy,minimal,tee,chinos,loafers,slim,mild,business,coat,0
navy,navy,brown,casual,tee,shorts,sandals,relaxed,cold,business,long_coat,-2
brown,navy,beige,streetwear,dress_shirt,trousers,sandals,slim,cold,university,none,-4
beige,black,black,casual,oxford,chinos,loafers,regular,mild,business,long_coat,0
brown,brown,navy,streetwear,polo,trousers,sandals,relaxed,cold,date,long_coat,-1
black,white,black,minimal,dress_shirt,chinos,sneakers,relaxed,hot,university,jacket,-2
navy,brown,grey,formal,polo,jeans,sneakers,oversized,hot,university,jacket,-2
black,brown,white,formal,oxford,trousers,sneakers,relaxed,hot,date,jacket,-2
grey,black,white,formal,henley,shorts,loafers,relaxed,mild,party,long_coat,1
white,brown,brown,old_money,oxford,chinos,sandals,slim,cold,university,long_coat,0
black,brown,white,minimal,polo,chinos,loafers,regular,hot,date,coat,-2
grey,beige,black,formal,polo,shorts,loafers,oversized,mild,date,coat,0
brown,grey,white,casual,henley,trousers,sneakers,oversized,mild,party,long_coat,0
white,beige,navy,casual,henley,trousers,boots,slim,cold,date,none,-2
black,white,white,formal,tee,trousers,boots,oversized,hot,party,long_coat,-1
beige,brown,black,old_money,polo,trousers,loafers,slim,hot,business,long_coat,0
grey,navy,white,minimal,tee,shorts,sneakers,oversized,hot,business,jacket,-2
navy,grey,black,casual,dress_shirt,chinos,sandals,oversized,mild,party,coat,0
white,brown,grey,minimal,henley,jeans,sandals,regular,hot,date,long_coat,-2
grey,grey,grey,casual,henley,chinos,sandals,oversized,mild,date,coat,1
grey,navy,brown,minimal,polo,shorts,loafers,slim,mild,date,coat,0
navy,white,navy,streetwear,oxford,shorts,boots,relaxed,mild,business,coat,0
black,grey,black,old_money,henley,trousers,sandals,regular,mild,date,long_coat,2
brown,beige,beige,casual,dress_shirt,shorts,sandals,relaxed,hot,business,none,0
black,black,beige,streetwear,polo,jeans,sneakers,relaxed,hot,business,long_coat,-1
grey,black,black,streetwear,oxford,trousers,sandals,slim,hot,party,long_coat,-2
beige,black,beige,old_money,tee,jeans,sneakers,slim,hot,university,long_coat,0
grey,grey,brown,streetwear,tee,trousers,loafers,oversized,cold,university,none,-1
beige,white,white,formal,dress_shirt,trousers,sneakers,regular,cold,date,coat,0
beige,beige,white,streetwear,polo,jeans,sneakers,slim,mild,party,none,1
grey,beige,brown,minimal,polo,trousers,sneakers,relaxed,mild,date,jacket,0
beige,brown,grey,old_money,dress_shirt,shorts,sneakers,regular,hot,date,coat,-2
grey,white,navy,minimal,tee,jeans,sneakers,relaxed,cold,party,jacket,0
beige,navy,navy,formal,oxford,jeans,loafers,regular,mild,university,coat,1
black,white,brown,casual,oxford,jeans,loafers,oversized,hot,university,none,0
brown,beige,black,minimal,henley,trousers,loafers,regular,hot,business,jacket,-2
grey,black,grey,old_money,polo,jeans,sandals,slim,hot,university,coat,-2
black,brown,brown,minimal,tee,chinos,sandals,regular,hot,party,long_coat,-2
white,beige,grey,streetwear,polo,jeans,boots,relaxed,hot,party,coat,-2
brown,brown,brown,old_money,oxford,jeans,loafers,regular,mild,party,jacket,3
black,white,brown,old_money,polo,trousers,loafers,slim,hot,university,jacket,0
navy,grey,beige,formal,tee,shorts,loafers,oversized,mild,business,jacket,0
grey,beige,navy,old_money,henley,jeans,loafers,oversized,cold,date,coat,2
white,navy,navy,formal,polo,shorts,sandals,oversized,mild,business,jacket,1
brown,black,white,formal,henley,trousers,loafers,relaxed,cold,party,long_coat,1
white,black,black,casual,tee,trousers,sneakers,regular,cold,party,long_coat,0
navy,grey,black,minimal,dress_shirt,chinos,sneakers,relaxed,cold,party,long_coat,0
brown,white,beige,formal,polo,trousers,sandals,oversized,cold,university,coat,-2
black,beige,beige,casual,henley,trousers,sneakers,regular,cold,university,long_coat,0
black,white,brown,formal,dress_shirt,jeans,sneakers,regular,hot,date,coat,-2
grey,brown,brown,formal,polo,trousers,boots,regular,cold,date,long_coat,0
grey,black,navy,minimal,henley,shorts,sandals,oversized,cold,party,jacket,-2
black,grey,navy,old_money,henley,trousers,boots,regular,mild,date,none,2
navy,brown,grey,minimal,tee,chinos,sandals,regular,mild,date,jacket,0
black,beige,navy,streetwear,henley,chinos,sandals,relaxed,mild,date,coat,0
white,brown,brown,minimal,tee,shorts,loafers,slim,mild,business,coat,0
beige,black,beige,streetwear,polo,trousers,boots,regular,cold,business,coat,0
brown,beige,beige,streetwear,tee,chinos,sandals,relaxed,hot,business,coat,-2
white,beige,black,old_money,polo,shorts,sandals,oversized,hot,university,none,2
navy,white,brown,streetwear,polo,jeans,loafers,oversized,mild,university,none,0
white,black,navy,formal,polo,shorts,sandals,regular,cold,business,none,-3
white,navy,beige,streetwear,tee,chinos,boots,slim,mild,party,coat,0
grey,beige,navy,formal,henley,trousers,sneakers,slim,mild,date,none,1
beige,black,navy,minimal,oxford,chinos,sandals,oversized,cold,party,coat,-2
grey,black,beige,streetwear,tee,chinos,sneakers,oversized,cold,party,jacket,0
white,black,grey,formal,tee,chinos,sneakers,regular,cold,university,long_coat,0
grey,brown,beige,formal,polo,jeans,sandals,regular,hot,university,none,0
grey,beige,white,formal,dress_shirt,chinos,sneakers,relaxed,hot,party,coat,-1
navy,black,grey,minimal,oxford,chinos,sneakers,regular,mild,party,none,0
white,black,beige,casual,polo,shorts,loafers,slim,mild,university,long_coat,0
grey,white,white,streetwear,dress_shirt,shorts,boots,oversized,mild,business,none,0
grey,grey,grey,streetwear,oxford,chinos,boots,oversized,cold,date,jacket,1
white,grey,grey,old_money,dress_shirt,shorts,loafers,regular,hot,party,jacket,-2
navy,brown,black,minimal,henley,jeans,loafers,regular,hot,business,jacket,-2
navy,grey,white,casual,henley,chinos,loafers,slim,hot,date,jacket,-2
white,navy,white,formal,henley,jeans,boots,relaxed,hot,date,none,0
black,brown,beige,casual,tee,jeans,boots,regular,cold,university,long_coat,0
black,black,beige,minimal,tee,chinos,sneakers,regular,cold,party,coat,1
black,navy,brown,old_money,polo,trousers,sandals,slim,hot,business,coat,0
beige,white,navy,streetwear,dress_shirt,shorts,boots,relaxed,hot,party,jacket,-2
brown,beige,white,old_money,tee,jeans,sandals,regular,hot,date,jacket,-2
grey,grey,black,streetwear,polo,jeans,boots,oversized,hot,date,long_coat,-1
grey,navy,beige,formal,henley,trousers,loafers,relaxed,cold,date,none,-2
beige,brown,beige,streetwear,oxford,shorts,sandals,slim,mild,date,coat,0
black,grey,brown,formal,dress_shirt,chinos,loafers,relaxed,cold,party,long_coat,1
grey,beige,white,casual,henley,chinos,loafers,slim,hot,date,jacket,-2
brown,navy,navy,minimal,oxford,shorts,loafers,oversized,hot,party,none,0
beige,white,grey,streetwear,tee,chinos,loafers,regular,cold,date,coat,0
navy,black,black,streetwear,oxford,trousers,loafers,relaxed,cold,date,long_coat,0
black,white,brown,formal,tee,shorts,boots,relaxed,cold,date,coat,0
white,beige,white,minimal,oxford,jeans,boots,regular,cold,party,jacket,0
grey,beige,beige,casual,tee,shorts,sneakers,slim,mild,university,jacket,0
black,grey,navy,minimal,dress_shirt,jeans,sneakers,regular,mild,date,jacket,0
grey,white,beige,casual,tee,chinos,sneakers,regular,mild,date,long_coat,0
brown,grey,navy,formal,polo,chinos,sandals,oversized,hot,university,none,1
brown,grey,navy,casual,tee,trousers,sneakers,slim,cold,party,jacket,0
white,white,white,casual,polo,jeans,sneakers,oversized,mild,business,none,1
black,white,grey,old_money,polo,jeans,sandals,relaxed,cold,business,jacket,-2
white,white,grey,casual,polo,jeans,sandals,regular,hot,party,coat,-1
brown,grey,white,minimal,dress_shirt,trousers,sneakers,slim,hot,business,jacket,-2
brown,white,beige,formal,oxford,jeans,boots,relaxed,mild,business,none,0
navy,white,brown,casual,henley,shorts,loafers,relaxed,cold,business,long_coat,0
brown,white,navy,formal,polo,jeans,boots,oversized,mild,university,jacket,1
beige,white,white,minimal,tee,shorts,sneakers,slim,cold,business,none,-2
beige,navy,grey,streetwear,polo,chinos,loafers,oversized,hot,party,jacket,-2
grey,white,black,streetwear,polo,jeans,sneakers,regular,hot,business,jacket,-2
white,brown,white,minimal,dress_shirt,trousers,loafers,slim,mild,business,long_coat,0
navy,grey,navy,casual,henley,trousers,sandals,relaxed,cold,party,jacket,-2
brown,brown,brown,casual,oxford,trousers,loafers,regular,mild,party,jacket,1
black,white,white,old_money,polo,shorts,sandals,relaxed,hot,party,jacket,-2
grey,beige,beige,old_money,polo,shorts,boots,oversized,mild,date,jacket,2
black,navy,navy,casual,dress_shirt,chinos,sandals,slim,hot,date,coat,-2
beige,white,beige,minimal,oxford,chinos,boots,relaxed,mild,university,jacket,0
grey,black,navy,minimal,oxford,jeans,sandals,relaxed,mild,party,none,0
brown,white,beige,formal,tee,chinos,boots,regular,mild,university,long_coat,0
navy,navy,black,casual,oxford,jeans,sneakers,slim,hot,university,none,1
brown,white,grey,formal,oxford,shorts,boots,slim,mild,party,jacket,1
navy,beige,brown,streetwear,dress_shirt,chinos,sandals,regular,hot,business,coat,-2
beige,beige,grey,casual,polo,jeans,sandals,relaxed,hot,party,jacket,-1
white,black,beige,streetwear,tee,jeans,loafers,relaxed,hot,university,long_coat,-2
brown,navy,black,formal,dress_shirt,shorts,sneakers,relaxed,cold,party,none,-1
grey,black,white,old_money,dress_shirt,shorts,sandals,regular,hot,university,long_coat,-2
black,beige,beige,casual,dress_shirt,chinos,boots,regular,hot,university,coat,-2
beige,beige,black,old_money,dress_shirt,trousers,loafers,relaxed,mild,date,none,3
grey,brown,black,old_money,oxford,jeans,loafers,regular,cold,party,coat,2
navy,brown,brown,streetwear,polo,trousers,boots,oversized,hot,university,jacket,-2
black,brown,navy,minimal,oxford,trousers,sneakers,slim,hot,business,jacket,-2
white,grey,white,old_money,polo,jeans,sandals,regular,mild,party,none,0
white,brown,black,formal,polo,jeans,loafers,relaxed,cold,university,coat,0
beige,brown,black,old_money,dress_shirt,jeans,boots,regular,hot,business,none,2
brown,brown,beige,formal,henley,shorts,boots,slim,cold,business,jacket,1
beige,black,white,casual,dress_shirt,trousers,sneakers,regular,hot,date,jacket,-2
beige,grey,brown,casual,tee,jeans,sandals,oversized,hot,party,coat,-2
navy,white,beige,streetwear,dress_shirt,trousers,boots,slim,mild,university,long_coat,0
white,navy,black,minimal,dress_shirt,jeans,boots,regular,mild,business,long_coat,0
navy,black,white,casual,polo,chinos,sandals,relaxed,cold,university,coat,-2
beige,white,beige,minimal,henley,shorts,loafers,slim,cold,university,long_coat,0
black,grey,grey,streetwear,oxford,trousers,loafers,relaxed,cold,university,coat,0
white,beige,grey,old_money,tee,chinos,sneakers,slim,mild,date,jacket,0
beige,white,beige,casual,polo,trousers,boots,oversized,cold,university,long_coat,0
brown,grey,beige,old_money,oxford,trousers,boots,relaxed,mild,business,none,2
beige,white,brown,minimal,henley,trousers,sandals,regular,mild,party,long_coat,0
black,beige,black,streetwear,dress_shirt,chinos,boots,slim,hot,university,jacket,-2
white,black,beige,streetwear,oxford,shorts,sneakers,slim,mild,business,coat,0
brown,grey,black,formal,dress_shirt,shorts,loafers,oversized,hot,party,none,1
black,white,black,old_money,polo,jeans,boots,regular,hot,date,long_coat,0
white,black,navy,formal,dress_shirt,chinos,sneakers,regular,hot,business,jacket,-1
white,white,white,streetwear,tee,shorts,loafers,regular,mild,party,none,1
black,navy,brown,streetwear,dress_shirt,trousers,sneakers,oversized,mild,university,coat,0
black,white,brown,minimal,oxford,trousers,sneakers,oversized,hot,party,coat,-2
white,grey,navy,old_money,oxford,trousers,sandals,regular,hot,party,coat,0
grey,navy,navy,old_money,tee,jeans,sneakers,oversized,cold,university,coat,2
navy,grey,white,formal,polo,jeans,boots,oversized,hot,date,none,0
black,white,beige,formal,tee,trousers,sneakers,oversized,mild,business,coat,0
white,beige,black,formal,polo,trousers,loafers,relaxed,mild,business,long_coat,0
navy,grey,brown,minimal,polo,chinos,sneakers,oversized,hot,date,long_coat,-2
grey,navy,grey,casual,henley,shorts,loafers,relaxed,cold,party,coat,0
navy,grey,beige,old_money,henley,trousers,boots,regular,mild,party,coat,2
brown,white,brown,formal,polo,shorts,sneakers,oversized,cold,party,jacket,1
beige,beige,navy,minimal,dress_shirt,trousers,sandals,slim,cold,date,long_coat,-1
grey,black,black,formal,polo,jeans,boots,relaxed,cold,business,none,-2
navy,beige,grey,minimal,dress_shirt,chinos,loafers,regular,mild,business,coat,0
navy,black,navy,casual,henley,chinos,sandals,slim,mild,business,long_coat,0
white,beige,beige,streetwear,oxford,jeans,loafers,relaxed,cold,party,jacket,0
beige,beige,brown,streetwear,oxford,shorts,sandals,slim,cold,business,jacket,-1
white,brown,grey,minimal,dress_shirt,jeans,boots,regular,cold,party,coat,0
white,white,navy,streetwear,oxford,trousers,boots,slim,cold,university,coat,1
brown,white,navy,formal,polo,jeans,boots,regular,mild,party,coat,2
navy,black,navy,old_money,tee,chinos,sneakers,relaxed,hot,business,jacket,0
grey,navy,brown,minimal,polo,trousers,sneakers,regular,cold,party,none,-2
brown,white,white,minimal,henley,jeans,boots,relaxed,hot,party,jacket,-2
brown,brown,beige,formal,dress_shirt,chinos,loafers,relaxed,hot,university,jacket,-1
beige,navy,brown,casual,oxford,shorts,sandals,regular,cold,university,jacket,-2
brown,white,black,old_money,henley,chinos,sandals,relaxed,hot,business,long_coat,0
brown,black,white,formal,dress_shirt,shorts,sneakers,regular,hot,business,long_coat,-2
navy,navy,beige,minimal,tee,chinos,loafers,regular,mild,date,coat,1
white,white,grey,formal,tee,chinos,boots,oversized,mild,business,jacket,1
brown,grey,brown,formal,dress_shirt,trousers,sandals,relaxed,cold,party,jacket,-1
white,beige,grey,formal,dress_shirt,chinos,sneakers,oversized,hot,business,jacket,-2
grey,navy,brown,old_money,tee,trousers,loafers,slim,mild,party,coat,2
beige,brown,grey,formal,henley,chinos,sneakers,oversized,mild,party,none,1
brown,beige,brown,minimal,henley,shorts,sandals,relaxed,cold,date,coat,-2
brown,grey,grey,casual,tee,shorts,sandals,oversized,cold,business,jacket,-3
brown,white,white,old_money,henley,chinos,loafers,oversized,hot,business,long_coat,-2
brown,white,brown,formal,henley,trousers,sneakers,slim,cold,party,jacket,1
navy,beige,black,minimal,polo,jeans,boots,regular,mild,date,coat,0
black,white,black,formal,polo,jeans,boots,oversized,mild,party,long_coat,1
white,navy,black,formal,dress_shirt,chinos,loafers,slim,cold,business,coat,0
beige,white,navy,streetwear,henley,trousers,sandals,relaxed,mild,party,none,0
white,brown,beige,old_money,dress_shirt,shorts,sandals,slim,mild,university,none,2
black,white,navy,minimal,tee,chinos,boots,regular,hot,date,none,0
grey,black,navy,formal,oxford,shorts,loafers,regular,mild,university,none,1
black,white,beige,old_money,henley,chinos,boots,slim,hot,university,coat,0
beige,black,navy,old_money,polo,trousers,boots,oversized,mild,university,jacket,2
beige,white,beige,old_money,dress_shirt,shorts,loafers,oversized,hot,university,jacket,0
navy,brown,brown,streetwear,dress_shirt,trousers,sandals,relaxed,mild,party,coat,0
navy,black,grey,formal,polo,shorts,loafers,relaxed,cold,date,jacket,0
black,grey,black,streetwear,polo,chinos,sneakers,regular,cold,date,coat,0
brown,white,grey,minimal,henley,jeans,sneakers,slim,mild,date,long_coat,0
white,beige,black,formal,dress_shirt,trousers,sneakers,slim,cold,business,coat,0
navy,grey,navy,streetwear,dress_shirt,jeans,sandals,relaxed,hot,party,coat,-2
beige,brown,navy,streetwear,henley,jeans,loafers,relaxed,mild,party,jacket,0
grey,black,grey,streetwear,tee,shorts,sandals,regular,cold,date,jacket,-2
brown,brown,navy,formal,tee,trousers,sneakers,regular,hot,party,jacket,1
grey,grey,black,casual,henley,trousers,sandals,oversized,mild,party,jacket,1
beige,grey,grey,streetwear,oxford,shorts,sneakers,relaxed,cold,date,coat,0
beige,grey,white,streetwear,oxford,shorts,sandals,regular,hot,business,none,0
black,grey,black,minimal,dress_shirt,trousers,sneakers,oversized,cold,date,long_coat,0
black,brown,white,formal,dress_shirt,trousers,boots,relaxed,mild,business,jacket,0
brown,navy,black,streetwear,oxford,trousers,sneakers,relaxed,hot,university,none,0
grey,white,navy,old_money,polo,trousers,sandals,relaxed,hot,party,none,2
brown,white,black,formal,henley,trousers,boots,regular,mild,date,long_coat,0
grey,black,grey,minimal,henley,jeans,boots,regular,cold,party,none,-2
white,white,grey,minimal,polo,trousers,boots,oversized,cold,university,long_coat,1
white,navy,black,minimal,henley,shorts,sneakers,regular,mild,party,coat,0
black,white,black,streetwear,oxford,jeans,boots,slim,hot,university,none,0
beige,beige,black,casual,polo,jeans,sandals,regular,hot,business,long_coat,-1
brown,brown,black,old_money,oxford,jeans,sandals,slim,cold,university,long_coat,1
beige,black,black,minimal,dress_shirt,chinos,sandals,relaxed,cold,university,jacket,-2
navy,black,white,streetwear,tee,trousers,boots,slim,mild,party,coat,0
white,beige,brown,streetwear,dress_shirt,chinos,loafers,relaxed,mild,business,jacket,0
black,beige,navy,streetwear,polo,jeans,boots,slim,hot,university,coat,-2
navy,brown,black,streetwear,oxford,jeans,sandals,oversized,hot,university,none,0
white,beige,black,formal,polo,trousers,sandals,slim,cold,date,long_coat,-2
navy,beige,black,minimal,tee,chinos,loafers,relaxed,mild,university,none,0
beige,beige,brown,minimal,dress_shirt,shorts,loafers,regular,cold,university,long_coat,1
brown,black,black,streetwear,dress_shirt,shorts,boots,regular,mild,party,coat,0
grey,black,navy,streetwear,oxford,jeans,sandals,relaxed,mild,date,jacket,0
black,black,beige,formal,dress_shirt,trousers,loafers,slim,cold,university,jacket,1
black,navy,grey,old_money,henley,jeans,sneakers,oversized,cold,business,none,-2
beige,brown,navy,streetwear,polo,jeans,boots,relaxed,cold,date,long_coat,0
grey,navy,grey,old_money,tee,shorts,boots,slim,hot,university,jacket,-2
white,brown,beige,formal,oxford,chinos,sneakers,oversized,hot,business,long_coat,-2
brown,brown,grey,formal,polo,chinos,sneakers,regular,hot,date,jacket,-1
white,beige,brown,old_money,polo,jeans,loafers,relaxed,mild,business,coat,2
brown,beige,brown,streetwear,polo,trousers,sandals,oversized,mild,university,jacket,0
black,white,navy,streetwear,henley,jeans,sandals,relaxed,hot,university,none,0
white,beige,black,old_money,dress_shirt,jeans,sandals,regular,mild,university,coat,2
brown,black,grey,casual,dress_shirt,trousers,sneakers,slim,mild,business,coat,0
black,beige,brown,casual,oxford,shorts,sandals,regular,hot,business,long_coat,-2
black,grey,white,formal,oxford,jeans,sandals,relaxed,hot,party,coat,-1
brown,navy,navy,casual,polo,trousers,sandals,regular,hot,party,long_coat,-2
navy,white,black,formal,oxford,chinos,sandals,relaxed,cold,university,jacket,-2
beige,grey,black,streetwear,henley,shorts,loafers,regular,cold,party,long_coat,0
black,beige,brown,streetwear,dress_shirt,shorts,loafers,relaxed,mild,party,long_coat,0
navy,beige,navy,streetwear,oxford,shorts,sneakers,slim,cold,party,jacket,0
beige,white,grey,casual,oxford,shorts,loafers,slim,cold,date,none,-2
white,brown,grey,streetwear,polo,shorts,loafers,relaxed,cold,party,long_coat,0
grey,white,grey,formal,polo,jeans,loafers,slim,mild,business,coat,0
beige,black,beige,casual,henley,trousers,sandals,regular,hot,business,jacket,-2
black,black,grey,minimal,oxford,trousers,sandals,oversized,mild,university,long_coat,1
black,beige,white,old_money,oxford,jeans,sneakers,oversized,hot,party,jacket,-2
grey,brown,beige,formal,dress_shirt,chinos,boots,slim,cold,date,coat,0
beige,white,grey,casual,henley,trousers,loafers,relaxed,mild,university,jacket,0
grey,grey,grey,formal,henley,jeans,boots,regular,mild,university,coat,1
white,navy,beige,formal,dress_shirt,jeans,boots,relaxed,hot,party,coat,-1
black,white,white,formal,henley,jeans,loafers,relaxed,cold,business,coat,0
beige,beige,black,streetwear,polo,shorts,sneakers,oversized,cold,business,none,-1
brown,white,navy,formal,dress_shirt,jeans,boots,relaxed,hot,party,jacket,0
white,navy,navy,streetwear,henley,jeans,loafers,regular,hot,party,jacket,-2
white,beige,brown,old_money,polo,trousers,loafers,slim,mild,date,long_coat,2
white,brown,brown,streetwear,tee,shorts,sneakers,relaxed,cold,date,coat,0
beige,navy,white,casual,henley,shorts,sandals,slim,mild,business,coat,0
navy,grey,black,streetwear,tee,trousers,boots,relaxed,mild,university,none,0
grey,black,navy,minimal,polo,shorts,loafers,regular,hot,party,long_coat,-2
navy,navy,black,minimal,polo,chinos,sneakers,oversized,mild,date,long_coat,1
beige,beige,black,streetwear,oxford,jeans,loafers,oversized,hot,date,jacket,-1
white,black,brown,casual,polo,shorts,loafers,relaxed,mild,party,jacket,0
white,white,black,streetwear,dress_shirt,trousers,sneakers,relaxed,mild,party,coat,1
beige,black,black,casual,tee,chinos,boots,oversized,mild,party,none,0
black,navy,beige,formal,polo,trousers,sandals,regular,cold,party,long_coat,-1
white,brown,white,formal,dress_shirt,chinos,loafers,regular,hot,date,long_coat,-2
grey,black,brown,casual,henley,chinos,sandals,slim,mild,party,jacket,0
navy,navy,brown,minimal,dress_shirt,jeans,loafers,regular,hot,university,coat,-1
brown,navy,grey,casual,polo,trousers,sandals,oversized,cold,business,long_coat,-2
beige,beige,white,old_money,dress_shirt,trousers,boots,relaxed,cold,university,jacket,1
beige,navy,white,streetwear,dress_shirt,chinos,boots,regular,mild,date,jacket,0
navy,beige,navy,minimal,oxford,shorts,sandals,oversized,hot,party,none,0
beige,navy,beige,casual,dress_shirt,chinos,loafers,regular,hot,party,coat,-2
black,black,white,casual,polo,jeans,loafers,regular,hot,date,none,1
brown,white,brown,minimal,polo,chinos,boots,relaxed,cold,business,long_coat,0
beige,beige,beige,formal,polo,shorts,sandals,oversized,mild,party,jacket,2
grey,brown,navy,formal,oxford,jeans,boots,regular,mild,university,jacket,1
black,white,navy,formal,henley,trousers,sneakers,regular,mild,business,long_coat,1
beige,black,grey,streetwear,henley,jeans,sandals,slim,mild,university,long_coat,0
navy,white,black,casual,tee,jeans,boots,relaxed,cold,business,jacket,-1
navy,white,white,minimal,tee,chinos,sandals,slim,mild,university,jacket,0
white,white,black,old_money,dress_shirt,jeans,loafers,relaxed,mild,university,long_coat,3
brown,black,navy,old_money,tee,trousers,sneakers,relaxed,cold,business,jacket,2
black,navy,navy,old_money,henley,chinos,sneakers,relaxed,mild,university,jacket,2
brown,beige,navy,minimal,oxford,shorts,loafers,oversized,hot,university,none,0
brown,navy,brown,minimal,dress_shirt,shorts,loafers,slim,mild,date,coat,0
grey,grey,black,casual,tee,shorts,sneakers,oversized,mild,party,long_coat,1
brown,navy,black,streetwear,polo,jeans,sandals,relaxed,hot,date,none,0
white,white,white,streetwear,polo,chinos,loafers,slim,hot,date,coat,-1
brown,grey,white,casual,polo,trousers,sandals,slim,mild,university,jacket,0
beige,grey,navy,old_money,henley,shorts,loafers,relaxed,hot,date,coat,0
navy,white,grey,minimal,oxford,chinos,sneakers,regular,hot,university,long_coat,-2
brown,brown,brown,old_money,tee,jeans,loafers,slim,hot,party,jacket,1
navy,black,navy,minimal,oxford,trousers,loafers,regular,mild,party,jacket,0
brown,navy,white,casual,oxford,jeans,sandals,slim,cold,business,none,-4
brown,black,grey,casual,henley,jeans,sandals,oversized,hot,business,none,0
brown,beige,white,casual,tee,shorts,boots,relaxed,mild,university,long_coat,0
beige,brown,grey,old_money,oxford,chinos,sandals,slim,mild,business,coat,0
navy,black,white,casual,henley,jeans,sandals,slim,hot,party,long_coat,-2
black,grey,black,streetwear,henley,trousers,boots,relaxed,cold,party,coat,0
brown,grey,white,streetwear,polo,shorts,loafers,regular,cold,party,none,-2
black,white,grey,streetwear,henley,shorts,boots,slim,hot,business,none,0
brown,grey,black,old_money,tee,chinos,sandals,oversized,cold,business,none,-2
white,white,beige,formal,polo,chinos,sneakers,oversized,cold,university,none,-1
grey,beige,navy,formal,tee,trousers,boots,slim,cold,university,none,-1
white,beige,beige,streetwear,henley,trousers,boots,regular,cold,business,jacket,0
navy,navy,brown,casual,dress_shirt,chinos,loafers,relaxed,mild,business,long_coat,1
black,grey,beige,streetwear,tee,shorts,boots,regular,mild,university,long_coat,0
navy,brown,grey,streetwear,oxford,trousers,sneakers,slim,cold,business,long_coat,0
white,white,beige,old_money,polo,chinos,loafers,relaxed,cold,party,coat,3
beige,brown,black,streetwear,dress_shirt,chinos,boots,oversized,hot,university,coat,-2
brown,white,black,casual,henley,chinos,boots,relaxed,hot,party,none,0
black,brown,navy,casual,henley,trousers,loafers,regular,cold,party,none,-2
brown,black,beige,formal,tee,chinos,sandals,regular,mild,business,long_coat,0
black,grey,grey,minimal,oxford,chinos,loafers,slim,mild,university,none,0
grey,navy,navy,minimal,oxford,shorts,sandals,relaxed,mild,university,jacket,0
navy,beige,brown,old_money,henley,chinos,boots,oversized,cold,business,jacket,2
beige,brown,grey,streetwear,oxford,trousers,boots,slim,mild,university,coat,0
brown,beige,navy,old_money,tee,trousers,sandals,relaxed,hot,party,coat,0
white,black,black,casual,tee,trousers,sandals,slim,hot,university,jacket,-2
beige,beige,beige,minimal,dress_shirt,trousers,sandals,slim,cold,business,long_coat,-1
black,navy,grey,old_money,oxford,trousers,loafers,slim,hot,party,jacket,-2
white,beige,white,formal,dress_shirt,chinos,boots,slim,hot,party,none,1
white,black,grey,casual,tee,trousers,sneakers,oversized,cold,university,long_coat,0
grey,beige,brown,formal,oxford,shorts,boots,slim,hot,university,jacket,-2
navy,grey,beige,casual,polo,chinos,boots,regular,hot,business,none,0
black,beige,brown,formal,dress_shirt,jeans,boots,slim,hot,business,long_coat,-2
white,white,white,streetwear,dress_shirt,chinos,loafers,relaxed,cold,business,none,-1
white,brown,black,old_money,dress_shirt,trousers,loafers,slim,mild,date,long_coat,2
white,grey,black,formal,tee,chinos,sandals,relaxed,cold,university,coat,-2
beige,brown,grey,casual,henley,chinos,boots,relaxed,mild,date,coat,0
grey,black,brown,old_money,dress_shirt,trousers,sneakers,regular,mild,date,coat,2
brown,grey,brown,casual,polo,shorts,boots,slim,mild,university,none,0
brown,navy,white,minimal,polo,shorts,loafers,oversized,cold,party,jacket,0
brown,navy,navy,old_money,henley,trousers,sneakers,oversized,hot,business,long_coat,0
white,beige,brown,streetwear,oxford,trousers,sneakers,oversized,cold,university,none,-2
navy,navy,brown,casual,dress_shirt,shorts,sandals,oversized,hot,business,jacket,-1
grey,grey,black,formal,dress_shirt,shorts,sandals,relaxed,hot,date,jacket,-1
beige,white,beige,formal,henley,chinos,boots,relaxed,mild,party,jacket,1
brown,navy,beige,casual,polo,trousers,sneakers,oversized,hot,date,jacket,-2
brown,brown,grey,old_money,henley,chinos,loafers,relaxed,cold,date,coat,1
brown,grey,black,old_money,oxford,trousers,boots,slim,cold,business,long_coat,2
brown,white,black,streetwear,oxford,shorts,sneakers,regular,cold,date,jacket,0
navy,brown,beige,minimal,polo,trousers,sandals,regular,hot,university,long_coat,-2
black,black,navy,formal,tee,chinos,boots,slim,cold,date,coat,2
beige,white,black,streetwear,polo,trousers,loafers,regular,mild,date,jacket,0
brown,white,navy,minimal,dress_shirt,trousers,loafers,oversized,hot,business,none,0
grey,beige,brown,streetwear,polo,chinos,boots,relaxed,cold,university,jacket,0
white,white,white,formal,tee,shorts,loafers,slim,mild,business,jacket,1
grey,black,beige,formal,polo,shorts,loafers,slim,cold,party,long_coat,1
brown,grey,black,old_money,polo,chinos,sneakers,slim,hot,university,long_coat,0
black,brown,beige,streetwear,tee,chinos,sneakers,slim,mild,business,jacket,0
beige,brown,white,minimal,oxford,jeans,sandals,regular,hot,business,long_coat,-2
black,beige,brown,old_money,tee,jeans,loafers,slim,mild,university,jacket,2
white,black,brown,streetwear,oxford,jeans,sandals,regular,mild,business,coat,0
black,black,navy,minimal,henley,jeans,loafers,oversized,cold,date,coat,1
brown,grey,navy,casual,oxford,chinos,boots,regular,hot,university,long_coat,-2
black,white,beige,old_money,tee,shorts,loafers,oversized,cold,business,none,0
grey,grey,brown,minimal,polo,chinos,boots,relaxed,mild,business,jacket,1
black,brown,black,minimal,henley,shorts,sneakers,regular,mild,date,long_coat,0
grey,grey,brown,minimal,polo,shorts,boots,slim,cold,business,jacket,1
navy,black,grey,minimal,oxford,chinos,sneakers,relaxed,mild,date,jacket,0
grey,white,navy,old_money,polo,jeans,boots,regular,cold,date,long_coat,2
black,white,black,casual,henley,chinos,boots,relaxed,mild,business,coat,0
white,beige,navy,casual,tee,trousers,boots,oversized,mild,business,jacket,-1
beige,grey,black,minimal,dress_shirt,trousers,boots,regular,cold,business,coat,0
black,beige,black,old_money,oxford,jeans,sandals,slim,hot,date,long_coat,0
grey,beige,brown,streetwear,henley,chinos,boots,relaxed,mild,business,none,0
beige,brown,brown,formal,tee,shorts,loafers,regular,hot,university,none,0
grey,white,navy,streetwear,oxford,trousers,sneakers,relaxed,hot,business,none,0
grey,grey,black,minimal,polo,chinos,sandals,regular,cold,business,coat,-1
brown,black,white,minimal,tee,chinos,loafers,oversized,cold,business,long_coat,0
grey,white,beige,casual,oxford,chinos,sneakers,regular,mild,business,jacket,0
white,beige,brown,streetwear,henley,chinos,sneakers,slim,cold,party,jacket,0
black,beige,white,streetwear,tee,trousers,sneakers,relaxed,cold,date,coat,0
black,grey,white,old_money,henley,jeans,boots,relaxed,hot,university,coat,-2
black,white,beige,streetwear,oxford,jeans,sandals,slim,mild,business,coat,0
black,grey,navy,formal,henley,chinos,sneakers,relaxed,mild,party,none,2
navy,black,brown,streetwear,dress_shirt,chinos,boots,oversized,hot,university,long_coat,-2
beige,grey,black,old_money,polo,jeans,boots,regular,cold,party,long_coat,2
grey,black,white,streetwear,tee,chinos,loafers,relaxed,mild,university,none,0
navy,brown,brown,casual,tee,chinos,boots,regular,hot,university,long_coat,-2
white,grey,brown,streetwear,henley,chinos,sneakers,oversized,cold,business,jacket,0
beige,grey,grey,old_money,oxford,jeans,loafers,slim,mild,date,jacket,0
beige,beige,brown,minimal,polo,shorts,loafers,relaxed,mild,business,none,1
beige,grey,navy,casual,tee,chinos,loafers,regular,cold,date,long_coat,0
grey,grey,grey,old_money,polo,chinos,loafers,regular,mild,business,none,1
brown,beige,black,old_money,polo,shorts,loafers,slim,cold,party,jacket,2
navy,white,navy,casual,dress_shirt,chinos,boots,slim,mild,business,jacket,0
grey,brown,black,casual,oxford,shorts,loafers,oversized,cold,party,coat,0
grey,brown,white,old_money,henley,trousers,sandals,regular,cold,party,long_coat,-2
grey,navy,brown,streetwear,henley,trousers,loafers,oversized,cold,date,long_coat,0
white,brown,grey,streetwear,oxford,jeans,sneakers,relaxed,hot,party,long_coat,-2
black,beige,brown,casual,polo,jeans,sandals,slim,cold,party,jacket,-2
black,navy,black,streetwear,oxford,jeans,sneakers,relaxed,cold,university,jacket,0
black,white,beige,minimal,dress_shirt,shorts,sandals,slim,mild,date,long_coat,0
beige,black,brown,formal,tee,shorts,sandals,oversized,cold,business,jacket,-2
beige,grey,grey,streetwear,oxford,jeans,boots,slim,cold,university,coat,0
black,navy,navy,formal,polo,trousers,sneakers,regular,mild,university,coat,1
navy,grey,black,streetwear,oxford,trousers,sneakers,slim,hot,date,long_coat,-2
white,navy,beige,streetwear,oxford,trousers,boots,relaxed,mild,university,none,0
grey,beige,brown,streetwear,polo,jeans,sneakers,oversized,mild,date,coat,0
beige,brown,grey,minimal,oxford,shorts,loafers,oversized,mild,party,coat,0
grey,brown,brown,formal,tee,jeans,sandals,oversized,hot,date,coat,-2
grey,beige,grey,formal,polo,trousers,sneakers,regular,cold,party,jacket,1
grey,navy,beige,minimal,polo,jeans,loafers,slim,mild,university,jacket,0
brown,navy,navy,minimal,oxford,shorts,sandals,oversized,mild,date,jacket,0
grey,white,black,minimal,tee,shorts,sneakers,slim,hot,university,coat,-2
white,grey,beige,minimal,dress_shirt,trousers,loafers,slim,hot,business,none,0
beige,white,white,streetwear,tee,jeans,sandals,relaxed,cold,date,jacket,-2
white,brown,brown,formal,henley,chinos,loafers,relaxed,hot,date,long_coat,-2
beige,black,black,minimal,henley,trousers,sneakers,slim,mild,date,jacket,0
navy,black,beige,minimal,tee,jeans,loafers,slim,hot,university,none,0
white,navy,black,streetwear,oxford,trousers,sandals,relaxed,cold,party,jacket,-2
brown,white,black,streetwear,polo,trousers,loafers,oversized,cold,university,long_coat,0
brown,beige,white,casual,polo,jeans,boots,oversized,hot,party,coat,-2
white,navy,black,streetwear,tee,shorts,loafers,regular,cold,university,long_coat,0
brown,beige,grey,formal,dress_shirt,shorts,sandals,relaxed,mild,university,none,0
brown,navy,white,minimal,henley,chinos,loafers,oversized,hot,party,jacket,-2
black,white,black,minimal,henley,shorts,sandals,slim,cold,party,coat,-2
brown,navy,navy,formal,tee,jeans,loafers,regular,mild,business,jacket,1
brown,navy,navy,formal,tee,trousers,boots,regular,hot,business,coat,-1
black,grey,beige,formal,henley,jeans,sandals,oversized,cold,party,jacket,-1
grey,beige,navy,old_money,tee,chinos,boots,oversized,mild,university,long_coat,2
beige,grey,brown,old_money,dress_shirt,trousers,sandals,slim,hot,party,none,2
beige,navy,white,formal,henley,chinos,loafers,slim,mild,party,none,1
white,brown,grey,casual,oxford,chinos,boots,regular,mild,date,coat,0
grey,black,grey,minimal,henley,shorts,boots,oversized,cold,business,coat,0
black,brown,black,old_money,henley,chinos,sneakers,relaxed,mild,date,none,2
brown,brown,navy,casual,oxford,trousers,boots,slim,cold,date,long_coat,1
black,black,white,minimal,dress_shirt,trousers,boots,regular,mild,university,coat,1
black,navy,brown,minimal,dress_shirt,shorts,boots,slim,mild,university,long_coat,0
black,white,brown,streetwear,tee,chinos,sneakers,regular,hot,date,long_coat,-2
black,navy,white,old_money,polo,jeans,sandals,regular,hot,university,jacket,-2
grey,beige,navy,minimal,tee,chinos,loafers,slim,hot,date,long_coat,-2
grey,grey,black,streetwear,tee,trousers,loafers,relaxed,mild,business,none,1
black,navy,navy,streetwear,polo,jeans,sneakers,oversized,hot,business,none,0
beige,brown,navy,formal,tee,jeans,loafers,oversized,mild,business,long_coat,1
black,grey,black,casual,oxford,jeans,boots,relaxed,cold,party,long_coat,0
grey,black,white,casual,dress_shirt,jeans,sneakers,relaxed,mild,business,coat,0
navy,white,black,streetwear,henley,trousers,sneakers,regular,hot,party,jacket,-2
brown,grey,brown,old_money,oxford,trousers,boots,relaxed,mild,university,none,2
navy,black,black,minimal,polo,jeans,boots,relaxed,hot,business,jacket,-2
white,beige,black,old_money,henley,chinos,sandals,slim,mild,university,jacket,2
brown,beige,grey,formal,polo,trousers,sneakers,oversized,cold,date,coat,0
grey,navy,white,old_money,dress_shirt,shorts,boots,oversized,mild,university,long_coat,0
beige,white,brown,minimal,henley,jeans,sneakers,oversized,mild,university,none,0
white,beige,navy,casual,dress_shirt,chinos,sneakers,regular,cold,business,none,-2
white,beige,navy,casual,tee,jeans,sandals,slim,mild,party,coat,0
grey,navy,grey,streetwear,oxford,shorts,sandals,slim,mild,date,coat,0
brown,white,beige,formal,oxford,jeans,loafers,relaxed,mild,business,none,0
navy,black,black,old_money,dress_shirt,chinos,sandals,slim,cold,party,long_coat,0
white,black,navy,casual,henley,trousers,boots,oversized,mild,date,jacket,0
navy,grey,brown,formal,dress_shirt,trousers,sneakers,relaxed,cold,date,none,-2
navy,black,brown,old_money,henley,trousers,loafers,oversized,cold,date,jacket,2
grey,black,beige,old_money,polo,chinos,sandals,regular,cold,party,coat,0
black,grey,white,formal,dress_shirt,chinos,sneakers,regular,mild,business,none,0
beige,beige,navy,minimal,dress_shirt,trousers,sneakers,relaxed,mild,party,none,1
grey,grey,grey,formal,dress_shirt,chinos,sandals,relaxed,mild,date,none,1
grey,navy,white,minimal,henley,chinos,boots,slim,cold,business,long_coat,0
grey,navy,white,old_money,oxford,jeans,loafers,regular,hot,business,none,0
white,beige,brown,minimal,oxford,shorts,sandals,relaxed,hot,party,long_coat,-2
grey,brown,white,old_money,oxford,shorts,sandals,oversized,mild,business,jacket,0
navy,beige,black,formal,tee,chinos,loafers,relaxed,hot,party,jacket,-1
beige,navy,brown,old_money,polo,chinos,boots,regular,cold,business,none,0
white,brown,grey,old_money,dress_shirt,jeans,sandals,oversized,mild,university,jacket,0
black,navy,navy,old_money,oxford,trousers,sandals,slim,cold,business,long_coat,0
navy,beige,navy,casual,oxford,jeans,boots,slim,hot,university,coat,-2
brown,black,beige,casual,henley,chinos,boots,relaxed,cold,business,coat,0
beige,beige,black,old_money,oxford,shorts,sneakers,oversized,cold,business,none,1
brown,grey,white,minimal,tee,shorts,boots,oversized,mild,business,long_coat,0
brown,black,white,streetwear,dress_shirt,chinos,sneakers,oversized,mild,business,long_coat,0
navy,beige,beige,minimal,henley,jeans,loafers,oversized,hot,business,jacket,-2
brown,grey,black,formal,tee,shorts,boots,oversized,hot,university,coat,-2
black,grey,beige,casual,oxford,shorts,sneakers,oversized,mild,business,jacket,0
black,beige,grey,streetwear,polo,shorts,loafers,regular,cold,party,long_coat,0
beige,black,brown,casual,polo,jeans,boots,relaxed,cold,date,coat,0
brown,grey,black,old_money,tee,trousers,sneakers,relaxed,mild,party,long_coat,2
navy,white,black,streetwear,polo,trousers,sneakers,relaxed,mild,date,jacket,0
black,grey,white,casual,tee,chinos,sneakers,slim,cold,business,jacket,-1
brown,navy,brown,casual,polo,shorts,sandals,regular,mild,date,jacket,0
white,navy,beige,formal,oxford,jeans,sandals,oversized,mild,university,jacket,0
beige,black,brown,minimal,polo,shorts,sandals,slim,cold,party,jacket,-2
white,black,grey,formal,dress_shirt,shorts,sandals,relaxed,mild,party,long_coat,1
navy,grey,black,old_money,polo,shorts,sneakers,slim,cold,university,coat,2
black,beige,black,old_money,henley,chinos,sneakers,relaxed,cold,date,long_coat,2
white,black,white,casual,oxford,shorts,sneakers,oversized,mild,date,coat,0
brown,brown,beige,formal,tee,jeans,loafers,slim,cold,business,coat,1
beige,beige,white,streetwear,dress_shirt,chinos,sandals,slim,cold,date,long_coat,-1
navy,navy,grey,old_money,oxford,shorts,sandals,regular,cold,party,long_coat,-1
white,black,beige,casual,polo,shorts,boots,regular,hot,date,jacket,-2
beige,brown,grey,minimal,dress_shirt,trousers,loafers,regular,hot,date,jacket,-2
beige,beige,grey,minimal,henley,chinos,loafers,oversized,hot,party,coat,-1
black,white,black,formal,polo,jeans,loafers,relaxed,mild,party,coat,1
beige,black,black,old_money,oxford,chinos,sandals,regular,mild,party,jacket,2
white,beige,beige,formal,polo,shorts,sandals,slim,mild,university,long_coat,0
black,white,brown,minimal,dress_shirt,chinos,boots,regular,mild,business,jacket,0
black,black,beige,streetwear,henley,chinos,sneakers,oversized,hot,date,jacket,-1
white,grey,white,casual,henley,chinos,loafers,regular,hot,university,jacket,-2
navy,beige,white,minimal,henley,trousers,boots,oversized,cold,date,jacket,0
white,brown,white,formal,tee,jeans,sneakers,regular,mild,university,jacket,0
brown,navy,beige,old_money,oxford,shorts,loafers,slim,hot,party,long_coat,0
navy,navy,black,casual,dress_shirt,chinos,boots,slim,cold,business,jacket,1
white,black,brown,formal,dress_shirt,shorts,boots,slim,mild,university,jacket,0
navy,grey,beige,casual,tee,jeans,sandals,regular,mild,party,none,0
brown,black,black,old_money,oxford,trousers,sandals,relaxed,mild,business,none,2
white,brown,brown,casual,tee,chinos,sneakers,slim,cold,party,none,-2
navy,beige,beige,streetwear,oxford,shorts,loafers,oversized,cold,business,jacket,0
beige,navy,white,casual,dress_shirt,shorts,sandals,oversized,hot,university,coat,-2
brown,black,white,streetwear,henley,shorts,sneakers,oversized,cold,business,coat,0
beige,brown,black,formal,tee,shorts,sandals,regular,hot,university,jacket,-2
navy,grey,brown,minimal,dress_shirt,jeans,sneakers,relaxed,mild,university,coat,0
white,brown,grey,formal,henley,chinos,sandals,regular,cold,party,coat,-1
beige,brown,navy,minimal,dress_shirt,shorts,loafers,oversized,cold,university,coat,0
grey,navy,brown,formal,polo,shorts,boots,oversized,mild,date,jacket,0
brown,grey,black,streetwear,polo,chinos,sneakers,slim,hot,business,none,0
beige,beige,beige,casual,polo,shorts,boots,regular,cold,date,coat,1
black,grey,grey,casual,henley,trousers,loafers,oversized,hot,party,long_coat,-2
black,beige,brown,casual,dress_shirt,chinos,sandals,slim,cold,university,long_coat,-2
black,white,navy,minimal,oxford,shorts,sandals,relaxed,hot,business,coat,-2
black,beige,brown,minimal,tee,chinos,sandals,slim,cold,business,long_coat,-2
beige,navy,grey,old_money,oxford,chinos,boots,oversized,mild,university,coat,0
grey,beige,beige,casual,polo,trousers,boots,slim,hot,business,long_coat,-2
beige,black,beige,casual,henley,trousers,boots,regular,mild,party,none,0
white,brown,white,formal,henley,jeans,sandals,relaxed,mild,date,long_coat,0
black,navy,beige,old_money,polo,trousers,boots,oversized,hot,date,long_coat,0
black,brown,brown,old_money,henley,jeans,sneakers,regular,mild,party,coat,2
black,black,navy,streetwear,tee,chinos,boots,relaxed,cold,business,jacket,1
brown,grey,beige,formal,oxford,shorts,loafers,regular,mild,date,jacket,0
navy,beige,grey,casual,dress_shirt,jeans,boots,oversized,mild,party,long_coat,0
white,grey,white,minimal,henley,shorts,loafers,slim,cold,business,jacket,0
navy,brown,navy,streetwear,henley,chinos,sandals,slim,cold,date,coat,-2
brown,black,grey,old_money,oxford,shorts,sandals,slim,cold,party,coat,-2
black,brown,navy,formal,tee,shorts,loafers,regular,mild,university,long_coat,1
brown,grey,brown,casual,tee,trousers,loafers,regular,cold,business,none,-3
grey,grey,navy,casual,tee,shorts,sandals,relaxed,hot,university,jacket,-1
white,white,beige,minimal,dress_shirt,shorts,sneakers,oversized,mild,business,long_coat,1
black,black,navy,casual,tee,trousers,sneakers,oversized,hot,date,none,1
beige,grey,white,old_money,henley,trousers,loafers,relaxed,mild,date,coat,0
white,brown,navy,streetwear,tee,shorts,sneakers,regular,hot,party,coat,-2
navy,beige,white,streetwear,polo,chinos,sneakers,slim,hot,date,jacket,-2
brown,brown,grey,formal,henley,shorts,boots,relaxed,cold,business,none,-1
white,grey,brown,minimal,dress_shirt,shorts,sandals,slim,mild,party,long_coat,0
grey,beige,white,formal,dress_shirt,chinos,loafers,oversized,cold,business,coat,0
brown,white,black,casual,henley,jeans,sandals,slim,hot,date,long_coat,-2
grey,grey,brown,formal,polo,jeans,sandals,slim,cold,party,coat,0
beige,brown,grey,old_money,polo,trousers,sandals,slim,cold,university,none,-4
brown,white,black,casual,oxford,jeans,sneakers,slim,hot,date,coat,-2
beige,brown,brown,old_money,oxford,trousers,loafers,slim,mild,date,coat,2
brown,beige,black,casual,tee,shorts,sneakers,regular,mild,party,long_coat,0
grey,grey,black,streetwear,oxford,jeans,sneakers,regular,mild,date,long_coat,1
beige,navy,navy,minimal,henley,shorts,sneakers,oversized,hot,business,none,0
white,brown,grey,minimal,oxford,jeans,loafers,relaxed,hot,university,coat,-2
grey,grey,brown,formal,dress_shirt,chinos,sneakers,relaxed,cold,university,none,-1
black,white,grey,casual,henley,shorts,boots,regular,hot,business,none,0
grey,grey,beige,streetwear,tee,jeans,sneakers,slim,mild,date,none,1
navy,grey,grey,formal,oxford,shorts,loafers,slim,cold,date,long_coat,0
navy,white,navy,streetwear,polo,shorts,sandals,slim,mild,business,coat,0
black,brown,navy,minimal,dress_shirt,jeans,boots,slim,cold,party,long_coat,0
navy,beige,black,streetwear,tee,chinos,boots,slim,cold,date,coat,0
beige,white,navy,minimal,oxford,shorts,boots,oversized,mild,business,jacket,0
black,black,white,casual,henley,chinos,loafers,oversized,cold,university,coat,1
grey,grey,navy,casual,henley,shorts,boots,oversized,cold,university,none,-1
beige,beige,white,old_money,henley,trousers,loafers,slim,cold,party,jacket,1
beige,brown,grey,minimal,henley,jeans,loafers,regular,cold,business,jacket,0
grey,white,beige,old_money,oxford,jeans,loafers,slim,cold,university,none,0
grey,brown,navy,streetwear,oxford,chinos,loafers,oversized,mild,date,none,0
beige,navy,beige,streetwear,oxford,shorts,loafers,relaxed,cold,university,coat,0
black,grey,grey,old_money,polo,trousers,sneakers,relaxed,mild,business,none,0
white,grey,beige,streetwear,polo,shorts,boots,slim,hot,date,jacket,-2
white,navy,white,old_money,tee,shorts,boots,regular,mild,business,long_coat,0
brown,beige,black,minimal,oxford,trousers,sneakers,regular,cold,date,none,-2
beige,white,white,streetwear,polo,chinos,sneakers,oversized,mild,party,coat,0
grey,black,grey,casual,henley,chinos,loafers,regular,mild,university,jacket,0
black,black,brown,casual,polo,chinos,boots,regular,hot,date,long_coat,-1
beige,grey,black,formal,polo,jeans,sandals,oversized,cold,university,long_coat,-2
grey,white,beige,streetwear,polo,jeans,sandals,regular,cold,university,long_coat,-2
white,grey,white,streetwear,dress_shirt,jeans,sandals,slim,mild,university,coat,0
grey,grey,beige,casual,oxford,chinos,sneakers,relaxed,cold,party,coat,1
black,navy,black,streetwear,dress_shirt,chinos,boots,regular,hot,party,long_coat,-2
black,beige,black,formal,tee,trousers,boots,relaxed,cold,party,coat,1
grey,black,white,old_money,polo,chinos,boots,slim,cold,university,coat,0
navy,grey,white,formal,dress_shirt,chinos,sandals,regular,hot,party,long_coat,-1
black,beige,navy,minimal,henley,jeans,boots,slim,hot,business,none,0
navy,beige,navy,old_money,tee,jeans,boots,regular,mild,party,long_coat,2
navy,black,brown,formal,polo,jeans,sandals,slim,cold,party,none,-3
beige,beige,beige,casual,polo,trousers,sandals,slim,mild,business,long_coat,1
beige,navy,navy,casual,oxford,jeans,sneakers,relaxed,mild,date,coat,0
black,navy,black,streetwear,oxford,chinos,sneakers,regular,cold,party,coat,0
beige,navy,brown,old_money,henley,chinos,sneakers,oversized,hot,business,none,2
navy,brown,brown,minimal,dress_shirt,trousers,sandals,relaxed,cold,date,jacket,-2
beige,beige,brown,casual,polo,jeans,sandals,regular,hot,party,coat,-1
grey,black,navy,minimal,dress_shirt,shorts,sneakers,oversized,cold,date,long_coat,0
brown,brown,black,minimal,tee,shorts,sneakers,slim,hot,date,coat,-1
brown,white,navy,old_money,dress_shirt,jeans,sandals,slim,hot,business,jacket,0
white,brown,white,casual,polo,chinos,sneakers,oversized,mild,date,none,0
brown,black,grey,formal,oxford,trousers,loafers,slim,cold,date,coat,0
white,black,navy,formal,oxford,shorts,boots,oversized,cold,business,jacket,1
beige,grey,beige,formal,oxford,jeans,boots,regular,cold,business,jacket,0
navy,beige,brown,formal,tee,trousers,loafers,oversized,mild,business,long_coat,0
white,black,grey,formal,dress_shirt,shorts,sandals,relaxed,cold,business,long_coat,-2
beige,brown,black,formal,dress_shirt,jeans,sneakers,oversized,cold,date,coat,0
black,brown,brown,streetwear,tee,chinos,loafers,oversized,mild,business,none,0
navy,black,beige,minimal,dress_shirt,shorts,boots,slim,cold,business,jacket,0
beige,white,brown,streetwear,tee,shorts,sneakers,slim,hot,party,none,0
navy,grey,white,casual,henley,jeans,boots,regular,hot,date,none,0
grey,black,beige,formal,polo,jeans,boots,regular,hot,university,coat,-2
navy,grey,black,casual,tee,chinos,loafers,regular,cold,party,long_coat,0
black,black,navy,casual,polo,chinos,boots,regular,mild,party,jacket,1
beige,black,brown,minimal,tee,shorts,loafers,oversized,mild,business,none,0
black,grey,brown,streetwear,oxford,trousers,sandals,relaxed,hot,business,jacket,-2
black,grey,grey,minimal,polo,chinos,sandals,regular,cold,university,coat,-2
grey,beige,brown,minimal,dress_shirt,shorts,sandals,regular,hot,party,coat,-2
navy,beige,beige,minimal,polo,trousers,boots,regular,hot,party,none,0
black,navy,navy,formal,henley,jeans,boots,relaxed,mild,university,long_coat,1
grey,navy,black,old_money,henley,chinos,sneakers,oversized,mild,business,jacket,2
grey,beige,grey,old_money,dress_shirt,shorts,loafers,slim,hot,business,none,0
black,brown,black,old_money,dress_shirt,chinos,sneakers,slim,mild,university,none,2
black,grey,beige,casual,dress_shirt,trousers,sneakers,oversized,hot,business,none,0
black,navy,grey,formal,dress_shirt,chinos,loafers,oversized,mild,date,jacket,0
black,beige,brown,casual,tee,shorts,sneakers,regular,hot,business,coat,-3
grey,black,black,formal,dress_shirt,trousers,loafers,slim,hot,date,jacket,-2
navy,white,beige,old_money,oxford,shorts,sneakers,relaxed,cold,date,jacket,2
black,brown,grey,formal,dress_shirt,chinos,sneakers,regular,cold,party,coat,1
grey,navy,navy,minimal,polo,jeans,loafers,regular,mild,date,long_coat,0
brown,navy,grey,casual,tee,jeans,sneakers,oversized,hot,business,none,-1
brown,navy,beige,casual,henley,trousers,loafers,relaxed,cold,business,coat,0
beige,grey,navy,streetwear,oxford,trousers,sneakers,oversized,hot,business,none,0
white,grey,navy,minimal,henley,shorts,sandals,relaxed,mild,business,long_coat,0
grey,brown,navy,old_money,henley,trousers,sandals,relaxed,hot,party,jacket,0
beige,navy,navy,minimal,polo,chinos,boots,relaxed,hot,date,coat,-2
black,black,beige,casual,polo,trousers,loafers,regular,hot,university,long_coat,-1
brown,grey,black,old_money,dress_shirt,trousers,boots,oversized,cold,date,coat,2
brown,beige,black,minimal,dress_shirt,jeans,sandals,oversized,mild,business,long_coat,0
grey,navy,beige,old_money,henley,shorts,sneakers,relaxed,cold,party,none,0
white,white,brown,old_money,dress_shirt,shorts,sneakers,slim,cold,party,coat,3
navy,beige,navy,formal,oxford,shorts,loafers,relaxed,cold,date,long_coat,1
navy,beige,navy,minimal,henley,trousers,sneakers,regular,mild,university,jacket,0
grey,black,brown,minimal,oxford,chinos,boots,relaxed,cold,party,none,-2
brown,navy,white,casual,tee,trousers,boots,relaxed,cold,date,jacket,0
black,white,brown,minimal,henley,chinos,loafers,relaxed,mild,party,coat,0
brown,beige,black,minimal,tee,trousers,loafers,slim,mild,business,none,0
navy,beige,brown,casual,dress_shirt,chinos,boots,oversized,mild,university,jacket,0
grey,beige,navy,formal,tee,shorts,boots,relaxed,mild,university,none,1
grey,beige,white,formal,tee,chinos,sandals,slim,hot,party,coat,-1
beige,grey,white,streetwear,oxford,shorts,loafers,regular,mild,business,long_coat,0
navy,brown,black,streetwear,polo,jeans,boots,regular,cold,university,long_coat,0
brown,beige,black,streetwear,dress_shirt,chinos,loafers,relaxed,hot,party,coat,-2
grey,beige,beige,streetwear,dress_shirt,trousers,sneakers,relaxed,hot,date,none,0
grey,black,beige,streetwear,dress_shirt,jeans,boots,slim,hot,party,coat,-2
brown,navy,grey,formal,henley,shorts,boots,regular,cold,date,long_coat,0
beige,white,brown,minimal,henley,chinos,sandals,oversized,cold,date,coat,-2
grey,grey,brown,casual,henley,chinos,sneakers,regular,mild,party,coat,1
white,grey,beige,minimal,henley,jeans,sneakers,slim,mild,party,coat,0
grey,navy,beige,streetwear,henley,chinos,boots,slim,cold,date,coat,0
navy,navy,brown,streetwear,henley,trousers,sneakers,slim,mild,university,long_coat,1
beige,navy,black,formal,oxford,jeans,boots,slim,cold,party,coat,1
white,beige,black,streetwear,oxford,shorts,sandals,oversized,cold,business,jacket,-2
brown,navy,brown,old_money,tee,jeans,sandals,oversized,hot,party,long_coat,0
white,white,navy,streetwear,henley,jeans,sneakers,regular,cold,party,none,-1
navy,grey,brown,formal,oxford,chinos,sneakers,oversized,hot,party,jacket,-1
beige,beige,brown,minimal,henley,trousers,sandals,relaxed,hot,business,jacket,-1
white,white,black,casual,polo,trousers,sandals,relaxed,mild,date,long_coat,1
grey,white,black,minimal,dress_shirt,chinos,loafers,oversized,hot,business,coat,-2
white,navy,black,minimal,polo,trousers,sneakers,relaxed,hot,party,long_coat,-2
white,grey,black,streetwear,tee,chinos,sneakers,relaxed,hot,business,none,0
beige,grey,black,formal,oxford,jeans,boots,relaxed,hot,party,none,1
beige,white,black,streetwear,dress_shirt,shorts,boots,slim,hot,date,coat,-2
brown,beige,white,minimal,henley,trousers,boots,slim,hot,university,coat,-2
white,black,navy,old_money,oxford,trousers,boots,oversized,mild,party,jacket,2
black,brown,navy,old_money,dress_shirt,trousers,boots,relaxed,mild,date,jacket,2
black,navy,brown,formal,henley,trousers,sandals,oversized,hot,party,coat,-1
black,grey,grey,old_money,dress_shirt,shorts,boots,oversized,hot,university,none,0
beige,navy,beige,streetwear,henley,chinos,boots,relaxed,cold,business,jacket,0
white,black,black,formal,polo,trousers,loafers,oversized,hot,university,coat,-2
white,grey,grey,formal,polo,jeans,boots,regular,cold,business,coat,0
brown,black,brown,minimal,polo,trousers,sneakers,oversized,mild,business,coat,0
brown,grey,black,formal,dress_shirt,shorts,sneakers,slim,cold,university,none,-2
grey,grey,brown,formal,dress_shirt,chinos,loafers,relaxed,hot,party,long_coat,0
brown,navy,grey,streetwear,oxford,chinos,sandals,relaxed,hot,party,jacket,-2
beige,white,white,streetwear,dress_shirt,chinos,sandals,relaxed,hot,party,none,0
white,brown,white,minimal,dress_shirt,shorts,sandals,relaxed,hot,party,jacket,-2
grey,beige,grey,streetwear,henley,chinos,sandals,relaxed,hot,university,none,0
beige,white,grey,minimal,henley,chinos,loafers,regular,mild,date,none,0
beige,black,brown,minimal,oxford,shorts,sandals,relaxed,mild,university,jacket,0
beige,white,black,old_money,henley,trousers,sandals,relaxed,cold,university,coat,0
white,black,black,streetwear,henley,jeans,boots,slim,hot,date,none,0
navy,beige,black,minimal,henley,shorts,sneakers,oversized,mild,university,jacket,0
grey,grey,grey,formal,polo,trousers,loafers,oversized,cold,party,jacket,2
beige,white,brown,casual,dress_shirt,trousers,loafers,oversized,cold,party,coat,0
black,black,grey,formal,dress_shirt,shorts,sneakers,relaxed,mild,university,long_coat,1
brown,navy,navy,streetwear,dress_shirt,jeans,sneakers,relaxed,hot,university,long_coat,-2
beige,black,black,old_money,henley,trousers,boots,slim,cold,date,long_coat,2
brown,brown,beige,formal,tee,chinos,loafers,oversized,cold,party,jacket,2
white,brown,beige,old_money,henley,trousers,sandals,regular,cold,date,none,-2
beige,grey,beige,formal,dress_shirt,trousers,sandals,relaxed,hot,business,long_coat,-2
brown,beige,white,casual,dress_shirt,shorts,boots,relaxed,hot,business,jacket,-2
grey,navy,beige,minimal,henley,shorts,sandals,regular,cold,date,none,-4
brown,beige,grey,formal,oxford,shorts,loafers,slim,mild,date,jacket,0
beige,beige,grey,casual,tee,trousers,sandals,oversized,cold,date,long_coat,-1
navy,black,beige,old_money,oxford,jeans,loafers,relaxed,hot,date,coat,0
white,beige,grey,formal,polo,shorts,sneakers,relaxed,cold,date,jacket,0
white,navy,black,minimal,tee,trousers,sandals,slim,hot,business,jacket,-2
navy,black,white,streetwear,henley,trousers,sneakers,regular,hot,university,long_coat,-2
white,white,beige,formal,henley,chinos,sandals,regular,mild,party,none,2
white,beige,navy,streetwear,oxford,shorts,boots,slim,hot,date,jacket,-2
navy,brown,grey,formal,dress_shirt,chinos,sneakers,slim,hot,business,long_coat,-2
black,grey,navy,old_money,polo,chinos,sneakers,slim,mild,university,long_coat,2
white,grey,brown,streetwear,dress_shirt,jeans,boots,slim,cold,business,none,-2
brown,black,black,formal,tee,chinos,sandals,slim,cold,party,jacket,-1
grey,navy,black,streetwear,polo,chinos,sandals,oversized,cold,business,long_coat,-2
brown,white,beige,streetwear,oxford,shorts,boots,slim,mild,university,coat,0
grey,navy,navy,minimal,dress_shirt,shorts,boots,oversized,hot,business,none,0
beige,beige,grey,formal,oxford,shorts,loafers,slim,hot,business,jacket,-1
grey,grey,grey,streetwear,polo,shorts,boots,oversized,cold,party,coat,1
brown,white,navy,formal,polo,trousers,boots,regular,hot,party,coat,0
beige,black,navy,old_money,oxford,jeans,sneakers,slim,mild,date,coat,2
brown,navy,black,casual,polo,jeans,loafers,oversized,cold,business,jacket,0
brown,brown,brown,casual,dress_shirt,chinos,loafers,regular,cold,university,coat,1
brown,beige,grey,formal,polo,shorts,loafers,relaxed,cold,party,none,-1
beige,navy,navy,formal,polo,trousers,sandals,oversized,hot,business,none,1
brown,black,brown,old_money,oxford,jeans,loafers,oversized,hot,party,none,2
white,black,white,casual,oxford,chinos,boots,oversized,mild,business,coat,0
beige,brown,beige,casual,dress_shirt,trousers,sneakers,regular,mild,date,none,0
grey,black,navy,casual,dress_shirt,shorts,sneakers,relaxed,cold,university,jacket,0
grey,black,white,old_money,polo,trousers,sandals,slim,hot,university,none,0
beige,beige,white,formal,polo,jeans,sneakers,slim,hot,party,long_coat,0
white,black,white,formal,oxford,jeans,loafers,regular,hot,university,long_coat,-2
white,brown,beige,minimal,henley,shorts,loafers,oversized,cold,party,none,-2
brown,brown,brown,casual,oxford,chinos,loafers,oversized,hot,party,jacket,-1
brown,grey,brown,formal,polo,chinos,sneakers,regular,hot,date,long_coat,-2
white,black,navy,formal,polo,trousers,sneakers,slim,mild,date,long_coat,1
navy,beige,brown,casual,henley,trousers,boots,relaxed,hot,date,jacket,-2
black,white,beige,streetwear,polo,chinos,sandals,slim,mild,business,coat,0
brown,beige,grey,casual,tee,jeans,sneakers,slim,hot,university,jacket,-2
beige,black,black,streetwear,henley,trousers,sandals,oversized,cold,party,long_coat,-2
beige,beige,navy,streetwear,oxford,shorts,sandals,relaxed,cold,party,long_coat,-1
black,navy,brown,streetwear,henley,chinos,sneakers,oversized,hot,university,long_coat,-2
grey,beige,beige,streetwear,oxford,trousers,sandals,relaxed,cold,university,long_coat,-2
white,beige,beige,formal,henley,trousers,boots,slim,mild,business,long_coat,0
navy,grey,beige,casual,henley,chinos,loafers,oversized,mild,university,coat,0
beige,white,black,old_money,tee,jeans,boots,relaxed,cold,date,coat,2
black,beige,grey,old_money,dress_shirt,shorts,boots,relaxed,cold,date,long_coat,0
grey,grey,beige,minimal,polo,trousers,sandals,oversized,hot,party,jacket,-1
black,black,grey,minimal,tee,trousers,loafers,slim,cold,university,jacket,1
white,brown,beige,formal,tee,jeans,sandals,slim,cold,university,none,-4
grey,grey,beige,old_money,henley,chinos,boots,slim,mild,business,none,3
black,beige,brown,old_money,oxford,shorts,sandals,oversized,cold,university,none,-2
beige,grey,beige,casual,polo,chinos,sneakers,regular,hot,university,long_coat,-2
grey,black,grey,old_money,dress_shirt,chinos,sandals,relaxed,hot,business,none,0
brown,brown,black,streetwear,dress_shirt,jeans,boots,relaxed,cold,party,long_coat,1
white,beige,navy,streetwear,henley,chinos,sneakers,slim,cold,business,none,-2
black,black,navy,minimal,oxford,jeans,loafers,regular,cold,business,none,-1
white,grey,white,streetwear,henley,jeans,boots,slim,cold,party,long_coat,0
beige,grey,brown,formal,henley,shorts,loafers,slim,cold,party,none,-1
brown,brown,navy,minimal,tee,chinos,sneakers,oversized,hot,business,jacket,-1
black,grey,black,streetwear,tee,chinos,sandals,relaxed,cold,date,jacket,-2
black,grey,brown,formal,dress_shirt,trousers,sandals,regular,cold,party,coat,-1
beige,beige,brown,formal,tee,trousers,boots,regular,mild,university,long_coat,1
white,brown,grey,formal,tee,jeans,boots,oversized,hot,party,long_coat,-1
black,black,brown,casual,dress_shirt,trousers,sneakers,regular,mild,date,long_coat,1
white,black,black,minimal,oxford,shorts,loafers,oversized,hot,date,none,0
brown,white,white,old_money,dress_shirt,jeans,boots,relaxed,hot,university,jacket,-2
beige,brown,black,casual,dress_shirt,chinos,loafers,regular,hot,business,jacket,-2
beige,white,black,old_money,oxford,jeans,boots,slim,cold,party,long_coat,2
white,grey,grey,casual,tee,jeans,loafers,slim,hot,party,long_coat,-2
beige,navy,beige,old_money,dress_shirt,trousers,sandals,regular,hot,date,long_coat,0
white,brown,black,minimal,polo,jeans,loafers,regular,hot,business,coat,-2
beige,brown,beige,old_money,dress_shirt,shorts,sneakers,regular,hot,business,long_coat,0
white,brown,beige,casual,polo,shorts,sandals,relaxed,cold,university,long_coat,-2
navy,brown,brown,formal,tee,trousers,sneakers,relaxed,hot,university,jacket,-2
white,white,white,streetwear,oxford,trousers,sneakers,oversized,cold,date,long_coat,1
white,white,navy,minimal,dress_shirt,jeans,sneakers,regular,cold,business,coat,1
grey,black,navy,streetwear,oxford,shorts,sneakers,slim,cold,university,jacket,0
brown,black,black,old_money,henley,jeans,sneakers,regular,mild,business,none,2
navy,black,grey,minimal,oxford,chinos,sandals,oversized,cold,university,jacket,-2
navy,navy,grey,casual,oxford,trousers,loafers,regular,mild,party,jacket,1
black,beige,white,old_money,polo,chinos,boots,relaxed,hot,business,jacket,-2
beige,beige,black,casual,polo,shorts,sneakers,oversized,mild,date,coat,1
navy,black,black,formal,polo,jeans,sandals,oversized,cold,date,coat,-2
black,brown,navy,minimal,tee,chinos,loafers,oversized,mild,university,jacket,0
black,navy,beige,minimal,tee,chinos,boots,slim,hot,party,none,0
navy,grey,black,minimal,dress_shirt,chinos,boots,regular,cold,business,jacket,0
navy,black,brown,minimal,polo,trousers,sandals,relaxed,cold,business,long_coat,-2
black,black,grey,formal,henley,jeans,loafers,relaxed,mild,party,none,2
white,beige,navy,streetwear,polo,trousers,boots,slim,cold,date,none,-2
black,brown,black,casual,tee,shorts,sneakers,regular,cold,business,jacket,-1
white,black,grey,streetwear,oxford,trousers,sneakers,relaxed,hot,business,none,0
navy,grey,brown,old_money,oxford,shorts,sneakers,relaxed,hot,party,jacket,0
grey,white,navy,formal,henley,jeans,sneakers,regular,hot,university,jacket,-1
grey,navy,white,casual,polo,jeans,loafers,relaxed,cold,university,coat,0
brown,grey,black,casual,polo,jeans,boots,slim,hot,date,long_coat,-2
grey,brown,black,old_money,dress_shirt,chinos,sandals,slim,mild,date,none,2
navy,beige,grey,old_money,tee,trousers,loafers,oversized,hot,business,jacket,-2
white,beige,navy,old_money,tee,trousers,loafers,oversized,cold,university,long_coat,2
beige,brown,black,formal,tee,jeans,sandals,relaxed,cold,university,none,-4
beige,brown,beige,casual,polo,jeans,sandals,relaxed,hot,party,jacket,-2
white,beige,white,old_money,oxford,trousers,loafers,oversized,hot,date,none,0
beige,brown,beige,formal,henley,jeans,loafers,oversized,cold,university,none,-2
brown,brown,navy,formal,polo,chinos,boots,oversized,cold,university,none,0
brown,brown,grey,casual,dress_shirt,shorts,sneakers,relaxed,mild,business,none,1
brown,black,grey,casual,tee,chinos,loafers,oversized,hot,date,coat,-2
grey,beige,white,minimal,henley,shorts,loafers,regular,hot,date,long_coat,-2
grey,grey,black,minimal,tee,chinos,loafers,slim,hot,date,none,1
brown,brown,brown,minimal,tee,trousers,boots,relaxed,hot,date,long_coat,-1
beige,grey,grey,formal,henley,chinos,sneakers,oversized,cold,university,jacket,0
beige,navy,grey,formal,henley,shorts,sandals,relaxed,mild,business,jacket,0
grey,brown,beige,formal,henley,shorts,boots,relaxed,hot,date,long_coat,-2
beige,navy,white,streetwear,polo,shorts,boots,oversized,hot,date,jacket,-2
black,navy,grey,casual,dress_shirt,trousers,loafers,oversized,mild,party,long_coat,0
black,white,white,old_money,tee,trousers,loafers,oversized,mild,date,jacket,0
white,brown,navy,streetwear,oxford,chinos,boots,slim,cold,university,long_coat,0
beige,navy,white,casual,polo,jeans,sandals,regular,mild,date,coat,0
navy,grey,black,casual,oxford,trousers,loafers,relaxed,hot,university,jacket,-2
black,beige,navy,formal,henley,chinos,boots,relaxed,mild,business,none,1
navy,brown,navy,old_money,oxford,trousers,loafers,oversized,mild,date,none,2
navy,black,brown,streetwear,dress_shirt,chinos,loafers,slim,cold,party,jacket,0
brown,beige,grey,casual,polo,jeans,loafers,oversized,hot,business,none,0
white,beige,brown,minimal,tee,jeans,sneakers,relaxed,mild,university,none,0
navy,white,navy,streetwear,polo,trousers,boots,relaxed,hot,date,none,0
brown,white,beige,minimal,henley,trousers,boots,regular,cold,university,jacket,0
black,black,black,formal,oxford,trousers,sneakers,relaxed,cold,business,long_coat,1
brown,white,navy,formal,tee,shorts,boots,slim,mild,university,coat,1
beige,white,navy,old_money,tee,chinos,sandals,slim,hot,date,long_coat,0
black,black,grey,minimal,henley,shorts,sneakers,relaxed,mild,business,long_coat,1
beige,beige,black,old_money,dress_shirt,chinos,loafers,relaxed,hot,party,long_coat,1
navy,beige,black,minimal,henley,trousers,sandals,regular,mild,party,long_coat,0
beige,beige,beige,streetwear,henley,chinos,loafers,slim,mild,date,none,1
white,beige,black,casual,oxford,jeans,sneakers,regular,hot,party,none,0
navy,navy,white,formal,tee,trousers,loafers,regular,cold,date,none,-1
grey,black,navy,minimal,henley,chinos,boots,relaxed,mild,business,coat,0
navy,navy,brown,minimal,polo,trousers,sandals,oversized,mild,business,none,1
beige,black,brown,streetwear,tee,trousers,sandals,oversized,mild,party,coat,0
brown,beige,black,streetwear,henley,trousers,boots,oversized,cold,business,long_coat,0
navy,black,grey,old_money,polo,shorts,boots,regular,cold,party,jacket,0
black,white,white,streetwear,polo,jeans,boots,oversized,cold,party,jacket,0
navy,beige,grey,formal,dress_shirt,trousers,boots,slim,cold,party,jacket,1
brown,navy,grey,streetwear,henley,shorts,sneakers,relaxed,hot,date,jacket,-2
brown,navy,white,old_money,dress_shirt,trousers,loafers,regular,hot,date,coat,-2
grey,brown,beige,casual,tee,chinos,sandals,relaxed,cold,party,none,-4
black,navy,beige,casual,dress_shirt,jeans,boots,regular,cold,party,long_coat,0
beige,beige,brown,minimal,tee,chinos,loafers,relaxed,hot,university,none,1
white,beige,black,minimal,tee,chinos,sneakers,oversized,hot,university,jacket,-2
white,brown,white,streetwear,oxford,shorts,sneakers,oversized,cold,party,long_coat,0
navy,grey,navy,formal,henley,chinos,loafers,regular,cold,university,long_coat,1
white,navy,white,formal,polo,trousers,boots,relaxed,cold,date,jacket,0
black,beige,grey,streetwear,polo,trousers,boots,relaxed,mild,party,coat,0
beige,white,black,streetwear,henley,trousers,boots,regular,mild,date,coat,0
brown,black,navy,casual,dress_shirt,chinos,sandals,oversized,mild,business,long_coat,0
navy,brown,navy,streetwear,henley,jeans,sneakers,slim,mild,university,jacket,0
beige,navy,beige,streetwear,dress_shirt,shorts,sneakers,regular,mild,date,none,0
grey,white,brown,formal,tee,shorts,sneakers,relaxed,mild,university,none,0
black,navy,black,streetwear,dress_shirt,shorts,sandals,regular,mild,business,none,0
navy,beige,white,minimal,henley,jeans,sneakers,relaxed,mild,party,coat,0
grey,grey,brown,casual,henley,trousers,sneakers,oversized,cold,date,jacket,1
grey,beige,navy,old_money,dress_shirt,jeans,sandals,slim,mild,party,coat,2
beige,beige,brown,casual,polo,chinos,loafers,regular,mild,date,none,1
brown,navy,beige,old_money,henley,chinos,boots,oversized,mild,university,coat,2
navy,white,grey,formal,tee,trousers,sandals,oversized,mild,date,none,0
brown,white,navy,minimal,henley,shorts,sneakers,regular,mild,date,coat,0
white,black,brown,minimal,dress_shirt,shorts,loafers,oversized,hot,party,long_coat,-2
white,beige,black,formal,tee,jeans,sandals,oversized,mild,date,coat,0
white,black,brown,casual,dress_shirt,trousers,sandals,oversized,mild,business,coat,0
beige,beige,beige,casual,tee,chinos,boots,oversized,cold,university,long_coat,1
beige,black,navy,formal,oxford,chinos,sneakers,regular,cold,date,jacket,1
navy,brown,black,streetwear,henley,trousers,sneakers,slim,mild,date,jacket,0
black,black,white,old_money,dress_shirt,chinos,boots,relaxed,cold,business,coat,1
brown,brown,white,streetwear,oxford,chinos,sneakers,oversized,hot,business,coat,-1
beige,white,navy,old_money,oxford,chinos,sandals,regular,hot,date,coat,0
black,grey,brown,formal,tee,shorts,sneakers,regular,hot,business,none,0
white,grey,white,minimal,dress_shirt,trousers,boots,oversized,cold,business,long_coat,0
brown,black,grey,streetwear,polo,trousers,sneakers,regular,hot,date,none,0
black,beige,navy,casual,tee,shorts,sneakers,relaxed,hot,business,none,-1
black,navy,black,minimal,henley,chinos,sneakers,oversized,hot,party,long_coat,-2
beige,navy,brown,formal,tee,shorts,boots,oversized,cold,party,long_coat,1
brown,beige,beige,casual,henley,chinos,sneakers,relaxed,hot,date,long_coat,-2
grey,brown,white,old_money,polo,jeans,sneakers,regular,cold,university,coat,0
grey,black,black,streetwear,oxford,chinos,sneakers,regular,cold,date,coat,0
brown,black,white,formal,polo,trousers,loafers,oversized,mild,party,none,1
black,navy,brown,old_money,polo,shorts,sandals,oversized,cold,business,none,-2
black,grey,navy,formal,oxford,jeans,sandals,oversized,cold,university,coat,-1
beige,beige,white,old_money,tee,trousers,loafers,slim,cold,business,jacket,1
navy,navy,grey,streetwear,dress_shirt,shorts,sandals,relaxed,cold,business,none,-3
white,white,grey,minimal,polo,jeans,sneakers,slim,mild,university,none,1
beige,grey,black,minimal,oxford,shorts,sneakers,regular,hot,date,jacket,-2
navy,white,black,minimal,oxford,jeans,loafers,regular,hot,date,none,0
beige,beige,black,formal,henley,trousers,sneakers,regular,cold,party,none,0
navy,navy,white,streetwear,oxford,jeans,sandals,oversized,cold,date,long_coat,-1
black,beige,grey,streetwear,tee,jeans,sneakers,oversized,mild,university,none,0
beige,brown,white,minimal,henley,trousers,sneakers,relaxed,hot,business,jacket,-2
white,black,navy,casual,tee,chinos,loafers,relaxed,hot,party,none,0
black,navy,black,casual,henley,chinos,loafers,relaxed,hot,business,none,0
brown,black,navy,minimal,tee,chinos,loafers,oversized,cold,university,none,-2
brown,brown,beige,streetwear,henley,shorts,sandals,relaxed,mild,date,jacket,1
white,white,grey,minimal,tee,chinos,sneakers,regular,hot,party,long_coat,-1
beige,navy,navy,old_money,oxford,shorts,sandals,regular,hot,university,jacket,0
brown,black,black,minimal,polo,trousers,sneakers,oversized,mild,university,long_coat,0
black,grey,grey,formal,oxford,chinos,sandals,regular,mild,business,jacket,0
grey,brown,beige,casual,tee,trousers,loafers,oversized,cold,business,jacket,-1
beige,white,white,casual,dress_shirt,trousers,loafers,regular,cold,date,coat,0
beige,white,navy,streetwear,tee,shorts,boots,slim,mild,business,coat,0
brown,white,black,streetwear,henley,shorts,sandals,slim,mild,date,long_coat,0
navy,white,black,minimal,polo,trousers,sandals,oversized,mild,date,jacket,0
black,white,white,streetwear,henley,shorts,loafers,relaxed,mild,party,coat,0
beige,beige,navy,streetwear,henley,trousers,boots,relaxed,hot,party,long_coat,-1
beige,white,brown,streetwear,polo,jeans,sneakers,relaxed,cold,business,jacket,0
white,brown,beige,streetwear,polo,jeans,loafers,regular,hot,date,jacket,-2
grey,white,black,streetwear,polo,chinos,sandals,relaxed,mild,business,long_coat,0
beige,black,beige,formal,oxford,jeans,sneakers,slim,hot,business,long_coat,-2
navy,brown,brown,minimal,dress_shirt,trousers,boots,slim,mild,university,long_coat,0
navy,brown,grey,formal,tee,shorts,sneakers,regular,hot,business,none,0
white,white,grey,casual,henley,jeans,loafers,oversized,hot,business,jacket,-1
black,beige,white,old_money,oxford,chinos,sandals,oversized,mild,university,long_coat,0
navy,navy,grey,old_money,polo,chinos,loafers,regular,cold,business,none,-1
brown,white,black,formal,dress_shirt,jeans,sandals,slim,mild,date,long_coat,0
black,beige,white,formal,polo,trousers,loafers,relaxed,hot,party,jacket,-1
beige,black,white,old_money,henley,trousers,loafers,oversized,hot,business,none,0
white,navy,grey,minimal,tee,shorts,boots,relaxed,cold,business,long_coat,0
grey,brown,beige,casual,polo,chinos,boots,slim,hot,date,coat,-2
beige,navy,grey,old_money,dress_shirt,jeans,boots,slim,hot,party,none,0
beige,grey,white,streetwear,dress_shirt,shorts,sandals,slim,hot,party,long_coat,-2
beige,navy,black,streetwear,oxford,jeans,sneakers,slim,mild,university,jacket,0
black,grey,navy,minimal,henley,shorts,loafers,regular,cold,business,coat,0
navy,grey,black,old_money,oxford,chinos,sneakers,relaxed,hot,party,coat,0
brown,grey,navy,minimal,tee,trousers,boots,oversized,cold,party,none,-2
black,navy,white,casual,henley,jeans,sneakers,relaxed,hot,business,long_coat,-2
grey,grey,black,formal,henley,jeans,sandals,slim,mild,business,jacket,1
black,beige,navy,old_money,henley,jeans,loafers,slim,mild,business,jacket,2
beige,black,grey,streetwear,henley,shorts,loafers,oversized,cold,date,jacket,0
white,beige,brown,minimal,oxford,jeans,sneakers,relaxed,cold,party,none,-2
black,grey,brown,formal,dress_shirt,trousers,sneakers,regular,mild,date,none,0
brown,grey,grey,casual,tee,chinos,sneakers,regular,mild,university,jacket,0
brown,brown,navy,minimal,oxford,jeans,loafers,slim,hot,business,none,1
beige,black,grey,streetwear,tee,chinos,loafers,relaxed,mild,university,none,0
black,navy,beige,minimal,oxford,shorts,loafers,slim,hot,party,none,0
beige,beige,brown,minimal,oxford,shorts,sandals,regular,hot,business,coat,-1
brown,black,black,minimal,henley,jeans,loafers,relaxed,mild,business,jacket,0
navy,navy,brown,casual,oxford,chinos,boots,regular,mild,university,long_coat,1
beige,brown,black,streetwear,polo,jeans,sneakers,relaxed,mild,date,jacket,0
navy,grey,black,old_money,henley,shorts,sneakers,regular,hot,business,coat,0
beige,brown,brown,streetwear,oxford,shorts,sandals,relaxed,cold,date,none,-4
white,brown,beige,old_money,henley,chinos,boots,regular,hot,party,jacket,0
navy,black,grey,minimal,oxford,jeans,sandals,relaxed,cold,university,jacket,-2
beige,black,beige,casual,henley,trousers,loafers,regular,hot,university,none,0
black,white,white,formal,polo,shorts,sandals,relaxed,hot,party,jacket,-1
black,navy,brown,minimal,henley,trousers,boots,slim,mild,party,coat,0
grey,grey,brown,casual,tee,shorts,loafers,relaxed,mild,university,none,1
navy,black,brown,formal,dress_shirt,jeans,boots,regular,cold,university,coat,0
brown,black,beige,minimal,oxford,chinos,boots,relaxed,cold,party,jacket,0
navy,white,white,minimal,oxford,shorts,boots,regular,cold,business,coat,0
beige,brown,brown,casual,dress_shirt,trousers,sneakers,slim,cold,business,none,-2
beige,black,grey,streetwear,oxford,shorts,sneakers,oversized,hot,university,none,0
brown,white,black,old_money,oxford,shorts,boots,oversized,hot,date,long_coat,0
white,grey,navy,formal,dress_shirt,chinos,boots,oversized,hot,business,jacket,-1
grey,grey,beige,formal,polo,trousers,sandals,slim,cold,business,long_coat,-1
white,grey,grey,minimal,tee,trousers,sandals,slim,hot,party,long_coat,-2
navy,white,black,casual,oxford,chinos,sneakers,regular,cold,party,coat,0
white,black,black,minimal,oxford,chinos,boots,oversized,hot,business,long_coat,-2
white,navy,black,minimal,tee,chinos,sandals,regular,cold,business,long_coat,-2
navy,white,black,minimal,tee,shorts,loafers,oversized,mild,university,long_coat,0
brown,navy,black,formal,dress_shirt,chinos,sandals,oversized,mild,party,jacket,1
beige,white,grey,streetwear,tee,chinos,sandals,slim,hot,university,jacket,-2
navy,black,beige,casual,polo,jeans,loafers,relaxed,cold,date,jacket,0
beige,brown,grey,old_money,tee,chinos,sneakers,regular,cold,university,none,-2
white,grey,white,casual,oxford,chinos,boots,relaxed,cold,university,long_coat,0
beige,navy,grey,casual,tee,trousers,loafers,regular,cold,date,coat,0
brown,brown,black,formal,dress_shirt,trousers,boots,oversized,hot,university,long_coat,-1
black,black,navy,minimal,tee,jeans,sneakers,slim,mild,business,long_coat,1
navy,grey,brown,old_money,polo,chinos,loafers,relaxed,cold,business,coat,2
navy,white,beige,old_money,dress_shirt,chinos,sneakers,oversized,hot,university,coat,0
brown,brown,grey,casual,tee,jeans,sandals,oversized,hot,business,jacket,-2
grey,brown,beige,old_money,polo,shorts,sandals,relaxed,cold,university,coat,0
grey,navy,navy,formal,dress_shirt,jeans,sneakers,relaxed,hot,university,none,1
black,navy,black,streetwear,oxford,jeans,loafers,slim,hot,business,jacket,-2
grey,beige,grey,streetwear,henley,jeans,loafers,slim,hot,party,jacket,-2
grey,beige,beige,formal,henley,chinos,sandals,oversized,hot,business,coat,-2
brown,black,black,formal,polo,shorts,sandals,oversized,mild,university,jacket,0
navy,grey,navy,casual,polo,jeans,sandals,oversized,mild,business,long_coat,0
brown,navy,black,casual,polo,trousers,boots,slim,hot,party,none,0
beige,grey,grey,formal,tee,chinos,boots,oversized,hot,business,none,0
grey,navy,black,minimal,dress_shirt,chinos,loafers,relaxed,hot,date,coat,-2
beige,navy,black,casual,oxford,jeans,loafers,oversized,mild,business,jacket,0
brown,black,black,minimal,polo,shorts,boots,oversized,hot,party,long_coat,-2
navy,navy,brown,old_money,tee,chinos,sneakers,slim,mild,party,jacket,3
navy,navy,grey,streetwear,oxford,shorts,sandals,slim,hot,university,none,1
white,beige,black,streetwear,polo,shorts,sneakers,oversized,mild,university,jacket,0
grey,brown,brown,streetwear,polo,jeans,sandals,oversized,cold,business,none,-4
brown,beige,beige,minimal,dress_shirt,jeans,boots,oversized,hot,party,none,0
grey,navy,navy,old_money,dress_shirt,jeans,sandals,relaxed,cold,university,coat,0
brown,black,grey,formal,dress_shirt,chinos,sandals,regular,hot,business,long_coat,-2
beige,navy,navy,formal,tee,shorts,loafers,slim,hot,business,jacket,-1
navy,black,beige,casual,henley,chinos,boots,regular,cold,business,none,-2
white,beige,grey,casual,henley,chinos,loafers,regular,mild,business,jacket,0
grey,brown,white,streetwear,tee,chinos,sandals,slim,cold,date,long_coat,-2
brown,white,brown,casual,tee,trousers,loafers,oversized,mild,date,coat,0
navy,beige,grey,old_money,tee,chinos,sandals,slim,hot,business,long_coat,-2
black,navy,brown,formal,polo,trousers,sandals,slim,hot,university,jacket,-2
navy,white,grey,minimal,dress_shirt,trousers,boots,slim,cold,business,long_coat,0
white,grey,brown,old_money,tee,trousers,boots,relaxed,mild,university,none,2
brown,navy,black,formal,dress_shirt,shorts,sandals,slim,hot,university,jacket,-2
white,grey,beige,streetwear,henley,trousers,sandals,regular,mild,university,long_coat,0
navy,beige,brown,casual,dress_shirt,jeans,sandals,relaxed,mild,business,none,0
brown,grey,beige,streetwear,dress_shirt,chinos,sneakers,regular,hot,date,coat,-2
grey,brown,white,old_money,tee,chinos,sneakers,oversized,cold,party,coat,0
navy,grey,black,minimal,henley,chinos,boots,relaxed,hot,business,jacket,-2
brown,navy,white,streetwear,oxford,chinos,loafers,regular,hot,business,none,0
white,white,black,old_money,henley,chinos,sneakers,slim,mild,university,jacket,3
beige,brown,navy,streetwear,polo,jeans,loafers,slim,hot,party,none,0
black,beige,black,old_money,polo,chinos,loafers,slim,hot,business,none,2
beige,white,grey,formal,tee,trousers,sandals,regular,hot,university,jacket,-2
beige,white,white,minimal,polo,jeans,sneakers,slim,hot,party,long_coat,-2
brown,navy,white,casual,henley,trousers,loafers,oversized,hot,party,long_coat,-2
grey,white,black,streetwear,dress_shirt,trousers,sandals,relaxed,cold,party,coat,-2
brown,grey,brown,formal,polo,chinos,sandals,oversized,mild,party,none,1
beige,brown,beige,minimal,oxford,chinos,sneakers,oversized,cold,date,long_coat,0
black,navy,brown,minimal,polo,trousers,loafers,oversized,hot,business,jacket,-2
beige,brown,beige,minimal,polo,jeans,boots,relaxed,hot,date,long_coat,-2
brown,navy,beige,formal,dress_shirt,shorts,sneakers,relaxed,hot,university,none,0
white,beige,grey,streetwear,henley,jeans,loafers,oversized,hot,business,long_coat,-2
white,black,black,casual,oxford,trousers,boots,oversized,cold,business,jacket,0
black,brown,beige,formal,polo,shorts,sneakers,oversized,hot,date,jacket,-2
black,navy,grey,minimal,henley,trousers,loafers,regular,hot,university,coat,-2
black,white,beige,minimal,tee,jeans,boots,slim,hot,date,jacket,-2
navy,grey,white,formal,polo,chinos,sandals,relaxed,mild,university,jacket,0
grey,brown,navy,casual,tee,trousers,sandals,slim,hot,university,none,0
black,black,brown,minimal,oxford,trousers,sandals,slim,mild,party,jacket,1
black,brown,navy,formal,tee,trousers,boots,regular,hot,party,coat,0
white,navy,beige,formal,henley,chinos,sneakers,oversized,hot,business,jacket,-2
grey,navy,white,streetwear,polo,trousers,loafers,slim,mild,university,coat,0
navy,brown,white,formal,henley,shorts,boots,relaxed,cold,university,long_coat,0
navy,brown,black,minimal,tee,chinos,boots,slim,cold,business,none,-2
white,beige,navy,casual,oxford,trousers,sneakers,slim,mild,party,jacket,0
black,white,white,old_money,dress_shirt,shorts,sneakers,oversized,cold,business,none,-2
black,white,beige,minimal,tee,trousers,boots,oversized,cold,business,coat,0
navy,white,brown,streetwear,dress_shirt,jeans,sneakers,slim,hot,date,jacket,-2
black,navy,brown,casual,polo,jeans,sneakers,oversized,hot,university,jacket,-2
black,navy,brown,streetwear,tee,jeans,loafers,oversized,hot,business,jacket,-2
white,beige,beige,formal,tee,shorts,loafers,slim,cold,university,jacket,0
beige,navy,navy,streetwear,oxford,chinos,sneakers,regular,cold,date,coat,0
grey,black,navy,formal,dress_shirt,chinos,boots,regular,cold,university,long_coat,1
navy,black,grey,old_money,dress_shirt,trousers,sandals,relaxed,cold,business,long_coat,-2
grey,black,black,old_money,henley,chinos,sandals,relaxed,hot,party,none,2
navy,black,brown,old_money,dress_shirt,chinos,loafers,slim,cold,business,none,0
white,brown,navy,old_money,dress_shirt,trousers,loafers,regular,mild,party,none,2
white,black,beige,streetwear,henley,trousers,loafers,oversized,cold,party,jacket,0
black,beige,black,casual,polo,shorts,sandals,relaxed,mild,business,coat,0
grey,white,grey,casual,polo,trousers,sneakers,regular,mild,university,long_coat,0
black,grey,beige,formal,tee,chinos,boots,slim,cold,university,none,-2
beige,grey,white,streetwear,dress_shirt,chinos,sneakers,slim,mild,date,jacket,0
beige,white,black,minimal,polo,jeans,sneakers,relaxed,mild,date,none,0
grey,beige,white,streetwear,henley,chinos,boots,oversized,hot,date,none,0
grey,white,black,streetwear,tee,shorts,boots,regular,cold,business,coat,0
black,beige,beige,minimal,tee,trousers,sneakers,regular,hot,university,jacket,-2
grey,black,white,old_money,dress_shirt,jeans,boots,oversized,hot,date,long_coat,-2
white,brown,navy,formal,oxford,chinos,loafers,oversized,hot,party,coat,0
white,beige,navy,minimal,dress_shirt,trousers,boots,regular,hot,date,none,0
black,navy,brown,old_money,tee,jeans,loafers,oversized,mild,party,coat,2
white,beige,black,streetwear,polo,shorts,loafers,relaxed,cold,business,coat,0
navy,brown,navy,casual,dress_shirt,chinos,loafers,regular,cold,party,none,-2
white,brown,brown,casual,tee,jeans,sandals,slim,hot,party,long_coat,-2
black,grey,navy,old_money,dress_shirt,shorts,sandals,regular,cold,business,none,-2
white,beige,navy,minimal,tee,chinos,sneakers,slim,hot,university,jacket,-2
grey,navy,beige,formal,polo,jeans,sandals,slim,mild,date,none,0
white,beige,black,old_money,henley,chinos,boots,oversized,mild,university,none,2
navy,brown,brown,streetwear,oxford,jeans,sneakers,regular,cold,university,none,-2
grey,black,black,formal,dress_shirt,jeans,sandals,regular,hot,business,none,0
grey,beige,grey,minimal,polo,chinos,sneakers,oversized,hot,business,none,0
navy,navy,grey,minimal,dress_shirt,chinos,sneakers,slim,mild,party,jacket,1
beige,white,black,streetwear,polo,jeans,loafers,regular,hot,business,jacket,-2
beige,beige,grey,old_money,dress_shirt,chinos,loafers,oversized,hot,university,jacket,-1
black,beige,black,casual,oxford,chinos,sandals,slim,hot,party,long_coat,-2
grey,navy,brown,streetwear,dress_shirt,jeans,sneakers,oversized,hot,university,none,0
grey,white,brown,minimal,henley,trousers,loafers,oversized,hot,party,none,0
beige,grey,beige,formal,henley,chinos,loafers,regular,cold,date,long_coat,0
brown,black,brown,casual,polo,jeans,sandals,slim,cold,date,long_coat,-2
grey,brown,white,casual,henley,shorts,boots,slim,hot,date,coat,-2
grey,brown,grey,minimal,dress_shirt,shorts,sandals,relaxed,hot,party,jacket,-2
grey,grey,white,formal,henley,jeans,boots,relaxed,hot,date,none,1
beige,black,grey,streetwear,polo,trousers,sneakers,oversized,cold,date,jacket,0
navy,grey,navy,formal,dress_shirt,chinos,boots,regular,hot,business,long_coat,-1
brown,brown,beige,formal,tee,jeans,loafers,oversized,hot,party,jacket,0
beige,white,grey,casual,dress_shirt,trousers,sneakers,relaxed,cold,date,none,-2
white,grey,grey,minimal,henley,trousers,boots,regular,mild,date,none,0
grey,black,brown,casual,tee,trousers,boots,relaxed,mild,university,long_coat,0
beige,brown,beige,old_money,oxford,shorts,sneakers,regular,cold,party,long_coat,2
brown,white,beige,streetwear,henley,jeans,boots,relaxed,cold,business,coat,0
navy,beige,grey,formal,tee,shorts,boots,slim,cold,university,coat,0
navy,brown,white,old_money,tee,shorts,sneakers,oversized,cold,date,jacket,0
white,navy,grey,minimal,tee,jeans,sneakers,relaxed,cold,date,long_coat,0
brown,beige,white,casual,polo,trousers,boots,relaxed,cold,party,coat,0
brown,beige,white,old_money,dress_shirt,chinos,sneakers,regular,cold,party,jacket,0
navy,black,navy,streetwear,polo,jeans,loafers,oversized,hot,date,none,0
white,brown,white,casual,oxford,shorts,loafers,regular,hot,date,none,0
beige,grey,navy,streetwear,henley,jeans,loafers,oversized,mild,date,coat,0
grey,grey,black,casual,polo,chinos,sneakers,slim,cold,university,jacket,1
white,grey,grey,old_money,tee,chinos,loafers,slim,hot,university,jacket,-2
white,brown,brown,old_money,polo,shorts,sneakers,oversized,cold,university,coat,2
white,beige,white,streetwear,henley,trousers,boots,relaxed,hot,university,jacket,-2
beige,beige,navy,casual,oxford,trousers,sneakers,oversized,hot,party,long_coat,-1
black,navy,black,casual,tee,shorts,sneakers,regular,hot,party,long_coat,-2
white,navy,brown,old_money,dress_shirt,trousers,sandals,relaxed,cold,party,coat,0
beige,navy,beige,casual,henley,jeans,loafers,oversized,cold,university,none,-2
white,black,grey,formal,tee,jeans,boots,slim,hot,party,none,1
navy,navy,navy,streetwear,polo,trousers,loafers,regular,mild,university,jacket,1
navy,brown,black,streetwear,polo,chinos,sneakers,oversized,hot,party,coat,-2
brown,brown,white,formal,tee,shorts,sandals,relaxed,cold,date,long_coat,-1
grey,navy,brown,casual,tee,chinos,sandals,relaxed,cold,university,none,-4
white,brown,beige,streetwear,polo,jeans,boots,oversized,mild,date,long_coat,0
white,white,black,formal,henley,chinos,loafers,oversized,cold,business,none,-1
navy,grey,white,minimal,tee,chinos,sneakers,regular,hot,party,none,0
navy,white,black,casual,polo,chinos,loafers,slim,cold,business,jacket,0
beige,beige,grey,streetwear,polo,trousers,sneakers,slim,cold,business,jacket,1
black,brown,brown,old_money,polo,trousers,loafers,regular,cold,university,coat,2
brown,white,navy,casual,henley,shorts,loafers,regular,hot,business,jacket,-2
black,beige,white,formal,dress_shirt,shorts,sandals,slim,hot,university,long_coat,-2
beige,grey,white,old_money,dress_shirt,jeans,sneakers,regular,cold,party,coat,0
white,black,brown,formal,oxford,trousers,boots,slim,mild,party,jacket,1
navy,brown,navy,streetwear,polo,jeans,sneakers,slim,cold,university,none,-2
brown,brown,black,formal,tee,trousers,sandals,regular,cold,party,none,-2
grey,navy,white,old_money,polo,shorts,sandals,oversized,mild,business,none,0
black,brown,grey,minimal,polo,trousers,boots,slim,hot,party,coat,-2
black,navy,brown,old_money,dress_shirt,trousers,loafers,oversized,hot,party,none,2
white,beige,black,old_money,polo,shorts,boots,slim,mild,party,jacket,2
black,grey,black,casual,oxford,trousers,sandals,regular,hot,date,long_coat,-2
beige,black,black,casual,dress_shirt,trousers,loafers,slim,hot,business,long_coat,-2
navy,white,black,old_money,dress_shirt,chinos,boots,oversized,cold,party,none,0
black,beige,beige,streetwear,tee,chinos,loafers,regular,mild,university,coat,0
navy,grey,beige,minimal,polo,chinos,sneakers,slim,cold,university,jacket,0
beige,white,brown,old_money,tee,trousers,sneakers,slim,mild,university,long_coat,2
beige,navy,grey,minimal,henley,jeans,sandals,slim,cold,business,long_coat,-2
navy,beige,grey,casual,polo,shorts,sandals,relaxed,cold,party,coat,-2
grey,navy,grey,minimal,oxford,trousers,loafers,regular,hot,date,long_coat,-2
black,navy,beige,streetwear,tee,shorts,sneakers,slim,hot,date,jacket,-2
white,grey,navy,formal,oxford,shorts,sandals,relaxed,cold,party,none,-2
white,white,beige,formal,oxford,jeans,loafers,relaxed,cold,business,none,-1
brown,brown,brown,casual,polo,jeans,sneakers,oversized,hot,party,long_coat,-1
black,black,grey,formal,tee,shorts,boots,relaxed,mild,business,none,1
black,white,navy,old_money,oxford,jeans,sneakers,slim,cold,business,none,0
white,white,brown,old_money,dress_shirt,shorts,sneakers,oversized,mild,party,jacket,3
black,white,white,streetwear,dress_shirt,trousers,sandals,relaxed,mild,party,long_coat,0
navy,navy,grey,old_money,henley,shorts,boots,regular,cold,date,long_coat,1
navy,black,brown,streetwear,henley,jeans,boots,relaxed,mild,university,coat,0
brown,navy,brown,formal,oxford,trousers,loafers,slim,mild,party,jacket,1
navy,grey,black,old_money,tee,chinos,boots,relaxed,hot,university,jacket,0
brown,black,brown,streetwear,dress_shirt,shorts,sneakers,slim,mild,business,long_coat,0
beige,beige,navy,casual,dress_shirt,trousers,loafers,relaxed,cold,party,long_coat,1
beige,beige,beige,streetwear,dress_shirt,chinos,sneakers,slim,mild,date,long_coat,1
brown,brown,grey,old_money,dress_shirt,shorts,sneakers,oversized,cold,university,coat,1
grey,navy,brown,streetwear,oxford,jeans,loafers,regular,cold,date,none,-2
white,brown,brown,casual,dress_shirt,shorts,loafers,relaxed,cold,date,long_coat,0
brown,white,navy,formal,henley,jeans,boots,regular,cold,date,none,-1
brown,navy,white,streetwear,dress_shirt,jeans,sandals,relaxed,hot,business,long_coat,-2
white,brown,brown,minimal,oxford,shorts,sandals,relaxed,mild,date,long_coat,0
black,black,white,streetwear,dress_shirt,trousers,sneakers,slim,cold,university,none,-1
white,white,white,old_money,tee,trousers,sneakers,slim,mild,date,jacket,1
white,brown,beige,casual,tee,shorts,boots,relaxed,mild,university,none,0
white,grey,beige,casual,polo,trousers,sandals,slim,cold,date,long_coat,-2
beige,beige,navy,minimal,dress_shirt,trousers,loafers,oversized,cold,university,jacket,1
black,brown,navy,formal,oxford,chinos,loafers,oversized,mild,business,jacket,1
navy,beige,grey,casual,henley,jeans,sandals,regular,hot,business,jacket,-2
grey,white,navy,casual,polo,jeans,sandals,slim,cold,university,jacket,-2
beige,grey,black,casual,henley,chinos,sneakers,relaxed,mild,business,coat,0
black,navy,brown,streetwear,oxford,shorts,boots,slim,mild,business,jacket,0
brown,grey,brown,streetwear,henley,shorts,loafers,relaxed,hot,date,jacket,-2
beige,brown,brown,streetwear,tee,shorts,sneakers,relaxed,mild,university,none,0
black,black,black,minimal,oxford,shorts,sandals,oversized,hot,business,jacket,-1
beige,grey,white,casual,tee,shorts,boots,relaxed,mild,university,none,0
white,beige,beige,formal,oxford,shorts,sandals,regular,cold,party,coat,-1
grey,navy,grey,casual,oxford,chinos,sandals,relaxed,hot,date,none,0
beige,black,grey,streetwear,dress_shirt,jeans,sandals,slim,cold,university,coat,-2
navy,beige,grey,formal,polo,trousers,sneakers,oversized,cold,date,jacket,0
brown,brown,beige,old_money,henley,trousers,loafers,regular,mild,party,jacket,3
white,white,white,casual,oxford,trousers,sneakers,regular,hot,business,long_coat,-1
grey,black,navy,formal,tee,chinos,boots,oversized,mild,date,none,1
grey,brown,grey,minimal,henley,shorts,sneakers,relaxed,cold,university,coat,0
grey,navy,beige,old_money,tee,jeans,loafers,regular,hot,university,long_coat,0
grey,navy,black,formal,tee,shorts,sneakers,slim,cold,date,long_coat,0
grey,black,brown,minimal,polo,trousers,sandals,slim,hot,business,none,0
black,navy,grey,formal,dress_shirt,trousers,sandals,oversized,hot,party,none,1
brown,white,beige,formal,dress_shirt,chinos,loafers,relaxed,cold,university,coat,0
navy,grey,black,streetwear,henley,chinos,boots,relaxed,cold,business,jacket,0
navy,beige,black,formal,henley,chinos,boots,relaxed,hot,date,none,0
brown,navy,white,streetwear,tee,jeans,sandals,slim,cold,business,jacket,-2
white,white,beige,minimal,tee,trousers,sandals,slim,mild,business,none,1
navy,brown,white,old_money,tee,trousers,loafers,slim,mild,university,coat,0
brown,navy,white,casual,oxford,shorts,sandals,regular,mild,university,jacket,0
white,grey,grey,formal,tee,shorts,loafers,slim,cold,business,jacket,0
black,white,white,streetwear,oxford,trousers,loafers,slim,mild,business,jacket,0
black,grey,white,old_money,henley,trousers,sneakers,oversized,mild,university,coat,0
beige,beige,brown,minimal,tee,chinos,boots,relaxed,cold,business,long_coat,1
grey,beige,beige,streetwear,oxford,chinos,sandals,regular,hot,date,long_coat,-2
brown,navy,brown,streetwear,henley,trousers,sneakers,slim,mild,business,long_coat,0
beige,brown,black,casual,dress_shirt,chinos,boots,relaxed,cold,party,coat,0
brown,grey,white,streetwear,polo,jeans,boots,regular,hot,business,none,0
navy,navy,navy,minimal,oxford,trousers,sneakers,slim,hot,business,none,1
beige,black,black,old_money,dress_shirt,chinos,sneakers,relaxed,cold,business,none,0
black,brown,beige,casual,henley,jeans,sneakers,relaxed,hot,date,coat,-2
navy,beige,navy,minimal,polo,trousers,loafers,oversized,cold,business,long_coat,0
grey,black,black,casual,polo,shorts,boots,regular,cold,party,coat,0
beige,navy,beige,streetwear,polo,jeans,sneakers,relaxed,mild,business,coat,0
navy,white,navy,formal,tee,chinos,sneakers,slim,mild,business,jacket,1
black,beige,black,minimal,henley,trousers,sandals,regular,hot,party,jacket,-2
black,black,grey,streetwear,polo,chinos,boots,regular,cold,date,jacket,1
grey,black,black,old_money,dress_shirt,chinos,sandals,regular,cold,business,coat,0
grey,brown,black,minimal,henley,trousers,sneakers,slim,mild,university,none,0
brown,brown,black,minimal,henley,chinos,loafers,relaxed,hot,business,coat,-1
beige,brown,white,casual,tee,trousers,sandals,slim,hot,date,coat,-2
brown,navy,brown,old_money,polo,chinos,loafers,slim,mild,business,long_coat,2
black,beige,grey,casual,dress_shirt,chinos,sneakers,relaxed,hot,party,jacket,-2
brown,brown,navy,old_money,polo,jeans,boots,oversized,cold,party,none,1
navy,white,white,old_money,polo,trousers,loafers,slim,cold,business,coat,0
beige,black,black,minimal,oxford,trousers,boots,relaxed,mild,business,none,0
brown,black,beige,formal,tee,jeans,sandals,relaxed,hot,business,long_coat,-2
brown,navy,black,casual,dress_shirt,shorts,sandals,slim,mild,business,jacket,0
navy,grey,navy,casual,henley,jeans,loafers,oversized,cold,business,long_coat,0
grey,beige,white,streetwear,dress_shirt,shorts,boots,slim,hot,business,none,0
black,white,brown,casual,tee,chinos,boots,relaxed,cold,date,coat,0
white,navy,grey,casual,dress_shirt,jeans,loafers,oversized,hot,business,coat,-2
brown,black,white,formal,tee,trousers,sandals,slim,cold,party,jacket,-1
white,grey,navy,formal,dress_shirt,shorts,loafers,oversized,cold,party,jacket,2
navy,grey,black,streetwear,tee,trousers,boots,oversized,hot,date,jacket,-2
navy,grey,navy,formal,oxford,chinos,loafers,regular,cold,university,coat,1
beige,grey,grey,formal,tee,trousers,boots,regular,mild,date,jacket,0
beige,brown,brown,minimal,oxford,trousers,boots,relaxed,hot,date,coat,-2
navy,grey,beige,old_money,tee,shorts,sandals,oversized,cold,business,long_coat,0
black,white,brown,streetwear,henley,trousers,boots,regular,hot,business,coat,-2
black,black,brown,casual,henley,jeans,boots,regular,hot,party,jacket,-1
white,white,black,streetwear,henley,chinos,sneakers,relaxed,mild,business,jacket,1
navy,black,grey,old_money,dress_shirt,chinos,loafers,slim,hot,university,long_coat,-2
brown,white,beige,formal,polo,trousers,boots,relaxed,hot,university,jacket,-2
brown,grey,navy,casual,henley,shorts,sandals,relaxed,cold,business,coat,-2
black,beige,grey,formal,henley,shorts,sneakers,regular,hot,university,none,0
brown,navy,brown,old_money,oxford,trousers,sneakers,relaxed,hot,date,coat,0
white,white,beige,old_money,oxford,chinos,boots,slim,hot,date,coat,1
white,navy,navy,old_money,dress_shirt,trousers,sneakers,oversized,hot,party,none,2
brown,black,navy,streetwear,dress_shirt,chinos,boots,relaxed,mild,party,long_coat,0
white,beige,navy,casual,tee,chinos,sneakers,relaxed,hot,party,jacket,-2
beige,brown,black,casual,oxford,jeans,boots,regular,mild,party,jacket,0
white,navy,black,casual,dress_shirt,chinos,sneakers,regular,cold,date,coat,0
grey,white,grey,old_money,henley,trousers,sneakers,regular,hot,party,none,0
navy,navy,black,casual,henley,jeans,sandals,slim,cold,business,long_coat,-1
brown,beige,grey,old_money,henley,chinos,loafers,oversized,mild,date,long_coat,0
navy,black,navy,casual,henley,jeans,boots,oversized,cold,date,coat,0
brown,brown,brown,minimal,polo,trousers,boots,oversized,mild,date,coat,1
grey,grey,brown,minimal,dress_shirt,chinos,sandals,oversized,hot,university,long_coat,-1
brown,navy,white,casual,oxford,trousers,loafers,oversized,cold,date,long_coat,0
grey,black,navy,formal,polo,jeans,loafers,slim,cold,university,none,-1
navy,brown,white,minimal,tee,shorts,sneakers,oversized,mild,party,none,0
beige,white,brown,streetwear,henley,chinos,boots,oversized,mild,party,jacket,0
black,brown,white,casual,tee,chinos,sneakers,slim,cold,university,none,-2
white,black,grey,streetwear,polo,jeans,boots,slim,mild,party,none,0
grey,navy,grey,streetwear,henley,trousers,sandals,relaxed,hot,party,none,0
black,brown,white,minimal,oxford,chinos,loafers,oversized,cold,party,long_coat,0
navy,white,grey,minimal,oxford,jeans,sandals,relaxed,mild,party,long_coat,0
navy,navy,white,streetwear,oxford,jeans,boots,oversized,mild,business,coat,1
beige,beige,beige,streetwear,polo,jeans,sandals,oversized,hot,university,jacket,-1
beige,navy,white,formal,tee,shorts,boots,regular,hot,university,long_coat,-2
beige,brown,navy,streetwear,oxford,chinos,boots,regular,cold,business,jacket,0
beige,white,beige,minimal,henley,chinos,boots,slim,hot,date,jacket,-2
beige,white,beige,streetwear,dress_shirt,chinos,boots,oversized,cold,party,coat,0
beige,grey,beige,minimal,oxford,jeans,sandals,oversized,cold,date,coat,-2
brown,brown,beige,streetwear,polo,shorts,boots,relaxed,mild,date,none,1
navy,brown,navy,formal,oxford,chinos,boots,slim,mild,university,coat,1
white,beige,navy,streetwear,dress_shirt,shorts,loafers,regular,hot,business,long_coat,-2
black,black,white,formal,polo,chinos,loafers,oversized,cold,party,jacket,2
brown,beige,grey,streetwear,dress_shirt,chinos,sandals,slim,cold,business,none,-4
navy,brown,brown,minimal,oxford,shorts,sandals,slim,hot,party,coat,-2
grey,white,black,old_money,dress_shirt,chinos,loafers,slim,cold,university,long_coat,2
grey,navy,black,streetwear,henley,shorts,boots,relaxed,cold,date,coat,0
brown,grey,navy,casual,henley,chinos,sneakers,slim,mild,university,jacket,0
white,beige,grey,casual,tee,chinos,loafers,regular,hot,university,jacket,-2
brown,beige,brown,old_money,tee,chinos,sandals,regular,mild,date,jacket,2
beige,white,navy,formal,oxford,shorts,boots,oversized,hot,party,jacket,0
beige,brown,white,old_money,dress_shirt,trousers,sneakers,slim,hot,business,jacket,-2
grey,navy,white,casual,henley,chinos,boots,regular,hot,date,jacket,-2
navy,navy,navy,old_money,dress_shirt,shorts,loafers,slim,cold,university,jacket,3
beige,brown,black,minimal,polo,chinos,sandals,slim,mild,university,none,0
beige,black,grey,old_money,dress_shirt,chinos,sandals,regular,cold,date,none,-4
black,brown,beige,streetwear,oxford,chinos,loafers,regular,hot,university,jacket,-2
grey,white,navy,streetwear,dress_shirt,chinos,sandals,slim,mild,date,none,0
black,navy,white,formal,oxford,shorts,loafers,oversized,mild,university,long_coat,0
brown,beige,grey,formal,henley,jeans,loafers,relaxed,hot,university,coat,-2
navy,beige,navy,casual,oxford,chinos,loafers,slim,cold,business,none,-2
grey,beige,navy,formal,oxford,trousers,boots,regular,cold,date,coat,1
brown,grey,navy,streetwear,oxford,chinos,boots,regular,cold,party,long_coat,0
beige,beige,brown,old_money,polo,jeans,sandals,relaxed,hot,date,jacket,1
navy,beige,beige,minimal,oxford,jeans,sneakers,relaxed,cold,date,coat,0
beige,black,black,minimal,henley,chinos,loafers,regular,cold,party,coat,0
white,grey,navy,streetwear,tee,trousers,sandals,slim,cold,date,long_coat,-2
black,grey,beige,formal,polo,shorts,sneakers,relaxed,mild,business,none,0
brown,grey,beige,formal,dress_shirt,shorts,loafers,regular,mild,date,long_coat,0
white,beige,black,formal,dress_shirt,chinos,loafers,relaxed,cold,business,coat,0
grey,grey,white,formal,polo,trousers,loafers,regular,hot,party,jacket,0
beige,black,white,streetwear,tee,shorts,boots,regular,hot,business,jacket,-2
brown,white,black,old_money,dress_shirt,chinos,sandals,slim,hot,date,none,2
black,white,black,formal,dress_shirt,shorts,sneakers,relaxed,mild,university,long_coat,0
brown,black,navy,formal,dress_shirt,jeans,sandals,oversized,cold,party,none,-2
navy,beige,black,old_money,dress_shirt,shorts,sneakers,regular,mild,business,none,2
black,brown,brown,casual,oxford,jeans,sneakers,regular,hot,business,coat,-2
black,beige,black,casual,dress_shirt,chinos,loafers,regular,mild,business,none,0
black,brown,black,old_money,henley,shorts,sandals,oversized,mild,date,jacket,2
grey,brown,grey,old_money,oxford,trousers,sandals,relaxed,cold,university,long_coat,-2
black,black,grey,old_money,henley,trousers,sneakers,relaxed,mild,business,long_coat,1
beige,brown,beige,old_money,polo,trousers,loafers,regular,hot,business,coat,0
white,brown,brown,casual,dress_shirt,jeans,boots,relaxed,mild,party,jacket,0
white,navy,grey,streetwear,oxford,jeans,loafers,oversized,hot,date,coat,-2
navy,brown,brown,old_money,dress_shirt,shorts,loafers,regular,hot,business,long_coat,0
black,white,beige,casual,dress_shirt,jeans,boots,regular,mild,date,coat,0
black,brown,grey,minimal,tee,trousers,sneakers,oversized,cold,date,none,-2
beige,beige,white,minimal,oxford,shorts,loafers,regular,cold,university,jacket,1
black,white,white,minimal,polo,shorts,boots,oversized,mild,party,coat,0
navy,grey,brown,formal,tee,chinos,boots,regular,hot,business,none,0
brown,grey,white,streetwear,dress_shirt,jeans,sneakers,regular,mild,university,none,0
white,navy,white,streetwear,polo,jeans,sneakers,relaxed,mild,date,jacket,0
grey,brown,grey,streetwear,oxford,shorts,loafers,relaxed,hot,date,long_coat,-2
beige,navy,brown,streetwear,dress_shirt,trousers,loafers,relaxed,cold,university,none,-2
navy,brown,navy,old_money,polo,trousers,boots,slim,mild,university,none,2
black,black,black,minimal,tee,trousers,sneakers,slim,mild,university,jacket,1
grey,white,grey,formal,tee,chinos,sneakers,oversized,mild,business,jacket,0
navy,navy,navy,casual,tee,trousers,loafers,oversized,mild,party,long_coat,1
white,grey,navy,formal,oxford,chinos,sandals,oversized,hot,university,long_coat,-1
black,white,grey,formal,oxford,trousers,sandals,regular,cold,university,coat,-2
white,brown,navy,old_money,dress_shirt,chinos,sandals,regular,hot,university,none,2
navy,brown,brown,formal,henley,chinos,boots,oversized,hot,university,coat,-2
black,white,beige,minimal,polo,jeans,sandals,oversized,mild,university,coat,0
navy,grey,white,streetwear,tee,chinos,loafers,relaxed,hot,university,coat,-2
beige,beige,beige,old_money,polo,chinos,loafers,slim,cold,business,coat,3
brown,black,beige,streetwear,oxford,shorts,sneakers,regular,mild,date,jacket,0
navy,white,navy,casual,henley,trousers,sneakers,slim,cold,date,none,-2
navy,navy,brown,minimal,henley,jeans,sneakers,oversized,cold,party,long_coat,1
beige,navy,grey,minimal,dress_shirt,shorts,boots,slim,mild,university,none,0
black,brown,navy,casual,oxford,shorts,sandals,regular,cold,business,jacket,-2
black,navy,grey,minimal,henley,shorts,boots,relaxed,mild,date,jacket,0
navy,brown,brown,old_money,polo,jeans,loafers,oversized,hot,business,long_coat,0
brown,beige,brown,formal,henley,jeans,sneakers,relaxed,mild,date,none,0
navy,grey,grey,minimal,henley,jeans,sandals,relaxed,hot,university,coat,-2
beige,grey,black,formal,henley,shorts,sandals,regular,mild,business,long_coat,0
beige,grey,beige,old_money,polo,shorts,sandals,oversized,mild,business,coat,2
grey,white,beige,streetwear,polo,chinos,sandals,regular,mild,university,long_coat,0
black,navy,black,streetwear,polo,shorts,loafers,oversized,hot,date,coat,-2
white,white,brown,old_money,henley,shorts,sneakers,relaxed,hot,party,jacket,1
navy,brown,brown,casual,tee,shorts,sandals,relaxed,hot,business,long_coat,-3
black,white,grey,casual,henley,shorts,sandals,regular,cold,party,long_coat,-2
beige,brown,black,streetwear,oxford,jeans,sneakers,regular,hot,date,long_coat,-2
brown,grey,navy,streetwear,oxford,chinos,sandals,oversized,hot,party,jacket,-2
brown,beige,grey,casual,dress_shirt,trousers,boots,relaxed,hot,date,long_coat,-2
grey,navy,beige,formal,polo,shorts,loafers,regular,mild,business,coat,0
navy,white,grey,casual,tee,trousers,loafers,regular,cold,university,jacket,0
beige,brown,brown,minimal,polo,jeans,boots,relaxed,hot,date,jacket,-2
brown,grey,white,casual,polo,shorts,sandals,oversized,hot,date,long_coat,-2
grey,black,navy,casual,polo,jeans,loafers,relaxed,hot,date,jacket,-2
brown,brown,grey,formal,henley,trousers,sneakers,slim,mild,date,none,1
black,brown,white,minimal,oxford,chinos,sneakers,slim,cold,date,coat,0
beige,white,black,casual,polo,shorts,loafers,regular,hot,business,jacket,-2
white,navy,navy,old_money,polo,shorts,boots,oversized,mild,date,coat,2
beige,white,grey,casual,polo,jeans,sandals,relaxed,cold,party,coat,-2
black,white,beige,casual,polo,shorts,sneakers,relaxed,cold,university,coat,0
black,beige,navy,streetwear,henley,trousers,boots,oversized,mild,business,jacket,0
beige,brown,grey,old_money,tee,shorts,loafers,relaxed,hot,party,long_coat,-2
white,black,white,streetwear,henley,jeans,sandals,regular,cold,date,none,-4
brown,black,grey,old_money,tee,jeans,boots,relaxed,cold,date,none,-2
white,grey,black,casual,henley,jeans,boots,relaxed,hot,university,coat,-2
navy,grey,beige,formal,polo,trousers,sneakers,oversized,cold,business,none,-2
grey,grey,white,streetwear,dress_shirt,trousers,loafers,oversized,mild,party,jacket,1
navy,navy,black,minimal,henley,shorts,sneakers,slim,hot,business,coat,-1
grey,brown,white,old_money,oxford,jeans,loafers,regular,cold,party,jacket,0
navy,black,grey,minimal,oxford,chinos,sandals,regular,cold,business,none,-4
brown,beige,black,formal,dress_shirt,chinos,boots,oversized,mild,university,none,0
beige,black,navy,streetwear,oxford,trousers,boots,relaxed,mild,date,long_coat,0
brown,grey,brown,streetwear,oxford,trousers,sandals,oversized,mild,university,none,0
grey,navy,grey,minimal,tee,trousers,boots,regular,cold,business,none,-2
grey,beige,beige,casual,henley,jeans,boots,regular,mild,party,long_coat,0
brown,brown,beige,old_money,oxford,trousers,sandals,regular,mild,business,none,3
beige,beige,black,old_money,tee,shorts,boots,regular,cold,date,coat,3
white,beige,black,casual,polo,chinos,sandals,relaxed,cold,date,none,-4
brown,grey,grey,formal,oxford,jeans,sandals,relaxed,mild,university,long_coat,0
grey,beige,white,casual,henley,trousers,loafers,regular,hot,university,coat,-2
beige,black,brown,casual,tee,chinos,sneakers,oversized,cold,business,long_coat,-1
black,navy,navy,minimal,oxford,chinos,sandals,relaxed,mild,party,long_coat,0
beige,grey,black,casual,dress_shirt,shorts,loafers,slim,mild,party,long_coat,0
black,navy,grey,old_money,oxford,chinos,sneakers,regular,hot,date,long_coat,-2
black,navy,black,casual,polo,shorts,boots,oversized,mild,business,jacket,0
brown,beige,navy,minimal,oxford,jeans,sneakers,slim,cold,party,jacket,0
grey,black,beige,casual,dress_shirt,jeans,loafers,slim,cold,party,none,-2
brown,white,navy,casual,henley,jeans,sneakers,slim,mild,party,long_coat,0
navy,navy,white,formal,dress_shirt,trousers,boots,slim,hot,party,coat,0
black,black,white,streetwear,tee,shorts,sandals,relaxed,mild,business,none,1
navy,beige,beige,minimal,oxford,shorts,loafers,regular,mild,business,none,0
beige,navy,black,casual,henley,trousers,sandals,oversized,hot,university,long_coat,-2
grey,beige,white,formal,tee,jeans,sneakers,slim,mild,date,coat,0
white,beige,navy,formal,henley,trousers,loafers,oversized,mild,university,jacket,1
beige,brown,white,minimal,polo,jeans,boots,oversized,hot,business,long_coat,-2
black,beige,brown,minimal,tee,jeans,loafers,regular,mild,party,coat,0
black,white,beige,streetwear,polo,shorts,sneakers,oversized,mild,date,long_coat,0
white,white,white,casual,henley,jeans,sneakers,slim,mild,business,none,1
grey,beige,white,casual,henley,chinos,sandals,relaxed,mild,date,jacket,0
black,white,black,casual,polo,chinos,loafers,relaxed,cold,business,long_coat,0
brown,white,grey,old_money,henley,shorts,sneakers,regular,mild,party,jacket,0
brown,black,black,minimal,henley,trousers,sneakers,relaxed,cold,party,jacket,0
beige,grey,beige,old_money,henley,shorts,boots,regular,mild,business,jacket,2
navy,black,navy,casual,henley,jeans,loafers,oversized,hot,business,coat,-2
brown,grey,navy,streetwear,dress_shirt,shorts,sneakers,slim,cold,university,none,-2
white,navy,beige,minimal,dress_shirt,chinos,sandals,regular,mild,university,none,0
beige,navy,brown,old_money,henley,jeans,loafers,oversized,hot,party,jacket,0
white,black,beige,old_money,tee,trousers,sneakers,relaxed,cold,business,jacket,2
grey,navy,brown,old_money,dress_shirt,trousers,boots,oversized,hot,university,long_coat,0
navy,navy,black,casual,dress_shirt,trousers,sneakers,relaxed,mild,university,coat,1
white,navy,brown,old_money,polo,shorts,sandals,oversized,mild,university,none,2
grey,brown,black,old_money,dress_shirt,trousers,sneakers,regular,hot,party,long_coat,0
brown,black,grey,old_money,tee,jeans,boots,oversized,hot,date,jacket,-2
beige,grey,brown,formal,henley,chinos,sandals,relaxed,cold,business,coat,-2
brown,white,black,old_money,tee,jeans,loafers,oversized,hot,university,jacket,0
brown,brown,navy,streetwear,henley,jeans,boots,regular,mild,party,none,1
navy,grey,white,minimal,dress_shirt,trousers,sandals,slim,cold,university,none,-4
brown,navy,brown,formal,oxford,chinos,boots,regular,mild,business,coat,0
grey,grey,beige,casual,tee,trousers,loafers,regular,hot,party,jacket,-1
black,black,navy,minimal,dress_shirt,jeans,boots,oversized,cold,business,coat,1
black,grey,beige,minimal,polo,chinos,boots,relaxed,cold,business,long_coat,0
black,beige,grey,formal,henley,shorts,loafers,slim,hot,university,coat,-2
black,white,black,streetwear,dress_shirt,chinos,sneakers,slim,cold,party,coat,0
beige,beige,brown,casual,henley,trousers,sandals,slim,hot,date,coat,-1
black,grey,white,formal,polo,shorts,loafers,slim,cold,university,jacket,0
brown,beige,white,streetwear,henley,trousers,sandals,regular,mild,business,jacket,0
beige,white,beige,casual,tee,jeans,loafers,relaxed,cold,business,none,-3
white,grey,grey,minimal,tee,chinos,loafers,slim,hot,date,jacket,-2
beige,brown,grey,old_money,dress_shirt,chinos,sneakers,oversized,cold,party,coat,0
black,beige,grey,streetwear,dress_shirt,jeans,sandals,relaxed,cold,date,none,-4
brown,grey,black,streetwear,oxford,jeans,loafers,slim,cold,business,none,-2
navy,navy,grey,casual,henley,trousers,sneakers,relaxed,cold,date,long_coat,1
white,brown,brown,streetwear,polo,chinos,loafers,slim,hot,university,coat,-2
navy,beige,beige,old_money,tee,trousers,boots,slim,cold,date,coat,2
beige,beige,brown,formal,dress_shirt,shorts,sandals,slim,mild,party,coat,2
navy,white,navy,minimal,henley,chinos,boots,relaxed,cold,university,jacket,0
black,navy,brown,minimal,oxford,shorts,loafers,slim,mild,date,jacket,0
navy,beige,white,old_money,tee,chinos,boots,oversized,mild,date,jacket,0
black,white,black,casual,henley,jeans,loafers,slim,hot,university,coat,-2
white,beige,white,minimal,tee,shorts,loafers,relaxed,hot,business,jacket,-2
brown,navy,black,minimal,polo,jeans,loafers,slim,hot,party,long_coat,-2
black,brown,beige,streetwear,polo,shorts,boots,slim,mild,date,jacket,0
navy,brown,grey,casual,polo,jeans,boots,slim,cold,date,long_coat,0
grey,grey,black,old_money,henley,trousers,sandals,slim,hot,date,none,3
grey,navy,grey,formal,henley,jeans,sandals,relaxed,cold,party,jacket,-1
white,brown,grey,casual,dress_shirt,chinos,boots,oversized,mild,date,coat,0
beige,navy,grey,casual,henley,jeans,loafers,slim,cold,university,long_coat,0
navy,grey,black,streetwear,dress_shirt,jeans,loafers,oversized,hot,business,none,0
grey,white,beige,casual,polo,jeans,loafers,oversized,hot,university,jacket,-2
navy,brown,white,casual,henley,chinos,boots,oversized,hot,university,jacket,-2
brown,navy,beige,casual,dress_shirt,jeans,sneakers,slim,hot,date,long_coat,-2
beige,brown,beige,minimal,dress_shirt,jeans,sandals,relaxed,hot,date,coat,-2
grey,navy,navy,casual,tee,trousers,boots,oversized,hot,university,coat,-2
beige,white,beige,formal,dress_shirt,trousers,loafers,slim,hot,date,long_coat,-2
black,white,white,formal,oxford,trousers,sneakers,relaxed,mild,party,jacket,1
navy,brown,white,streetwear,tee,chinos,loafers,oversized,cold,party,jacket,0
white,navy,navy,formal,dress_shirt,jeans,loafers,slim,hot,university,coat,-1
white,beige,brown,casual,dress_shirt,shorts,loafers,relaxed,hot,date,jacket,-2
black,brown,navy,casual,tee,jeans,loafers,oversized,hot,business,none,-1
beige,brown,black,streetwear,polo,shorts,boots,regular,hot,university,coat,-2
grey,black,beige,formal,dress_shirt,jeans,loafers,regular,cold,business,jacket,0
white,beige,white,formal,oxford,chinos,loafers,relaxed,cold,party,none,-1
beige,grey,black,streetwear,polo,chinos,loafers,slim,mild,party,none,0
beige,white,navy,casual,polo,shorts,boots,oversized,hot,date,long_coat,-2
black,grey,grey,formal,polo,chinos,boots,slim,mild,business,coat,0
grey,white,white,casual,oxford,jeans,sandals,regular,cold,party,jacket,-2
grey,navy,grey,formal,henley,chinos,sandals,slim,hot,party,jacket,-1
beige,white,black,casual,polo,chinos,boots,slim,cold,party,none,-2
black,brown,grey,casual,tee,chinos,boots,slim,cold,university,coat,0
navy,beige,white,old_money,polo,chinos,sneakers,regular,cold,date,jacket,0
grey,white,brown,minimal,tee,trousers,loafers,relaxed,hot,party,long_coat,-2
beige,brown,navy,casual,oxford,jeans,sneakers,relaxed,hot,date,jacket,-2
brown,beige,white,streetwear,tee,shorts,loafers,slim,cold,business,coat,0
navy,white,navy,casual,henley,jeans,sneakers,slim,cold,business,coat,0
black,white,brown,streetwear,henley,shorts,loafers,relaxed,cold,university,coat,0
brown,brown,white,streetwear,dress_shirt,chinos,loafers,regular,hot,party,coat,-1
white,navy,white,old_money,henley,jeans,sneakers,relaxed,cold,university,long_coat,0
white,brown,navy,old_money,polo,jeans,loafers,oversized,cold,party,none,0
black,white,grey,formal,henley,shorts,sandals,regular,hot,date,jacket,-2
grey,white,black,casual,polo,chinos,sandals,regular,hot,party,coat,-2
beige,grey,beige,minimal,dress_shirt,shorts,loafers,oversized,hot,university,jacket,-2
grey,white,brown,streetwear,tee,trousers,sneakers,relaxed,cold,university,jacket,0
grey,grey,black,casual,henley,jeans,loafers,regular,mild,party,long_coat,1
brown,grey,beige,casual,polo,trousers,loafers,slim,cold,university,coat,0
black,beige,beige,casual,henley,shorts,sneakers,regular,mild,university,coat,0
navy,beige,black,formal,tee,jeans,loafers,slim,mild,university,long_coat,0
brown,grey,black,minimal,dress_shirt,shorts,sneakers,oversized,hot,university,coat,-2
beige,navy,brown,casual,dress_shirt,shorts,sneakers,oversized,cold,date,none,-2
brown,brown,brown,formal,polo,shorts,sandals,regular,mild,party,coat,2
beige,white,white,formal,tee,jeans,sandals,regular,cold,university,jacket,-2
brown,white,beige,formal,tee,shorts,boots,regular,mild,date,coat,0
grey,white,grey,minimal,tee,chinos,sandals,regular,cold,date,coat,-2
black,navy,grey,casual,tee,chinos,loafers,regular,mild,business,jacket,-1
white,navy,navy,formal,dress_shirt,jeans,sandals,slim,hot,university,none,1
black,white,black,casual,oxford,chinos,loafers,relaxed,hot,party,jacket,-2
brown,beige,navy,old_money,tee,chinos,boots,relaxed,mild,business,none,2
navy,white,brown,old_money,henley,shorts,sneakers,slim,cold,university,none,0
brown,beige,beige,minimal,dress_shirt,jeans,loafers,oversized,mild,business,jacket,0
navy,navy,navy,streetwear,oxford,trousers,sneakers,relaxed,cold,date,long_coat,1
white,white,white,casual,polo,trousers,loafers,relaxed,hot,date,coat,-1
black,navy,black,casual,polo,chinos,boots,regular,mild,party,coat,0
beige,brown,navy,minimal,dress_shirt,shorts,sandals,regular,mild,date,long_coat,0
grey,black,grey,streetwear,henley,trousers,loafers,slim,mild,university,jacket,0
brown,beige,navy,casual,polo,shorts,loafers,slim,mild,party,long_coat,0
beige,brown,beige,streetwear,dress_shirt,trousers,boots,regular,cold,university,coat,0
black,grey,brown,formal,oxford,jeans,sneakers,oversized,cold,date,none,-2
black,white,brown,old_money,henley,jeans,sneakers,regular,cold,party,jacket,2
black,brown,brown,formal,polo,shorts,loafers,regular,mild,date,jacket,0
white,black,grey,minimal,henley,trousers,sandals,relaxed,hot,date,jacket,-2
navy,grey,white,formal,tee,jeans,sneakers,regular,mild,party,coat,1
black,beige,grey,minimal,polo,jeans,sandals,slim,hot,party,jacket,-2
beige,beige,black,streetwear,oxford,trousers,sneakers,slim,mild,party,jacket,1
navy,grey,brown,formal,henley,chinos,sandals,regular,hot,date,jacket,-2
black,brown,white,casual,tee,shorts,sneakers,relaxed,hot,party,long_coat,-2
beige,white,navy,casual,oxford,trousers,sneakers,slim,cold,business,coat,0
navy,navy,beige,formal,polo,chinos,sneakers,regular,mild,business,long_coat,1
white,beige,grey,streetwear,oxford,jeans,sneakers,regular,hot,university,coat,-2
beige,navy,black,formal,dress_shirt,trousers,loafers,oversized,hot,business,none,0
grey,black,brown,old_money,polo,jeans,boots,oversized,cold,date,coat,2
navy,beige,black,streetwear,tee,jeans,sandals,slim,cold,business,coat,-2
white,grey,white,streetwear,dress_shirt,jeans,sandals,regular,mild,party,coat,0
navy,white,navy,casual,dress_shirt,shorts,sneakers,oversized,hot,business,none,0
black,black,brown,old_money,oxford,jeans,boots,oversized,cold,university,coat,3
grey,navy,grey,formal,henley,trousers,sneakers,oversized,mild,date,coat,0
navy,brown,white,formal,henley,chinos,loafers,regular,mild,date,long_coat,0
navy,beige,navy,streetwear,tee,trousers,sandals,slim,cold,date,coat,-2
black,black,white,streetwear,tee,chinos,sneakers,slim,mild,university,long_coat,1
brown,white,brown,minimal,polo,trousers,boots,oversized,cold,university,coat,0
beige,white,navy,minimal,tee,shorts,loafers,slim,hot,business,long_coat,-2
brown,navy,grey,casual,tee,chinos,loafers,regular,cold,university,jacket,0
black,black,brown,formal,dress_shirt,shorts,boots,relaxed,hot,party,coat,0
navy,navy,brown,streetwear,henley,shorts,boots,relaxed,cold,party,long_coat,1
black,grey,black,streetwear,polo,chinos,loafers,relaxed,cold,university,long_coat,0
black,black,beige,formal,polo,trousers,sneakers,regular,cold,date,coat,1
beige,navy,navy,formal,polo,chinos,sandals,slim,mild,party,none,2
beige,white,black,formal,henley,jeans,sneakers,oversized,cold,business,long_coat,0
beige,white,beige,casual,polo,shorts,loafers,relaxed,mild,party,long_coat,0
navy,brown,grey,formal,oxford,jeans,boots,slim,cold,business,none,-2
brown,white,brown,minimal,dress_shirt,shorts,sandals,slim,mild,date,jacket,0
white,white,grey,casual,tee,shorts,sandals,regular,cold,date,jacket,-1
beige,white,black,casual,polo,trousers,loafers,slim,mild,party,jacket,0
navy,navy,white,streetwear,oxford,chinos,boots,regular,mild,party,jacket,1
black,beige,grey,minimal,dress_shirt,jeans,boots,slim,cold,business,none,-2
black,brown,navy,formal,henley,shorts,sneakers,slim,hot,university,long_coat,-1
beige,white,beige,old_money,tee,trousers,boots,regular,hot,date,coat,0
navy,beige,white,minimal,polo,jeans,loafers,regular,cold,party,jacket,0
brown,white,white,minimal,dress_shirt,jeans,boots,regular,mild,party,jacket,0
beige,white,brown,streetwear,dress_shirt,chinos,boots,slim,cold,university,coat,0
brown,grey,brown,streetwear,tee,trousers,sandals,relaxed,cold,business,coat,-2
brown,white,white,minimal,tee,trousers,sandals,slim,mild,business,jacket,0
grey,navy,beige,casual,tee,jeans,loafers,regular,mild,date,coat,0
black,black,grey,casual,oxford,shorts,sandals,slim,cold,business,jacket,-1
grey,beige,brown,streetwear,polo,trousers,sandals,oversized,mild,date,coat,0
navy,white,grey,formal,tee,chinos,sandals,oversized,cold,party,coat,-1
beige,navy,brown,minimal,oxford,chinos,sandals,relaxed,cold,business,none,-4
white,white,navy,casual,polo,trousers,sandals,regular,cold,party,long_coat,-1
grey,beige,black,old_money,oxford,jeans,sandals,regular,hot,party,long_coat,0
white,brown,beige,formal,dress_shirt,trousers,boots,oversized,hot,business,coat,-2
beige,black,white,streetwear,oxford,chinos,sandals,oversized,mild,university,coat,0
navy,black,grey,streetwear,dress_shirt,trousers,sneakers,slim,hot,business,jacket,-2
grey,grey,grey,casual,tee,shorts,sneakers,slim,hot,business,jacket,-2
brown,white,grey,old_money,oxford,trousers,boots,oversized,mild,party,long_coat,0
brown,white,white,streetwear,polo,jeans,boots,slim,cold,party,long_coat,0
beige,grey,white,old_money,polo,jeans,sneakers,slim,mild,business,coat,0
grey,navy,white,minimal,henley,jeans,loafers,slim,hot,business,jacket,-2
black,grey,beige,old_money,dress_shirt,shorts,loafers,slim,mild,university,jacket,2
beige,beige,white,casual,tee,jeans,loafers,oversized,mild,university,jacket,1
brown,navy,black,casual,oxford,chinos,sneakers,relaxed,hot,date,none,0
grey,grey,brown,old_money,tee,trousers,loafers,slim,mild,business,coat,3
white,white,black,old_money,dress_shirt,shorts,sneakers,oversized,hot,party,long_coat,1
grey,black,brown,streetwear,henley,shorts,loafers,regular,cold,date,none,-2
navy,beige,white,minimal,polo,trousers,loafers,regular,cold,party,none,-2
black,brown,black,old_money,tee,chinos,sneakers,slim,cold,business,long_coat,2
white,navy,white,formal,oxford,shorts,boots,relaxed,mild,party,coat,1
grey,brown,beige,formal,polo,jeans,sandals,slim,hot,party,jacket,-1
beige,navy,black,casual,oxford,trousers,sandals,relaxed,mild,date,jacket,0
black,black,navy,streetwear,henley,shorts,loafers,slim,cold,party,long_coat,1
grey,black,beige,formal,dress_shirt,trousers,sneakers,slim,hot,party,jacket,-1
brown,brown,brown,old_money,polo,jeans,sneakers,slim,mild,date,long_coat,3
grey,beige,brown,streetwear,tee,chinos,boots,oversized,hot,date,jacket,-2
white,beige,white,streetwear,tee,chinos,sandals,oversized,cold,university,jacket,-2
brown,navy,black,streetwear,oxford,jeans,boots,relaxed,mild,date,jacket,0
beige,navy,grey,casual,polo,shorts,loafers,oversized,hot,business,coat,-2
black,navy,black,streetwear,henley,jeans,loafers,oversized,cold,party,none,-2
brown,navy,grey,minimal,oxford,shorts,loafers,oversized,hot,date,coat,-2
black,brown,navy,formal,dress_shirt,trousers,boots,relaxed,mild,date,none,1
black,brown,white,minimal,dress_shirt,chinos,boots,oversized,mild,business,coat,0
beige,brown,black,streetwear,oxford,trousers,sneakers,relaxed,hot,university,coat,-2
black,navy,white,casual,oxford,shorts,sandals,relaxed,hot,business,none,0
brown,white,beige,minimal,dress_shirt,chinos,sneakers,slim,hot,business,none,0
navy,black,black,casual,tee,chinos,boots,slim,cold,university,jacket,0
beige,white,black,casual,oxford,trousers,boots,slim,hot,date,none,0
navy,navy,black,minimal,henley,chinos,sneakers,slim,mild,date,none,1
brown,navy,white,formal,polo,jeans,loafers,relaxed,mild,party,jacket,1
grey,grey,white,streetwear,oxford,chinos,loafers,oversized,hot,date,jacket,-1
white,beige,beige,casual,dress_shirt,trousers,sandals,slim,hot,party,none,0
black,black,beige,minimal,polo,trousers,loafers,relaxed,mild,party,coat,1
brown,navy,black,casual,dress_shirt,jeans,sneakers,relaxed,mild,business,none,0
navy,brown,beige,formal,tee,shorts,sneakers,regular,hot,business,coat,-2
navy,black,white,old_money,oxford,jeans,sneakers,oversized,hot,party,none,0
brown,beige,grey,casual,dress_shirt,trousers,sneakers,regular,mild,date,coat,0
black,black,navy,streetwear,dress_shirt,chinos,sneakers,relaxed,cold,date,long_coat,1
black,grey,black,streetwear,tee,trousers,loafers,regular,hot,business,jacket,-2
white,black,black,streetwear,tee,chinos,sandals,oversized,mild,party,coat,0
black,brown,black,streetwear,polo,trousers,boots,slim,mild,business,jacket,0
brown,grey,white,formal,henley,trousers,loafers,oversized,cold,date,none,-2
grey,grey,brown,old_money,tee,chinos,sandals,relaxed,cold,business,coat,1
navy,navy,beige,formal,henley,jeans,boots,oversized,cold,date,jacket,1
grey,grey,white,streetwear,dress_shirt,jeans,boots,slim,hot,date,coat,-1
brown,white,navy,minimal,polo,shorts,loafers,regular,cold,business,coat,0
grey,navy,brown,casual,tee,chinos,boots,relaxed,mild,university,coat,0
white,brown,white,formal,polo,shorts,loafers,regular,cold,business,long_coat,0
black,white,black,old_money,henley,jeans,sandals,slim,hot,date,coat,0
navy,brown,white,minimal,tee,chinos,sneakers,relaxed,mild,university,long_coat,0
beige,navy,grey,casual,tee,trousers,loafers,oversized,mild,university,none,0
white,white,brown,casual,oxford,chinos,sneakers,regular,cold,university,jacket,1
brown,navy,brown,formal,tee,chinos,boots,regular,hot,date,none,0
navy,white,black,streetwear,polo,jeans,sandals,relaxed,hot,university,none,0
black,navy,navy,old_money,oxford,shorts,loafers,oversized,hot,date,jacket,0
black,navy,white,formal,tee,jeans,loafers,regular,mild,business,long_coat,0
beige,navy,black,old_money,polo,jeans,sneakers,oversized,hot,date,jacket,0
brown,grey,grey,old_money,henley,jeans,sandals,regular,hot,university,long_coat,-2
grey,white,grey,streetwear,polo,chinos,loafers,oversized,cold,university,none,-2
black,beige,black,streetwear,oxford,trousers,sandals,oversized,mild,date,jacket,0
beige,brown,brown,formal,polo,trousers,sandals,oversized,hot,date,coat,-2
white,beige,beige,casual,polo,trousers,boots,slim,cold,university,coat,0
black,beige,navy,old_money,polo,chinos,loafers,regular,cold,date,coat,2
navy,grey,black,streetwear,dress_shirt,chinos,boots,oversized,hot,business,coat,-2
grey,beige,brown,formal,dress_shirt,shorts,sneakers,oversized,mild,business,long_coat,0
navy,beige,white,formal,polo,jeans,boots,relaxed,cold,business,long_coat,0
brown,brown,white,streetwear,tee,trousers,sandals,slim,hot,date,none,1
white,white,navy,streetwear,oxford,trousers,boots,oversized,mild,university,none,1
black,black,black,minimal,tee,shorts,loafers,regular,hot,party,long_coat,-1
white,grey,white,casual,tee,chinos,sandals,slim,cold,university,none,-4
navy,white,white,minimal,polo,trousers,sandals,slim,cold,university,coat,-2
black,beige,black,streetwear,henley,trousers,boots,oversized,mild,business,long_coat,0
black,brown,brown,casual,tee,jeans,loafers,slim,cold,party,jacket,0
beige,white,navy,streetwear,oxford,jeans,sneakers,slim,hot,party,long_coat,-2
brown,brown,navy,casual,oxford,jeans,boots,slim,mild,date,long_coat,1
brown,navy,navy,minimal,tee,shorts,boots,relaxed,hot,party,long_coat,-2
navy,black,brown,streetwear,oxford,jeans,sandals,oversized,mild,party,coat,0
navy,navy,navy,streetwear,tee,jeans,sneakers,slim,hot,university,none,1
brown,white,grey,old_money,oxford,trousers,sandals,regular,cold,date,coat,-2
black,brown,brown,formal,polo,jeans,sneakers,regular,mild,university,coat,0
beige,white,beige,formal,tee,chinos,boots,regular,hot,party,long_coat,-1
grey,brown,beige,formal,henley,shorts,sneakers,oversized,hot,date,jacket,-2
grey,brown,brown,old_money,dress_shirt,trousers,boots,relaxed,mild,university,jacket,2
navy,white,grey,formal,polo,jeans,sandals,regular,cold,party,coat,-1
white,navy,beige,minimal,henley,chinos,boots,oversized,hot,date,none,0
beige,grey,black,minimal,dress_shirt,jeans,boots,slim,hot,business,coat,-2
beige,black,beige,old_money,polo,trousers,sneakers,slim,cold,party,jacket,2
beige,grey,black,formal,henley,shorts,sandals,oversized,hot,date,long_coat,-2
navy,black,black,old_money,tee,jeans,sandals,relaxed,mild,university,coat,2
white,grey,black,minimal,polo,shorts,boots,oversized,hot,university,jacket,-2
beige,black,black,minimal,tee,chinos,boots,regular,cold,university,jacket,0
brown,white,brown,casual,dress_shirt,trousers,sneakers,relaxed,cold,business,coat,0
grey,navy,white,formal,oxford,jeans,sneakers,oversized,hot,party,none,1
white,brown,black,old_money,polo,shorts,sneakers,regular,hot,business,none,2
white,navy,white,old_money,polo,trousers,loafers,relaxed,cold,party,long_coat,0
black,brown,navy,streetwear,dress_shirt,shorts,sandals,relaxed,mild,university,none,0
brown,beige,grey,streetwear,henley,trousers,sneakers,oversized,hot,date,none,0
black,navy,white,streetwear,tee,chinos,boots,oversized,mild,party,coat,0
black,navy,beige,formal,tee,trousers,sneakers,oversized,mild,university,long_coat,0
white,navy,navy,casual,henley,trousers,sandals,slim,hot,business,long_coat,-2
beige,beige,brown,streetwear,polo,trousers,boots,relaxed,mild,business,long_coat,1
navy,black,beige,casual,oxford,jeans,boots,regular,hot,university,none,0
beige,navy,black,casual,dress_shirt,jeans,sandals,regular,hot,date,jacket,-2
brown,navy,brown,casual,oxford,jeans,boots,regular,hot,business,jacket,-2
black,brown,brown,casual,polo,shorts,loafers,oversized,cold,party,jacket,0
white,navy,brown,formal,tee,trousers,sneakers,regular,cold,date,none,-2
brown,grey,grey,casual,henley,jeans,boots,slim,mild,business,coat,0
brown,grey,black,old_money,dress_shirt,chinos,boots,regular,mild,date,long_coat,2
white,white,brown,minimal,tee,jeans,sneakers,slim,hot,business,coat,-1
black,brown,white,old_money,dress_shirt,shorts,boots,relaxed,hot,business,long_coat,-2
beige,brown,grey,casual,dress_shirt,trousers,sneakers,oversized,mild,party,jacket,0
beige,black,grey,formal,dress_shirt,chinos,sandals,relaxed,mild,date,coat,0
white,black,black,minimal,tee,jeans,sneakers,regular,mild,date,jacket,0
beige,white,grey,formal,tee,trousers,boots,slim,cold,date,jacket,0
brown,beige,brown,formal,oxford,shorts,boots,slim,mild,date,coat,0
white,black,beige,old_money,oxford,chinos,loafers,slim,hot,date,long_coat,0
navy,beige,white,formal,henley,jeans,boots,oversized,hot,date,coat,-2
navy,navy,navy,minimal,henley,chinos,sandals,regular,hot,party,coat,-1
brown,brown,grey,casual,henley,chinos,loafers,relaxed,hot,university,none,1
brown,white,brown,casual,oxford,trousers,loafers,regular,hot,party,long_coat,-2
navy,white,black,casual,tee,chinos,sandals,oversized,mild,university,coat,0
beige,grey,black,formal,henley,jeans,loafers,slim,cold,business,jacket,0
navy,grey,navy,minimal,dress_shirt,jeans,loafers,relaxed,hot,date,jacket,-2
beige,beige,black,old_money,polo,shorts,sneakers,regular,hot,university,none,3
brown,white,grey,minimal,oxford,trousers,loafers,relaxed,mild,university,long_coat,0
navy,beige,navy,minimal,oxford,trousers,loafers,regular,cold,business,jacket,0
white,white,brown,streetwear,henley,chinos,boots,slim,mild,date,long_coat,1
white,grey,black,old_money,tee,chinos,sneakers,regular,mild,business,none,2
navy,brown,beige,minimal,polo,trousers,boots,oversized,mild,party,coat,0
black,navy,black,minimal,henley,trousers,loafers,relaxed,mild,party,none,0
white,white,beige,casual,henley,shorts,loafers,oversized,cold,business,coat,1
navy,black,black,streetwear,dress_shirt,trousers,sandals,slim,mild,university,coat,0
brown,brown,beige,old_money,henley,chinos,sandals,slim,mild,date,long_coat,3
brown,navy,grey,minimal,oxford,jeans,sneakers,slim,hot,date,coat,-2
beige,grey,beige,formal,henley,jeans,sandals,relaxed,hot,party,long_coat,-1
beige,black,black,casual,dress_shirt,chinos,loafers,oversized,mild,party,long_coat,0
white,black,grey,old_money,dress_shirt,shorts,boots,regular,hot,university,coat,-2
navy,beige,navy,streetwear,polo,shorts,boots,slim,hot,date,none,0
white,white,black,casual,oxford,trousers,boots,regular,hot,party,coat,-1
navy,grey,beige,casual,polo,chinos,sneakers,oversized,hot,party,coat,-2
brown,grey,black,streetwear,tee,chinos,sneakers,relaxed,hot,date,coat,-2
brown,beige,grey,casual,polo,jeans,sandals,slim,mild,university,none,0
grey,white,white,old_money,polo,jeans,sneakers,slim,hot,university,long_coat,-2
navy,white,white,casual,tee,chinos,loafers,relaxed,mild,business,jacket,-1
navy,white,brown,old_money,dress_shirt,chinos,boots,slim,mild,university,none,2
grey,brown,navy,minimal,dress_shirt,shorts,sneakers,regular,mild,university,long_coat,0
beige,black,beige,minimal,tee,trousers,sneakers,regular,mild,business,none,0
beige,white,navy,streetwear,oxford,chinos,boots,oversized,cold,party,jacket,0
beige,navy,brown,old_money,henley,jeans,sandals,regular,hot,party,coat,0
navy,grey,grey,formal,henley,chinos,sneakers,oversized,mild,business,jacket,0
grey,navy,grey,formal,henley,chinos,sneakers,relaxed,cold,party,jacket,1
black,grey,beige,formal,polo,chinos,loafers,slim,hot,date,jacket,-2
grey,white,navy,old_money,oxford,shorts,boots,relaxed,mild,business,none,2
black,navy,navy,old_money,tee,chinos,sandals,relaxed,hot,party,long_coat,0
grey,white,grey,old_money,polo,chinos,sneakers,relaxed,mild,party,coat,0
white,navy,white,old_money,tee,chinos,sneakers,slim,hot,business,long_coat,-2
beige,navy,beige,streetwear,tee,trousers,boots,relaxed,hot,business,none,0
black,white,brown,formal,oxford,trousers,boots,oversized,mild,party,coat,1
navy,black,brown,minimal,polo,shorts,loafers,slim,mild,party,coat,0
white,black,grey,old_money,dress_shirt,shorts,sneakers,relaxed,cold,university,none,-2
grey,black,beige,streetwear,henley,trousers,boots,regular,cold,university,coat,0
navy,white,grey,streetwear,henley,trousers,sneakers,oversized,hot,date,coat,-2
beige,brown,black,casual,tee,shorts,sneakers,regular,cold,date,none,-2
beige,white,navy,casual,dress_shirt,trousers,sneakers,oversized,cold,university,coat,0
grey,brown,grey,streetwear,henley,trousers,sneakers,oversized,hot,date,none,0
black,white,grey,old_money,oxford,chinos,sandals,oversized,mild,university,jacket,0
black,beige,beige,formal,tee,shorts,sneakers,oversized,mild,party,none,1
grey,white,black,formal,polo,shorts,sandals,relaxed,mild,university,coat,0
navy,navy,black,casual,oxford,chinos,boots,regular,hot,party,none,1
white,beige,white,streetwear,dress_shirt,shorts,sneakers,relaxed,mild,party,none,0
white,black,beige,formal,dress_shirt,shorts,boots,slim,mild,university,jacket,0
brown,beige,grey,streetwear,polo,trousers,sandals,relaxed,mild,party,jacket,0
navy,black,grey,casual,oxford,chinos,sneakers,slim,hot,business,none,0
navy,beige,grey,formal,polo,chinos,loafers,oversized,hot,business,long_coat,-2
grey,brown,black,old_money,tee,shorts,boots,slim,mild,party,jacket,2
brown,navy,beige,streetwear,polo,chinos,sandals,slim,mild,party,jacket,0
grey,navy,navy,old_money,oxford,chinos,boots,oversized,mild,university,coat,2
grey,navy,brown,streetwear,dress_shirt,shorts,loafers,oversized,mild,business,long_coat,0
white,grey,white,streetwear,dress_shirt,trousers,loafers,oversized,cold,date,long_coat,0
black,grey,navy,old_money,henley,jeans,sandals,oversized,mild,university,coat,2
beige,white,white,formal,dress_shirt,chinos,sandals,slim,cold,university,jacket,-2
navy,black,brown,old_money,dress_shirt,chinos,boots,oversized,cold,university,long_coat,2
brown,beige,grey,minimal,oxford,trousers,sandals,oversized,mild,party,coat,0
navy,white,brown,streetwear,tee,jeans,sandals,slim,hot,party,none,0
brown,navy,white,streetwear,tee,chinos,loafers,relaxed,mild,business,jacket,0
navy,black,beige,streetwear,dress_shirt,shorts,boots,relaxed,cold,business,jacket,0
navy,navy,grey,casual,dress_shirt,jeans,sandals,oversized,mild,business,long_coat,1
beige,grey,white,old_money,polo,shorts,boots,oversized,cold,university,none,-2
white,grey,black,streetwear,polo,jeans,loafers,oversized,cold,date,jacket,0
beige,brown,brown,old_money,polo,chinos,sneakers,slim,hot,date,long_coat,0
brown,white,white,streetwear,polo,chinos,boots,relaxed,hot,university,none,0
brown,white,brown,formal,oxford,chinos,loafers,relaxed,mild,university,coat,0
navy,grey,brown,casual,polo,shorts,sneakers,relaxed,mild,business,none,0
navy,black,navy,streetwear,henley,jeans,boots,regular,mild,business,none,0
navy,brown,grey,formal,henley,trousers,loafers,oversized,hot,date,jacket,-2
brown,black,beige,minimal,dress_shirt,jeans,loafers,slim,cold,business,none,-2
black,beige,beige,casual,polo,chinos,sneakers,oversized,cold,university,none,-2
navy,beige,navy,formal,tee,jeans,sneakers,relaxed,cold,business,none,-1
grey,beige,brown,casual,oxford,shorts,sandals,relaxed,mild,date,none,0
brown,white,white,old_money,dress_shirt,jeans,sandals,regular,mild,business,none,0
navy,grey,brown,old_money,oxford,shorts,sneakers,relaxed,mild,date,coat,2
brown,grey,beige,minimal,dress_shirt,shorts,sandals,slim,cold,party,long_coat,-2
white,navy,white,streetwear,tee,trousers,sneakers,relaxed,cold,party,none,-2
white,black,brown,casual,dress_shirt,chinos,boots,regular,hot,party,long_coat,-2
grey,beige,black,casual,oxford,trousers,loafers,oversized,mild,date,coat,0
beige,beige,black,casual,polo,chinos,sandals,regular,hot,date,none,1
grey,navy,navy,formal,henley,trousers,loafers,slim,hot,date,long_coat,-1
grey,white,beige,old_money,tee,jeans,loafers,relaxed,mild,business,coat,2
grey,grey,grey,minimal,henley,shorts,sneakers,slim,hot,party,coat,-1
grey,grey,navy,formal,oxford,trousers,sneakers,oversized,mild,date,none,2
white,black,black,streetwear,polo,shorts,sandals,relaxed,hot,party,long_coat,-2
navy,beige,brown,old_money,polo,jeans,sneakers,regular,hot,business,none,2
grey,navy,white,minimal,tee,trousers,boots,oversized,cold,party,long_coat,0
beige,navy,grey,streetwear,oxford,trousers,loafers,oversized,cold,business,coat,0
beige,black,white,old_money,dress_shirt,shorts,boots,regular,hot,university,long_coat,-2
navy,black,beige,streetwear,oxford,jeans,boots,slim,mild,party,coat,0
white,beige,beige,streetwear,dress_shirt,trousers,sneakers,slim,hot,business,none,0
brown,white,navy,casual,oxford,chinos,sandals,regular,hot,party,coat,-2
beige,grey,black,casual,dress_shirt,chinos,sandals,oversized,hot,date,long_coat,-2
navy,navy,brown,streetwear,dress_shirt,shorts,sneakers,oversized,hot,party,none,1
grey,black,beige,old_money,henley,jeans,boots,slim,hot,party,long_coat,0
brown,navy,navy,old_money,tee,chinos,sneakers,regular,mild,party,jacket,2
black,brown,navy,old_money,polo,jeans,sandals,oversized,cold,university,jacket,0
black,grey,navy,old_money,polo,chinos,loafers,slim,cold,business,coat,2
navy,white,beige,formal,polo,shorts,sneakers,relaxed,cold,party,coat,1
beige,black,navy,minimal,henley,chinos,loafers,regular,hot,business,long_coat,-2
navy,black,beige,casual,tee,jeans,sandals,relaxed,mild,party,none,0
white,black,brown,streetwear,henley,chinos,boots,regular,mild,party,jacket,0
brown,black,brown,streetwear,dress_shirt,shorts,sandals,relaxed,mild,date,long_coat,0
grey,grey,black,streetwear,oxford,chinos,sandals,slim,cold,business,jacket,-1
navy,grey,black,casual,dress_shirt,trousers,boots,relaxed,mild,university,coat,0
white,beige,grey,casual,oxford,chinos,loafers,regular,cold,university,none,-2
white,white,brown,casual,henley,chinos,loafers,relaxed,cold,party,none,-1
white,white,white,minimal,dress_shirt,trousers,sandals,oversized,mild,date,coat,1
navy,brown,beige,old_money,polo,jeans,sandals,regular,mild,university,jacket,2
brown,black,brown,formal,tee,shorts,sandals,regular,hot,university,coat,-2
grey,white,grey,streetwear,oxford,trousers,sneakers,oversized,cold,date,none,-2
white,beige,black,old_money,oxford,chinos,boots,oversized,mild,date,long_coat,2
brown,brown,grey,casual,oxford,trousers,sandals,slim,cold,date,none,-3
white,black,black,streetwear,oxford,shorts,sandals,slim,cold,university,long_coat,-2
white,grey,beige,streetwear,polo,shorts,sneakers,relaxed,cold,business,long_coat,0
white,black,black,old_money,henley,chinos,sandals,slim,mild,party,long_coat,2
white,navy,beige,casual,henley,chinos,sneakers,regular,hot,date,coat,-2
grey,brown,grey,streetwear,polo,shorts,boots,regular,cold,date,coat,0
beige,white,beige,streetwear,oxford,shorts,boots,relaxed,mild,university,none,0
navy,navy,brown,minimal,henley,trousers,sandals,oversized,cold,party,coat,-1
white,brown,navy,minimal,polo,chinos,sandals,relaxed,mild,business,coat,0
white,navy,navy,formal,tee,shorts,sandals,oversized,mild,university,coat,1
grey,brown,navy,streetwear,henley,chinos,sneakers,relaxed,mild,university,jacket,0
black,grey,white,streetwear,oxford,jeans,sneakers,relaxed,cold,party,none,-2
navy,brown,brown,minimal,oxford,trousers,sandals,slim,mild,university,long_coat,0
black,brown,white,formal,dress_shirt,shorts,sneakers,regular,mild,date,none,0
navy,beige,beige,casual,oxford,chinos,sneakers,oversized,cold,date,coat,0
white,beige,black,streetwear,tee,trousers,sneakers,slim,mild,university,none,0
black,brown,beige,minimal,oxford,shorts,boots,oversized,hot,party,coat,-2
white,black,white,casual,henley,jeans,sandals,slim,hot,date,coat,-2
black,white,white,streetwear,polo,shorts,sandals,regular,hot,university,jacket,-2
grey,white,brown,casual,polo,jeans,sneakers,oversized,cold,business,jacket,0
beige,black,brown,streetwear,polo,chinos,sneakers,relaxed,hot,university,none,0
grey,beige,grey,casual,oxford,trousers,loafers,oversized,mild,business,none,0
navy,beige,grey,streetwear,oxford,shorts,boots,regular,mild,business,long_coat,0
navy,white,black,casual,tee,chinos,sneakers,relaxed,mild,date,long_coat,0
grey,black,white,casual,polo,jeans,sneakers,regular,cold,business,none,-2
grey,grey,black,formal,oxford,chinos,loafers,oversized,mild,university,long_coat,1
grey,white,brown,minimal,oxford,trousers,loafers,slim,cold,date,none,-2
white,brown,black,casual,polo,trousers,boots,oversized,hot,university,coat,-2
navy,navy,brown,casual,dress_shirt,chinos,boots,regular,cold,university,jacket,1
navy,grey,white,casual,dress_shirt,trousers,sandals,regular,hot,party,long_coat,-2
navy,beige,brown,minimal,henley,trousers,boots,slim,mild,party,none,0
white,beige,navy,formal,oxford,shorts,sandals,relaxed,cold,university,jacket,-1
grey,navy,navy,casual,dress_shirt,chinos,boots,regular,mild,university,none,0
navy,beige,brown,streetwear,tee,trousers,sneakers,relaxed,hot,date,long_coat,-2
grey,white,grey,old_money,henley,shorts,sneakers,regular,mild,university,none,0
grey,navy,white,casual,henley,trousers,loafers,slim,mild,party,long_coat,0
black,white,grey,formal,tee,chinos,sneakers,regular,mild,university,none,0
black,white,grey,casual,oxford,shorts,sneakers,relaxed,hot,party,coat,-2
beige,beige,grey,streetwear,tee,trousers,sandals,relaxed,mild,date,coat,1
beige,beige,navy,minimal,henley,jeans,sneakers,regular,hot,university,jacket,-1
navy,white,brown,streetwear,henley,trousers,loafers,relaxed,hot,business,long_coat,-2
navy,brown,brown,old_money,dress_shirt,jeans,sandals,regular,hot,party,jacket,0
grey,black,white,minimal,polo,shorts,sandals,relaxed,cold,business,long_coat,-2
grey,white,beige,minimal,tee,jeans,sandals,slim,cold,business,none,-4
beige,black,navy,casual,tee,shorts,loafers,regular,cold,university,long_coat,0
grey,black,white,minimal,tee,shorts,sandals,relaxed,hot,business,coat,-2
grey,navy,beige,casual,oxford,shorts,sneakers,oversized,cold,party,jacket,0
brown,navy,beige,formal,dress_shirt,jeans,sandals,regular,cold,party,coat,-1
white,white,beige,casual,oxford,trousers,sandals,relaxed,mild,university,jacket,1
black,navy,grey,streetwear,tee,chinos,sandals,slim,mild,university,coat,0
brown,navy,white,formal,polo,chinos,boots,slim,hot,date,long_coat,-2
brown,grey,beige,casual,dress_shirt,shorts,loafers,slim,cold,business,none,-2
beige,brown,beige,minimal,dress_shirt,chinos,sandals,oversized,cold,university,coat,-2
brown,navy,navy,casual,oxford,jeans,sneakers,regular,mild,university,none,0
black,beige,beige,streetwear,oxford,trousers,sandals,slim,mild,date,coat,0
white,white,grey,minimal,oxford,jeans,loafers,relaxed,hot,university,long_coat,-1
navy,brown,grey,old_money,henley,shorts,loafers,slim,cold,business,jacket,0
black,grey,navy,casual,tee,chinos,sneakers,regular,cold,university,jacket,0
white,black,white,streetwear,tee,jeans,sandals,relaxed,hot,business,jacket,-2
navy,brown,grey,minimal,tee,trousers,loafers,oversized,cold,date,coat,0
navy,brown,grey,formal,tee,chinos,sneakers,slim,hot,business,coat,-2
grey,white,grey,streetwear,henley,trousers,sandals,relaxed,mild,date,jacket,0
grey,white,black,casual,oxford,jeans,loafers,slim,hot,party,none,0
beige,navy,beige,casual,polo,jeans,sneakers,regular,mild,date,long_coat,0
beige,beige,black,minimal,polo,jeans,loafers,relaxed,cold,date,coat,1
grey,navy,black,casual,dress_shirt,jeans,sandals,regular,mild,date,coat,0
white,beige,black,streetwear,henley,shorts,sandals,relaxed,hot,party,jacket,-2
brown,beige,black,streetwear,dress_shirt,trousers,boots,relaxed,mild,business,jacket,0
navy,black,brown,minimal,henley,jeans,boots,slim,hot,party,jacket,-2
brown,black,black,old_money,tee,trousers,boots,oversized,cold,party,jacket,2
beige,navy,grey,old_money,henley,shorts,boots,regular,cold,business,coat,0
black,grey,navy,formal,oxford,trousers,loafers,relaxed,mild,business,long_coat,1
grey,grey,brown,casual,tee,trousers,sneakers,regular,mild,party,long_coat,1
brown,beige,beige,minimal,henley,shorts,loafers,relaxed,hot,business,none,0
grey,black,black,streetwear,dress_shirt,trousers,sandals,slim,cold,university,long_coat,-2
navy,black,grey,old_money,henley,trousers,sandals,relaxed,cold,university,coat,-2
brown,beige,beige,formal,oxford,shorts,sneakers,oversized,cold,party,long_coat,1
beige,white,white,casual,henley,jeans,loafers,oversized,cold,university,jacket,0
white,brown,grey,streetwear,oxford,trousers,loafers,relaxed,hot,date,coat,-2
beige,brown,brown,old_money,tee,chinos,loafers,relaxed,cold,date,none,0
navy,black,navy,streetwear,henley,chinos,boots,regular,cold,university,none,-2
brown,navy,navy,streetwear,polo,jeans,sneakers,slim,cold,date,none,-2
white,navy,white,old_money,tee,trousers,boots,oversized,cold,party,none,-2
beige,brown,beige,formal,polo,shorts,loafers,relaxed,mild,date,coat,0
grey,navy,black,formal,henley,jeans,sandals,regular,cold,university,none,-4
grey,grey,navy,formal,tee,jeans,sneakers,oversized,mild,business,none,2
white,black,brown,old_money,tee,trousers,sandals,oversized,hot,date,jacket,0
navy,beige,brown,casual,henley,trousers,sandals,oversized,hot,date,coat,-2
white,brown,white,old_money,dress_shirt,shorts,boots,slim,cold,date,coat,0
brown,grey,black,casual,henley,jeans,sandals,relaxed,cold,party,none,-4
beige,grey,beige,old_money,oxford,jeans,loafers,regular,cold,party,long_coat,2
white,white,brown,formal,polo,chinos,sneakers,slim,mild,date,jacket,1
grey,beige,beige,formal,polo,jeans,sandals,slim,mild,business,jacket,0
black,navy,navy,old_money,dress_shirt,jeans,boots,oversized,mild,business,jacket,2
white,beige,beige,minimal,henley,trousers,sneakers,slim,hot,party,long_coat,-2
brown,black,grey,streetwear,tee,jeans,sneakers,regular,hot,date,long_coat,-2
beige,white,beige,casual,tee,jeans,sneakers,oversized,hot,party,coat,-2
brown,black,white,minimal,henley,trousers,boots,slim,cold,date,none,-2
navy,brown,grey,old_money,oxford,trousers,loafers,relaxed,cold,party,jacket,0
brown,beige,navy,casual,tee,shorts,boots,oversized,hot,party,none,0
grey,white,grey,formal,tee,chinos,loafers,regular,hot,business,none,0
beige,black,black,formal,dress_shirt,trousers,sandals,oversized,cold,party,long_coat,-1
brown,brown,brown,minimal,dress_shirt,trousers,boots,oversized,mild,university,none,1
white,navy,grey,formal,tee,chinos,sneakers,slim,cold,business,none,-2
black,grey,black,streetwear,polo,jeans,boots,oversized,cold,business,none,-2
black,brown,grey,streetwear,henley,trousers,sneakers,oversized,cold,party,long_coat,0
black,brown,white,casual,polo,jeans,sneakers,regular,cold,party,none,-2
navy,beige,grey,minimal,tee,trousers,sandals,relaxed,mild,date,none,0
beige,beige,grey,streetwear,tee,jeans,boots,oversized,hot,date,jacket,-1
navy,white,grey,casual,oxford,shorts,sandals,slim,hot,university,long_coat,-2
navy,white,brown,old_money,dress_shirt,shorts,sandals,relaxed,mild,business,coat,2
beige,black,navy,old_money,dress_shirt,trousers,sneakers,slim,cold,university,none,0
brown,beige,black,streetwear,henley,shorts,sandals,relaxed,cold,university,none,-4
grey,black,grey,old_money,oxford,chinos,sneakers,oversized,hot,party,jacket,-2
brown,beige,navy,streetwear,tee,shorts,sandals,regular,hot,date,coat,-2
navy,black,beige,streetwear,dress_shirt,shorts,boots,oversized,mild,business,coat,0
grey,brown,beige,old_money,tee,chinos,boots,regular,mild,university,none,2
beige,beige,white,formal,tee,trousers,loafers,oversized,mild,university,none,1
black,black,brown,casual,oxford,jeans,sneakers,slim,hot,university,jacket,-1
white,brown,white,casual,polo,shorts,boots,oversized,mild,university,coat,0
beige,brown,navy,casual,polo,jeans,sneakers,relaxed,cold,business,coat,0
white,navy,beige,minimal,tee,shorts,sneakers,relaxed,hot,date,none,0
white,black,white,formal,oxford,shorts,sandals,oversized,hot,business,coat,-2
black,brown,navy,casual,oxford,shorts,loafers,regular,mild,business,none,0
beige,black,beige,minimal,tee,shorts,boots,oversized,cold,business,jacket,0
grey,brown,brown,streetwear,henley,jeans,loafers,oversized,cold,date,long_coat,0
beige,navy,brown,minimal,dress_shirt,jeans,sneakers,relaxed,hot,date,coat,-2
grey,black,beige,casual,henley,jeans,boots,relaxed,mild,date,long_coat,0
black,brown,grey,formal,tee,shorts,sandals,oversized,mild,university,jacket,0
beige,grey,brown,formal,oxford,trousers,boots,oversized,mild,party,none,1
brown,navy,black,minimal,tee,chinos,sneakers,relaxed,hot,date,coat,-2
black,brown,grey,minimal,oxford,trousers,sneakers,oversized,mild,date,coat,0
grey,brown,white,formal,henley,trousers,sandals,slim,mild,party,long_coat,1
black,white,navy,casual,tee,shorts,boots,relaxed,hot,date,jacket,-2
brown,grey,grey,minimal,oxford,jeans,boots,slim,cold,party,long_coat,0
brown,grey,beige,formal,dress_shirt,jeans,sandals,oversized,cold,date,coat,-2
brown,white,beige,streetwear,oxford,shorts,sneakers,relaxed,mild,party,long_coat,0
black,navy,white,casual,henley,trousers,loafers,regular,hot,university,long_coat,-2
black,black,brown,formal,tee,trousers,loafers,slim,hot,date,coat,-1
black,white,grey,casual,tee,chinos,boots,regular,mild,university,jacket,0
brown,beige,white,casual,polo,trousers,sneakers,slim,mild,university,jacket,0
grey,brown,beige,old_money,tee,jeans,sandals,slim,cold,business,long_coat,0
navy,beige,beige,minimal,tee,shorts,loafers,slim,cold,business,none,-2
brown,beige,black,formal,oxford,shorts,sandals,oversized,hot,party,jacket,-1
beige,grey,beige,formal,dress_shirt,chinos,loafers,slim,mild,date,jacket,0
navy,beige,navy,formal,tee,jeans,loafers,oversized,mild,business,none,1
white,black,brown,formal,oxford,chinos,sandals,slim,mild,date,jacket,0
navy,grey,black,minimal,henley,jeans,loafers,relaxed,hot,date,jacket,-2
black,beige,black,streetwear,dress_shirt,shorts,boots,regular,mild,university,coat,0
grey,grey,grey,streetwear,henley,shorts,loafers,slim,cold,university,jacket,1
navy,navy,black,old_money,oxford,trousers,sandals,regular,cold,date,none,-1
white,beige,grey,old_money,henley,shorts,boots,slim,hot,business,long_coat,-2
grey,black,brown,minimal,polo,jeans,boots,oversized,cold,business,long_coat,0
beige,navy,white,minimal,oxford,shorts,boots,regular,hot,business,coat,-2
beige,navy,brown,minimal,dress_shirt,chinos,boots,slim,hot,business,none,0
black,white,black,old_money,tee,chinos,loafers,regular,hot,university,coat,0
brown,brown,brown,old_money,dress_shirt,trousers,sandals,slim,mild,party,none,3
white,beige,beige,streetwear,tee,chinos,sandals,regular,hot,business,jacket,-2
brown,black,black,streetwear,polo,trousers,sneakers,slim,cold,party,coat,0
grey,navy,black,minimal,tee,chinos,sandals,oversized,cold,party,jacket,-2
brown,white,navy,formal,oxford,shorts,boots,slim,hot,party,none,2
navy,beige,grey,casual,oxford,chinos,sandals,regular,mild,business,jacket,0
navy,white,beige,old_money,tee,shorts,sandals,relaxed,cold,party,long_coat,0
grey,beige,black,minimal,henley,shorts,boots,oversized,cold,university,long_coat,0
black,beige,brown,old_money,oxford,jeans,sneakers,regular,mild,business,coat,2
navy,beige,brown,casual,oxford,jeans,sneakers,oversized,cold,university,coat,0
brown,brown,black,formal,dress_shirt,trousers,sneakers,oversized,hot,business,jacket,-1
black,beige,beige,formal,tee,chinos,loafers,oversized,mild,business,none,0
brown,white,grey,streetwear,tee,chinos,loafers,slim,mild,party,long_coat,0
navy,black,white,casual,tee,shorts,loafers,slim,cold,business,coat,-1
navy,white,beige,minimal,tee,chinos,sneakers,relaxed,mild,date,none,0
white,brown,navy,minimal,tee,shorts,sandals,slim,mild,date,long_coat,0
grey,grey,black,formal,oxford,trousers,sandals,slim,hot,business,jacket,-1
grey,grey,grey,formal,henley,jeans,loafers,regular,mild,party,jacket,2
white,black,navy,streetwear,tee,chinos,loafers,relaxed,hot,business,long_coat,-2
black,black,beige,casual,henley,shorts,sandals,slim,cold,date,jacket,-1
black,brown,black,formal,oxford,chinos,boots,regular,cold,party,coat,1
navy,brown,white,streetwear,tee,trousers,boots,slim,mild,business,long_coat,0
brown,black,white,formal,tee,shorts,boots,oversized,cold,university,none,-2
navy,grey,navy,streetwear,henley,chinos,loafers,relaxed,hot,date,long_coat,-2
brown,navy,beige,minimal,polo,shorts,sneakers,regular,hot,party,coat,-2
grey,navy,navy,minimal,polo,shorts,boots,regular,cold,business,long_coat,0
beige,grey,white,formal,polo,shorts,sneakers,regular,hot,business,none,0
navy,brown,black,formal,polo,chinos,loafers,relaxed,hot,business,jacket,-2
beige,grey,beige,streetwear,tee,trousers,sneakers,relaxed,mild,date,none,0
brown,white,black,casual,polo,trousers,sandals,relaxed,hot,party,coat,-2
beige,white,navy,streetwear,dress_shirt,shorts,boots,regular,mild,business,none,0
beige,white,white,formal,tee,jeans,boots,regular,hot,business,jacket,-2
black,beige,white,casual,henley,shorts,loafers,slim,mild,party,long_coat,0
brown,beige,beige,casual,polo,chinos,sneakers,slim,cold,party,long_coat,0
grey,grey,grey,casual,tee,jeans,sandals,slim,cold,date,none,-3
brown,brown,brown,minimal,tee,shorts,sandals,slim,hot,party,jacket,-1
beige,black,white,formal,henley,trousers,sneakers,regular,cold,university,none,-2
black,brown,navy,formal,oxford,chinos,loafers,regular,cold,business,coat,1
brown,grey,grey,streetwear,oxford,jeans,boots,oversized,mild,business,coat,0
beige,navy,white,formal,dress_shirt,jeans,loafers,regular,cold,business,coat,0
brown,black,grey,old_money,henley,trousers,sneakers,regular,hot,date,jacket,-2
grey,black,beige,minimal,dress_shirt,shorts,loafers,relaxed,mild,business,long_coat,0
beige,beige,white,casual,dress_shirt,chinos,sandals,slim,hot,date,none,1
grey,beige,navy,old_money,dress_shirt,shorts,loafers,oversized,cold,business,none,0
beige,white,beige,streetwear,dress_shirt,shorts,sandals,slim,cold,date,none,-4
black,navy,navy,casual,polo,chinos,sneakers,slim,mild,party,jacket,0
brown,white,grey,casual,oxford,trousers,sandals,regular,mild,business,none,0
grey,grey,black,old_money,oxford,shorts,boots,oversized,hot,date,long_coat,1
white,white,brown,minimal,polo,trousers,sandals,slim,mild,business,long_coat,1
grey,grey,black,casual,henley,trousers,boots,regular,cold,business,none,-1
navy,grey,brown,casual,oxford,trousers,loafers,regular,cold,business,coat,0
black,black,brown,minimal,dress_shirt,chinos,loafers,slim,mild,university,coat,1
brown,beige,grey,minimal,oxford,jeans,loafers,regular,cold,university,none,-2
black,navy,black,formal,tee,chinos,boots,oversized,cold,university,jacket,0
grey,black,brown,old_money,henley,jeans,sneakers,relaxed,hot,university,coat,0
beige,black,black,old_money,polo,chinos,loafers,oversized,mild,business,jacket,2
navy,brown,black,formal,henley,trousers,loafers,slim,mild,date,coat,0
beige,brown,grey,minimal,polo,chinos,sneakers,regular,cold,business,jacket,0
brown,white,brown,formal,dress_shirt,trousers,loafers,relaxed,hot,party,jacket,-1
white,beige,brown,old_money,tee,jeans,sandals,regular,cold,party,long_coat,0
black,navy,black,streetwear,dress_shirt,trousers,loafers,regular,mild,university,none,0
brown,beige,beige,formal,dress_shirt,chinos,boots,regular,mild,university,none,0
brown,grey,grey,casual,dress_shirt,chinos,loafers,slim,mild,business,long_coat,0
white,black,brown,formal,oxford,shorts,loafers,oversized,cold,party,jacket,1
grey,white,white,old_money,oxford,trousers,boots,slim,hot,business,long_coat,-2
beige,navy,black,casual,oxford,shorts,boots,regular,hot,date,jacket,-2
beige,grey,black,streetwear,dress_shirt,chinos,boots,oversized,cold,university,jacket,0
beige,beige,black,streetwear,oxford,chinos,sneakers,regular,hot,party,coat,-1
black,grey,white,minimal,dress_shirt,shorts,loafers,slim,hot,party,coat,-2
brown,white,beige,streetwear,tee,chinos,boots,regular,cold,university,jacket,0
black,white,white,streetwear,dress_shirt,trousers,loafers,relaxed,cold,business,coat,0
black,white,grey,old_money,tee,chinos,boots,oversized,cold,university,coat,0
grey,brown,navy,formal,henley,jeans,boots,regular,cold,date,none,-1
white,brown,black,casual,oxford,jeans,sneakers,slim,hot,business,jacket,-2
navy,navy,beige,casual,tee,jeans,sandals,regular,mild,party,jacket,1
white,navy,black,minimal,tee,chinos,boots,oversized,cold,business,long_coat,0
beige,white,grey,streetwear,henley,trousers,sandals,relaxed,hot,business,coat,-2
beige,beige,black,minimal,polo,chinos,boots,regular,hot,party,long_coat,-1
black,white,black,streetwear,polo,trousers,sandals,relaxed,mild,business,jacket,0
black,navy,grey,streetwear,henley,trousers,boots,regular,hot,university,long_coat,-2
beige,white,beige,streetwear,dress_shirt,shorts,boots,relaxed,cold,business,long_coat,0
navy,grey,brown,streetwear,dress_shirt,shorts,loafers,relaxed,mild,party,jacket,0
black,brown,black,streetwear,polo,jeans,sandals,regular,cold,university,coat,-2
beige,white,beige,formal,dress_shirt,trousers,loafers,slim,mild,party,coat,1
black,brown,white,casual,oxford,jeans,boots,regular,mild,university,long_coat,0
black,brown,black,streetwear,polo,chinos,sneakers,slim,hot,date,long_coat,-2
navy,brown,white,casual,oxford,trousers,loafers,slim,mild,university,none,0
black,white,brown,streetwear,tee,jeans,loafers,relaxed,hot,business,long_coat,-2
white,beige,beige,streetwear,oxford,trousers,sandals,relaxed,cold,party,long_coat,-2
beige,brown,navy,formal,polo,shorts,loafers,slim,cold,business,jacket,1
beige,grey,black,minimal,tee,trousers,sandals,oversized,cold,business,long_coat,-2
beige,grey,black,streetwear,dress_shirt,chinos,boots,slim,cold,party,jacket,0
navy,white,grey,casual,tee,chinos,boots,regular,cold,party,jacket,0
brown,black,brown,streetwear,henley,trousers,sneakers,oversized,mild,date,coat,0
black,beige,brown,streetwear,oxford,shorts,boots,oversized,hot,date,long_coat,-2
navy,navy,brown,old_money,polo,chinos,boots,slim,hot,date,long_coat,1
grey,navy,white,minimal,henley,jeans,sandals,regular,cold,university,jacket,-2
navy,white,navy,streetwear,henley,chinos,sneakers,slim,cold,date,long_coat,0
beige,grey,navy,formal,oxford,jeans,boots,oversized,mild,business,jacket,1
navy,black,grey,formal,henley,shorts,boots,oversized,hot,business,long_coat,-2
beige,black,beige,formal,polo,chinos,boots,oversized,cold,date,coat,0
black,navy,beige,minimal,polo,chinos,boots,relaxed,mild,date,none,0
grey,beige,white,formal,tee,trousers,sneakers,regular,hot,party,coat,-1
black,white,beige,casual,tee,jeans,sneakers,oversized,mild,university,long_coat,0
grey,brown,brown,minimal,oxford,chinos,sneakers,slim,mild,business,coat,0
grey,black,black,old_money,tee,trousers,loafers,regular,hot,date,coat,0
beige,navy,navy,streetwear,dress_shirt,shorts,boots,regular,cold,date,long_coat,0
beige,black,beige,minimal,oxford,jeans,sneakers,regular,cold,university,jacket,0
brown,black,brown,casual,oxford,chinos,boots,relaxed,hot,business,coat,-2
navy,white,beige,formal,tee,trousers,loafers,regular,cold,university,none,-2
white,black,navy,formal,dress_shirt,jeans,boots,oversized,hot,party,jacket,0
navy,navy,grey,minimal,polo,trousers,sneakers,regular,hot,party,jacket,-1
white,beige,black,minimal,polo,jeans,sneakers,oversized,hot,date,none,0
brown,white,white,casual,polo,jeans,sandals,oversized,hot,business,coat,-2
navy,white,white,old_money,oxford,trousers,sneakers,slim,cold,date,coat,0
navy,grey,white,minimal,tee,trousers,boots,relaxed,mild,university,coat,0
white,grey,beige,old_money,dress_shirt,jeans,sneakers,regular,cold,business,none,0
brown,grey,beige,casual,henley,jeans,boots,regular,mild,university,jacket,0
navy,brown,white,streetwear,henley,jeans,sandals,oversized,hot,party,none,0
navy,grey,grey,old_money,dress_shirt,trousers,boots,regular,cold,business,coat,0
brown,brown,brown,minimal,polo,shorts,loafers,regular,cold,university,long_coat,1
navy,black,grey,streetwear,henley,trousers,boots,slim,hot,date,long_coat,-2
beige,beige,navy,streetwear,tee,jeans,sneakers,regular,mild,university,long_coat,1
black,beige,white,streetwear,henley,trousers,boots,slim,cold,university,long_coat,0
white,beige,white,casual,polo,chinos,sneakers,oversized,cold,business,none,-2
brown,black,grey,streetwear,dress_shirt,jeans,boots,oversized,hot,university,none,0
white,navy,grey,casual,tee,jeans,sandals,slim,cold,business,long_coat,-3
white,navy,black,minimal,tee,jeans,boots,regular,mild,university,none,0
black,black,white,minimal,polo,shorts,boots,oversized,hot,business,coat,-1
black,brown,beige,casual,dress_shirt,trousers,boots,oversized,mild,date,jacket,0
white,black,black,minimal,polo,chinos,sneakers,relaxed,mild,date,coat,0
beige,grey,black,minimal,tee,shorts,boots,oversized,mild,date,jacket,0
navy,black,white,formal,dress_shirt,shorts,boots,oversized,mild,business,none,0
beige,white,navy,streetwear,dress_shirt,jeans,loafers,slim,hot,date,jacket,-2
navy,navy,white,casual,oxford,chinos,loafers,slim,hot,university,jacket,-1
grey,grey,grey,minimal,dress_shirt,jeans,sandals,regular,mild,party,jacket,1
navy,beige,brown,casual,tee,chinos,boots,relaxed,cold,university,none,-2
white,black,brown,casual,oxford,trousers,sandals,regular,cold,party,jacket,-2
navy,navy,brown,old_money,dress_shirt,shorts,sneakers,regular,cold,university,none,1
beige,white,navy,old_money,polo,chinos,boots,relaxed,hot,university,jacket,0
navy,white,beige,casual,henley,trousers,boots,relaxed,mild,party,jacket,0
white,brown,grey,formal,henley,chinos,sandals,oversized,mild,date,none,0
black,navy,white,streetwear,tee,shorts,loafers,slim,hot,party,none,0
navy,beige,black,casual,oxford,jeans,sandals,relaxed,mild,party,none,0
beige,white,brown,casual,polo,shorts,sandals,regular,mild,business,none,0
beige,beige,grey,old_money,tee,chinos,loafers,slim,cold,university,long_coat,1
white,brown,grey,streetwear,henley,jeans,sandals,relaxed,hot,university,jacket,-2
brown,beige,grey,streetwear,polo,chinos,sneakers,regular,cold,business,coat,0
black,navy,black,formal,henley,chinos,sneakers,slim,hot,date,coat,-2
navy,brown,beige,old_money,polo,jeans,sneakers,slim,hot,party,long_coat,0
navy,grey,white,streetwear,tee,chinos,sneakers,oversized,cold,date,none,-2
white,navy,navy,casual,tee,trousers,sneakers,slim,cold,date,jacket,0
black,white,beige,minimal,tee,trousers,sandals,slim,hot,date,long_coat,-2
grey,brown,beige,formal,tee,trousers,loafers,regular,mild,party,long_coat,1
navy,navy,navy,streetwear,polo,jeans,boots,regular,cold,party,long_coat,1
white,black,grey,minimal,polo,trousers,boots,slim,cold,business,long_coat,0
grey,brown,black,minimal,tee,chinos,sandals,slim,cold,party,jacket,-2
navy,white,grey,old_money,henley,shorts,sandals,relaxed,cold,university,none,-4
beige,black,beige,minimal,tee,chinos,loafers,oversized,hot,business,none,0
grey,brown,black,formal,oxford,jeans,loafers,regular,cold,date,jacket,0
white,beige,navy,old_money,tee,jeans,boots,relaxed,mild,party,coat,2
brown,navy,white,casual,henley,jeans,boots,regular,hot,university,jacket,-2
brown,white,beige,streetwear,oxford,trousers,sneakers,oversized,hot,party,jacket,-2
brown,beige,navy,old_money,henley,trousers,loafers,regular,hot,university,long_coat,0
white,navy,brown,formal,oxford,trousers,sandals,oversized,hot,party,coat,-1
white,beige,black,casual,henley,chinos,boots,regular,mild,business,jacket,0
navy,brown,grey,minimal,tee,chinos,boots,regular,hot,date,none,0
black,navy,navy,old_money,dress_shirt,chinos,sandals,regular,cold,party,jacket,0
grey,grey,navy,streetwear,dress_shirt,shorts,sandals,oversized,hot,party,none,1
black,navy,beige,casual,henley,shorts,boots,relaxed,mild,business,none,0
black,brown,brown,old_money,henley,jeans,loafers,relaxed,mild,university,long_coat,2
navy,black,beige,old_money,henley,shorts,sneakers,oversized,hot,party,jacket,0
white,navy,brown,streetwear,oxford,chinos,loafers,relaxed,hot,business,jacket,-2
black,brown,white,old_money,tee,shorts,boots,slim,mild,party,coat,0
beige,navy,grey,casual,oxford,trousers,sneakers,oversized,cold,business,jacket,0
white,white,black,old_money,polo,jeans,boots,relaxed,mild,date,coat,3
grey,grey,grey,old_money,oxford,jeans,sandals,slim,hot,party,long_coat,-1
white,navy,black,minimal,dress_shirt,trousers,sneakers,slim,mild,party,coat,0
beige,navy,white,streetwear,henley,jeans,sandals,regular,cold,date,jacket,-2
grey,brown,beige,minimal,tee,jeans,sandals,relaxed,hot,business,jacket,-2
white,brown,brown,old_money,henley,trousers,boots,relaxed,hot,university,long_coat,0
grey,beige,black,casual,dress_shirt,shorts,sandals,regular,mild,party,long_coat,0
grey,black,white,formal,dress_shirt,jeans,sandals,regular,cold,university,coat,-2
grey,navy,navy,minimal,dress_shirt,shorts,loafers,slim,mild,date,coat,0
white,navy,black,streetwear,oxford,shorts,sneakers,oversized,mild,university,none,0
navy,navy,beige,streetwear,henley,jeans,boots,slim,mild,business,coat,1
white,black,black,old_money,polo,shorts,boots,relaxed,cold,business,coat,2
white,black,navy,formal,oxford,jeans,boots,regular,cold,business,coat,1
beige,black,beige,old_money,polo,shorts,loafers,regular,mild,party,coat,2
navy,beige,white,minimal,henley,jeans,loafers,regular,cold,party,long_coat,0
brown,white,white,casual,tee,chinos,boots,relaxed,cold,business,coat,-1
grey,white,navy,old_money,dress_shirt,trousers,sneakers,relaxed,cold,business,jacket,2
beige,navy,white,old_money,polo,shorts,sneakers,oversized,hot,university,long_coat,-2
black,navy,white,old_money,henley,chinos,sandals,slim,hot,date,jacket,-2
grey,beige,white,casual,dress_shirt,jeans,loafers,relaxed,mild,party,long_coat,0
grey,grey,navy,streetwear,tee,trousers,sandals,oversized,mild,university,coat,1
white,black,brown,old_money,tee,shorts,sneakers,oversized,cold,party,long_coat,2
navy,navy,white,minimal,oxford,jeans,sandals,oversized,mild,business,jacket,1
white,grey,beige,old_money,tee,chinos,loafers,regular,mild,business,long_coat,2
white,grey,grey,streetwear,tee,chinos,boots,oversized,cold,business,coat,0
beige,grey,grey,old_money,oxford,jeans,sneakers,oversized,hot,university,jacket,-2
navy,black,black,formal,oxford,chinos,loafers,regular,mild,university,none,0
grey,white,black,old_money,tee,jeans,sandals,relaxed,cold,party,none,-2
white,beige,white,streetwear,tee,chinos,sandals,relaxed,hot,date,long_coat,-2
navy,navy,brown,streetwear,dress_shirt,shorts,sandals,relaxed,hot,business,coat,-1
beige,beige,brown,casual,dress_shirt,shorts,sandals,relaxed,hot,date,coat,-1
brown,beige,black,formal,dress_shirt,shorts,sneakers,oversized,mild,party,none,1
brown,black,navy,streetwear,tee,jeans,sneakers,relaxed,hot,date,jacket,-2
beige,white,grey,casual,tee,trousers,sandals,regular,mild,date,jacket,0
black,white,beige,old_money,tee,chinos,sandals,slim,cold,party,long_coat,0
grey,brown,black,formal,tee,shorts,loafers,regular,hot,university,none,0
white,grey,navy,old_money,tee,trousers,sandals,regular,mild,date,long_coat,2
navy,brown,white,streetwear,dress_shirt,trousers,boots,regular,mild,business,coat,0
black,white,beige,casual,oxford,shorts,loafers,regular,mild,business,coat,0
grey,brown,brown,old_money,tee,trousers,sandals,slim,cold,party,jacket,0
black,navy,beige,old_money,henley,trousers,boots,slim,mild,date,long_coat,2
black,brown,brown,streetwear,polo,chinos,sneakers,regular,hot,university,jacket,-2
white,brown,black,casual,polo,chinos,sneakers,slim,hot,date,none,0
beige,black,grey,casual,henley,shorts,sneakers,relaxed,mild,business,none,0
brown,grey,grey,formal,henley,jeans,loafers,oversized,hot,university,none,0
navy,black,beige,streetwear,polo,chinos,boots,oversized,hot,business,long_coat,-2
grey,brown,beige,formal,oxford,shorts,boots,relaxed,mild,party,long_coat,1
white,grey,white,streetwear,polo,chinos,sneakers,slim,cold,party,long_coat,0
white,brown,black,casual,dress_shirt,chinos,sandals,slim,mild,business,jacket,0
grey,navy,brown,formal,polo,chinos,sneakers,regular,cold,party,jacket,1
navy,black,brown,casual,tee,trousers,sneakers,regular,hot,date,jacket,-2
beige,navy,brown,minimal,dress_shirt,trousers,sneakers,relaxed,mild,party,long_coat,0
brown,black,white,old_money,henley,shorts,loafers,slim,hot,party,none,0
white,black,black,minimal,dress_shirt,trousers,sandals,slim,cold,business,jacket,-2
black,black,navy,formal,dress_shirt,shorts,boots,regular,mild,university,none,2
beige,white,black,old_money,polo,jeans,sandals,slim,mild,party,jacket,2
brown,navy,beige,casual,henley,jeans,boots,slim,mild,university,coat,0
beige,navy,navy,streetwear,polo,jeans,sandals,relaxed,cold,party,long_coat,-2
beige,white,navy,streetwear,dress_shirt,chinos,boots,oversized,cold,date,none,-2
black,brown,white,casual,polo,chinos,boots,relaxed,mild,university,coat,0
beige,beige,navy,old_money,polo,jeans,sneakers,regular,cold,date,jacket,3
navy,beige,grey,minimal,dress_shirt,chinos,sandals,regular,cold,business,none,-4
brown,white,brown,formal,tee,shorts,loafers,oversized,hot,university,jacket,-2
grey,brown,white,casual,polo,chinos,sandals,oversized,cold,university,long_coat,-2
grey,white,navy,minimal,oxford,chinos,loafers,slim,cold,university,jacket,0
navy,brown,black,casual,dress_shirt,trousers,sneakers,regular,mild,party,coat,0
white,grey,beige,formal,polo,chinos,sneakers,regular,mild,business,jacket,0
beige,grey,black,old_money,oxford,trousers,sandals,regular,hot,business,long_coat,0
navy,black,beige,streetwear,dress_shirt,trousers,sneakers,slim,hot,date,none,0
white,black,black,formal,tee,shorts,sandals,relaxed,mild,date,jacket,0
navy,brown,beige,minimal,oxford,trousers,sandals,slim,mild,party,none,0
white,black,white,formal,oxford,chinos,sneakers,relaxed,cold,party,none,-1
black,brown,brown,old_money,tee,chinos,loafers,regular,mild,date,jacket,2
grey,brown,black,old_money,oxford,shorts,boots,oversized,cold,university,none,0
brown,grey,brown,old_money,oxford,shorts,loafers,relaxed,cold,date,long_coat,2
white,beige,black,formal,henley,trousers,sneakers,relaxed,hot,date,long_coat,-2
beige,brown,grey,streetwear,polo,chinos,sandals,regular,cold,party,long_coat,-2
black,black,black,formal,tee,chinos,boots,slim,cold,business,none,-1
beige,navy,white,streetwear,dress_shirt,shorts,boots,slim,cold,business,coat,0
white,brown,beige,old_money,tee,chinos,loafers,regular,mild,university,long_coat,2
grey,grey,white,minimal,dress_shirt,trousers,sandals,relaxed,hot,university,coat,-1
grey,black,beige,streetwear,tee,trousers,sneakers,relaxed,hot,party,long_coat,-2
grey,brown,black,minimal,dress_shirt,trousers,loafers,oversized,hot,party,long_coat,-2
black,grey,white,casual,tee,chinos,loafers,oversized,hot,university,jacket,-2
brown,navy,black,minimal,tee,trousers,sandals,oversized,mild,university,jacket,0
black,brown,black,formal,polo,shorts,sneakers,regular,mild,university,coat,0
white,white,beige,casual,oxford,jeans,boots,relaxed,mild,business,long_coat,1
beige,navy,navy,casual,henley,jeans,sandals,oversized,hot,date,coat,-2
white,brown,grey,old_money,oxford,chinos,loafers,relaxed,mild,date,jacket,0
black,grey,navy,old_money,dress_shirt,jeans,boots,regular,mild,party,long_coat,2
navy,navy,grey,streetwear,oxford,shorts,sneakers,regular,cold,university,jacket,1
navy,grey,navy,casual,dress_shirt,shorts,boots,regular,hot,business,none,0
navy,black,grey,old_money,henley,jeans,sneakers,slim,hot,business,long_coat,-2
black,white,grey,minimal,henley,shorts,loafers,slim,mild,date,coat,0
black,grey,black,old_money,dress_shirt,jeans,loafers,regular,hot,party,jacket,0
navy,white,grey,formal,dress_shirt,jeans,sandals,slim,cold,university,jacket,-2
navy,grey,grey,formal,polo,chinos,boots,relaxed,hot,party,coat,-1
brown,navy,navy,minimal,dress_shirt,shorts,loafers,relaxed,hot,business,jacket,-2
grey,navy,white,old_money,polo,jeans,sandals,regular,hot,date,long_coat,-2
grey,grey,beige,formal,polo,trousers,boots,relaxed,mild,party,long_coat,2
white,beige,beige,old_money,henley,chinos,boots,relaxed,cold,university,coat,2
brown,beige,black,casual,oxford,shorts,loafers,regular,cold,date,coat,0
white,grey,beige,formal,oxford,trousers,sneakers,regular,cold,university,coat,0
grey,beige,navy,streetwear,tee,shorts,sneakers,regular,mild,party,long_coat,0
white,brown,beige,streetwear,henley,trousers,boots,regular,mild,party,long_coat,0
black,brown,grey,old_money,oxford,jeans,loafers,oversized,cold,date,none,-2
white,grey,navy,formal,tee,shorts,boots,relaxed,mild,university,jacket,1
navy,beige,grey,old_money,tee,chinos,sneakers,relaxed,cold,business,coat,0
white,black,white,casual,polo,shorts,sandals,slim,mild,date,jacket,0
grey,beige,beige,old_money,oxford,trousers,sandals,regular,hot,university,none,2
white,grey,white,old_money,henley,chinos,sandals,slim,cold,party,jacket,-2
white,grey,black,casual,tee,trousers,sneakers,oversized,hot,university,none,0
brown,white,grey,minimal,dress_shirt,jeans,boots,regular,hot,party,none,0
navy,white,beige,streetwear,polo,trousers,boots,relaxed,cold,date,none,-2
grey,beige,white,minimal,oxford,trousers,loafers,regular,hot,business,coat,-2
white,brown,beige,formal,henley,shorts,sandals,slim,mild,party,jacket,1
beige,navy,brown,old_money,oxford,chinos,sneakers,oversized,hot,university,long_coat,0
white,navy,white,casual,henley,trousers,sneakers,slim,cold,university,coat,0
grey,white,beige,formal,henley,trousers,sneakers,oversized,cold,party,long_coat,1
white,beige,white,casual,tee,trousers,sandals,slim,hot,business,coat,-3
white,white,black,minimal,dress_shirt,chinos,loafers,oversized,mild,date,jacket,1
navy,grey,beige,casual,tee,chinos,sneakers,slim,hot,date,none,0
white,beige,white,minimal,polo,trousers,sandals,oversized,cold,party,long_coat,-2
black,black,brown,old_money,polo,jeans,loafers,relaxed,cold,business,none,1
navy,black,grey,casual,henley,chinos,boots,relaxed,mild,university,long_coat,0
navy,white,white,minimal,dress_shirt,shorts,sneakers,regular,cold,university,none,-2
brown,grey,beige,formal,polo,trousers,sandals,regular,cold,date,jacket,-2
grey,white,black,casual,henley,jeans,sneakers,oversized,hot,party,jacket,-2
black,navy,black,streetwear,polo,shorts,sandals,relaxed,cold,party,jacket,-2
grey,white,beige,streetwear,tee,trousers,sandals,oversized,cold,party,none,-4
brown,black,beige,streetwear,dress_shirt,trousers,boots,regular,cold,date,coat,0
black,white,beige,casual,henley,shorts,loafers,slim,hot,date,none,0
grey,grey,navy,streetwear,henley,jeans,boots,regular,mild,university,none,1
navy,brown,black,minimal,tee,trousers,sandals,relaxed,mild,business,coat,0
black,navy,white,old_money,oxford,chinos,sneakers,relaxed,hot,business,coat,-2
black,black,navy,casual,dress_shirt,shorts,sneakers,slim,hot,party,long_coat,-1
black,white,brown,old_money,henley,trousers,loafers,regular,mild,party,jacket,2
white,beige,navy,formal,tee,shorts,boots,slim,mild,party,long_coat,2
black,grey,grey,streetwear,oxford,shorts,boots,oversized,mild,party,jacket,0
navy,white,navy,formal,oxford,trousers,loafers,relaxed,cold,business,long_coat,1
grey,black,brown,streetwear,oxford,chinos,sandals,relaxed,hot,party,long_coat,-2
grey,brown,navy,streetwear,polo,trousers,boots,relaxed,cold,date,coat,0
black,beige,navy,old_money,polo,jeans,sneakers,regular,mild,business,none,2
black,navy,beige,streetwear,henley,chinos,sandals,oversized,hot,party,none,0
black,white,grey,formal,polo,trousers,sandals,slim,hot,date,none,0
black,grey,navy,casual,polo,trousers,sandals,relaxed,mild,party,jacket,0
brown,white,brown,formal,henley,trousers,sneakers,regular,hot,date,coat,-2
beige,navy,black,casual,polo,jeans,sandals,regular,cold,university,none,-4
black,white,grey,formal,oxford,jeans,boots,relaxed,hot,date,coat,-2
black,beige,brown,casual,dress_shirt,shorts,boots,relaxed,hot,party,coat,-2
black,navy,navy,casual,henley,shorts,sandals,regular,mild,business,none,0
beige,white,beige,casual,henley,jeans,sandals,oversized,cold,business,long_coat,-2
brown,grey,brown,formal,dress_shirt,chinos,sneakers,relaxed,cold,date,long_coat,0
navy,black,brown,minimal,dress_shirt,jeans,sneakers,slim,hot,date,none,0
black,brown,beige,formal,henley,trousers,boots,regular,hot,party,long_coat,-1
grey,navy,brown,streetwear,polo,chinos,sandals,regular,hot,university,none,0
grey,beige,white,old_money,tee,jeans,sandals,regular,cold,date,long_coat,-2
navy,navy,grey,old_money,dress_shirt,trousers,boots,slim,hot,business,none,1
white,beige,black,formal,tee,shorts,sandals,slim,cold,university,long_coat,-2
white,white,black,minimal,polo,jeans,sneakers,relaxed,hot,university,none,1
black,navy,white,streetwear,polo,trousers,boots,slim,mild,party,long_coat,0
beige,navy,navy,casual,henley,shorts,boots,slim,hot,date,none,0
black,navy,grey,formal,dress_shirt,jeans,boots,relaxed,hot,date,long_coat,-2
brown,brown,beige,casual,henley,jeans,boots,relaxed,hot,date,jacket,-1
beige,black,beige,streetwear,dress_shirt,jeans,sneakers,regular,cold,date,none,-2
grey,grey,brown,casual,dress_shirt,shorts,sneakers,oversized,mild,business,long_coat,1
navy,white,white,old_money,henley,jeans,loafers,slim,mild,party,jacket,0
brown,black,grey,casual,dress_shirt,jeans,sneakers,relaxed,cold,business,coat,0
black,beige,navy,formal,dress_shirt,jeans,loafers,oversized,hot,business,none,1
grey,grey,white,old_money,oxford,shorts,sandals,regular,hot,party,coat,-1
navy,grey,beige,formal,polo,chinos,sneakers,slim,cold,business,none,-2
grey,brown,black,minimal,polo,jeans,sneakers,slim,mild,date,none,0
grey,beige,brown,old_money,henley,chinos,sneakers,relaxed,cold,business,long_coat,2
white,grey,black,streetwear,tee,trousers,boots,oversized,cold,university,coat,0
beige,white,beige,old_money,dress_shirt,shorts,loafers,oversized,cold,university,coat,2
navy,black,beige,casual,oxford,chinos,sandals,slim,cold,business,jacket,-2
black,grey,grey,old_money,dress_shirt,jeans,loafers,relaxed,hot,date,long_coat,-2
brown,brown,black,old_money,polo,shorts,loafers,regular,cold,party,long_coat,3
white,beige,beige,formal,tee,shorts,boots,regular,hot,date,long_coat,-2
beige,beige,brown,minimal,polo,shorts,sandals,regular,mild,university,coat,1
navy,grey,black,old_money,dress_shirt,chinos,sandals,oversized,cold,party,long_coat,0
white,brown,navy,streetwear,henley,jeans,sandals,slim,hot,date,jacket,-2
brown,brown,navy,casual,dress_shirt,shorts,sneakers,slim,mild,university,none,1
navy,black,navy,minimal,dress_shirt,jeans,sneakers,relaxed,cold,date,none,-2
beige,beige,navy,old_money,oxford,trousers,loafers,regular,hot,party,jacket,1
grey,beige,black,casual,oxford,shorts,boots,oversized,mild,university,none,0
black,grey,black,formal,oxford,trousers,sandals,regular,cold,date,none,-4
beige,grey,black,old_money,henley,jeans,loafers,regular,mild,date,coat,2
grey,navy,navy,streetwear,polo,chinos,sneakers,oversized,hot,date,jacket,-2
white,grey,black,casual,dress_shirt,shorts,boots,regular,cold,party,jacket,0
beige,grey,black,streetwear,polo,shorts,boots,slim,mild,party,jacket,0
navy,brown,navy,streetwear,henley,chinos,sandals,regular,mild,party,long_coat,0
brown,white,beige,minimal,polo,jeans,boots,regular,mild,date,none,0
navy,black,white,casual,oxford,chinos,loafers,regular,cold,university,none,-2
black,navy,brown,streetwear,dress_shirt,trousers,sandals,regular,mild,university,none,0
grey,brown,brown,minimal,tee,shorts,loafers,relaxed,cold,business,none,-2
white,navy,brown,streetwear,oxford,jeans,loafers,oversized,mild,university,jacket,0
white,black,brown,formal,oxford,chinos,sneakers,slim,mild,business,jacket,0
black,grey,white,minimal,tee,trousers,loafers,oversized,cold,party,coat,0
grey,white,white,casual,henley,shorts,boots,regular,hot,business,jacket,-2
brown,beige,navy,formal,polo,jeans,sneakers,regular,hot,business,coat,-1
navy,beige,white,streetwear,tee,shorts,boots,oversized,mild,party,long_coat,0
navy,black,beige,streetwear,polo,chinos,sneakers,slim,hot,business,jacket,-2
black,black,white,formal,oxford,shorts,sandals,oversized,mild,date,coat,1
grey,grey,grey,minimal,oxford,jeans,boots,oversized,mild,date,coat,1
white,grey,navy,streetwear,tee,jeans,boots,slim,hot,party,coat,-2
white,beige,brown,minimal,oxford,trousers,loafers,relaxed,hot,business,jacket,-2
grey,white,white,casual,oxford,jeans,sneakers,relaxed,mild,business,long_coat,0
beige,beige,navy,streetwear,dress_shirt,trousers,boots,slim,hot,party,long_coat,-1
black,white,grey,old_money,tee,trousers,loafers,slim,hot,party,jacket,-2
beige,grey,beige,casual,tee,trousers,boots,relaxed,hot,business,coat,-3
navy,white,black,formal,oxford,jeans,loafers,relaxed,hot,party,long_coat,-1
brown,white,brown,formal,dress_shirt,chinos,loafers,oversized,mild,university,none,0
grey,grey,brown,minimal,polo,shorts,boots,relaxed,hot,party,none,1
brown,black,beige,streetwear,oxford,trousers,loafers,relaxed,hot,university,jacket,-2
navy,navy,brown,minimal,tee,shorts,loafers,regular,cold,business,long_coat,1
grey,navy,brown,casual,henley,trousers,boots,regular,cold,party,none,-2
navy,white,black,formal,henley,jeans,sandals,slim,mild,date,coat,0
black,black,beige,casual,polo,chinos,boots,regular,hot,university,long_coat,-1
beige,white,beige,formal,oxford,jeans,sneakers,regular,cold,party,coat,1
beige,beige,grey,streetwear,tee,shorts,sneakers,regular,cold,university,coat,1
navy,grey,black,streetwear,oxford,chinos,sandals,relaxed,cold,date,coat,-2
grey,white,white,minimal,oxford,trousers,loafers,oversized,mild,business,jacket,0
beige,beige,grey,formal,henley,chinos,sneakers,regular,hot,date,long_coat,-1
brown,white,white,streetwear,dress_shirt,trousers,loafers,oversized,mild,party,none,0
brown,grey,white,minimal,tee,chinos,loafers,relaxed,mild,date,none,0
white,beige,brown,streetwear,tee,shorts,sandals,regular,mild,party,none,0
black,brown,beige,streetwear,henley,chinos,sneakers,slim,mild,party,none,0
black,white,black,minimal,henley,trousers,sandals,relaxed,cold,business,jacket,-2
white,beige,black,streetwear,polo,jeans,sandals,slim,cold,university,jacket,-2
brown,brown,beige,streetwear,oxford,trousers,loafers,slim,hot,university,none,1
beige,navy,navy,old_money,oxford,chinos,sneakers,oversized,cold,party,none,0
white,black,navy,streetwear,dress_shirt,trousers,sandals,regular,cold,university,long_coat,-2
navy,black,brown,streetwear,oxford,trousers,sneakers,slim,mild,party,none,0
navy,grey,brown,casual,oxford,shorts,loafers,relaxed,cold,business,coat,0
navy,navy,black,streetwear,oxford,jeans,loafers,oversized,mild,party,jacket,1
beige,brown,grey,old_money,polo,chinos,boots,regular,cold,university,none,-2
beige,white,brown,old_money,polo,trousers,loafers,regular,hot,date,jacket,0
beige,white,navy,old_money,dress_shirt,jeans,boots,oversized,mild,business,coat,2
beige,beige,white,minimal,tee,chinos,boots,slim,cold,date,coat,1
black,brown,brown,minimal,oxford,chinos,sneakers,oversized,cold,date,coat,0
white,beige,navy,casual,henley,jeans,sandals,regular,mild,business,long_coat,0
navy,grey,grey,minimal,tee,jeans,sandals,relaxed,mild,business,none,0
grey,white,black,minimal,henley,jeans,boots,oversized,cold,date,none,-2
white,grey,navy,formal,dress_shirt,trousers,sandals,oversized,cold,party,long_coat,0
white,navy,brown,streetwear,oxford,shorts,boots,slim,mild,date,coat,0
grey,brown,black,casual,dress_shirt,chinos,boots,oversized,mild,university,coat,0
brown,black,brown,minimal,dress_shirt,shorts,sandals,regular,cold,party,long_coat,-2
black,white,navy,casual,tee,trousers,boots,oversized,hot,business,none,-1
brown,grey,beige,old_money,dress_shirt,trousers,sandals,regular,mild,party,none,2
grey,white,beige,streetwear,henley,chinos,boots,relaxed,cold,date,jacket,0
navy,brown,black,casual,tee,chinos,loafers,oversized,mild,date,coat,0
grey,beige,brown,casual,dress_shirt,shorts,loafers,relaxed,hot,party,jacket,-2
white,black,brown,streetwear,henley,trousers,boots,oversized,cold,business,long_coat,0
black,beige,white,formal,dress_shirt,jeans,boots,slim,cold,business,long_coat,0
brown,beige,black,formal,polo,shorts,sneakers,relaxed,cold,university,jacket,0
brown,navy,beige,old_money,polo,shorts,loafers,slim,cold,business,none,0
grey,white,beige,formal,polo,chinos,loafers,relaxed,cold,university,jacket,0
white,grey,brown,casual,henley,trousers,loafers,regular,hot,business,long_coat,-2
navy,beige,beige,minimal,henley,shorts,boots,regular,cold,business,none,-2
white,brown,white,streetwear,oxford,jeans,sneakers,regular,mild,party,long_coat,0
white,beige,grey,formal,polo,shorts,boots,relaxed,mild,date,none,0
black,beige,grey,minimal,tee,trousers,sandals,slim,cold,university,long_coat,-2
brown,brown,beige,formal,oxford,jeans,loafers,oversized,cold,party,jacket,2
grey,grey,brown,formal,tee,trousers,sneakers,slim,mild,university,none,1
beige,brown,beige,streetwear,polo,chinos,boots,slim,mild,university,coat,0
beige,white,brown,streetwear,dress_shirt,chinos,loafers,regular,mild,date,coat,0
beige,brown,beige,formal,henley,trousers,sneakers,regular,cold,party,jacket,1
white,grey,black,casual,oxford,shorts,boots,regular,hot,business,long_coat,-2
black,black,navy,casual,oxford,shorts,sneakers,oversized,hot,party,jacket,-1
navy,beige,grey,formal,polo,jeans,boots,regular,mild,date,none,0
beige,beige,black,formal,dress_shirt,shorts,boots,oversized,mild,university,long_coat,1
black,beige,beige,old_money,oxford,shorts,boots,regular,hot,university,long_coat,0
beige,brown,brown,formal,tee,shorts,boots,relaxed,mild,party,coat,1
grey,beige,white,streetwear,tee,shorts,loafers,oversized,mild,date,coat,0
beige,beige,brown,old_money,henley,trousers,boots,oversized,cold,university,long_coat,3
grey,white,brown,old_money,oxford,trousers,loafers,regular,hot,date,long_coat,0
grey,beige,white,casual,polo,jeans,sandals,relaxed,cold,business,coat,-2
beige,black,navy,streetwear,henley,shorts,loafers,oversized,cold,university,none,-2
navy,black,beige,minimal,dress_shirt,trousers,sandals,regular,mild,business,long_coat,0
black,beige,white,minimal,tee,trousers,boots,slim,mild,date,long_coat,0
beige,black,beige,casual,oxford,jeans,boots,oversized,hot,business,coat,-2
navy,brown,white,minimal,tee,trousers,sneakers,slim,cold,party,none,-2
white,navy,black,streetwear,dress_shirt,chinos,sandals,regular,hot,date,long_coat,-2
beige,brown,navy,casual,dress_shirt,jeans,sneakers,relaxed,hot,date,jacket,-2
navy,navy,white,old_money,dress_shirt,chinos,loafers,relaxed,hot,date,long_coat,-1
brown,navy,brown,streetwear,oxford,chinos,sandals,regular,mild,party,none,0
beige,beige,grey,streetwear,dress_shirt,chinos,sneakers,slim,hot,business,long_coat,-1
black,grey,beige,minimal,henley,shorts,boots,regular,mild,university,long_coat,0
grey,brown,brown,minimal,oxford,chinos,loafers,slim,mild,date,none,0
grey,grey,beige,casual,dress_shirt,chinos,sandals,relaxed,cold,business,long_coat,-1
beige,white,grey,streetwear,dress_shirt,trousers,sneakers,relaxed,cold,university,coat,0
white,black,beige,streetwear,oxford,chinos,boots,regular,cold,business,jacket,0
navy,white,navy,old_money,henley,trousers,boots,oversized,cold,party,long_coat,2
navy,brown,navy,old_money,polo,trousers,sneakers,slim,hot,party,long_coat,0
grey,beige,beige,formal,tee,trousers,sneakers,slim,mild,business,long_coat,0
beige,brown,beige,formal,polo,trousers,sneakers,oversized,hot,business,coat,-2
brown,grey,beige,streetwear,tee,shorts,sneakers,slim,cold,party,jacket,0
brown,beige,grey,formal,tee,shorts,sneakers,regular,cold,date,coat,0
brown,black,black,old_money,oxford,jeans,sneakers,regular,hot,date,none,2
grey,grey,white,minimal,dress_shirt,jeans,boots,oversized,cold,university,none,-1
grey,grey,white,minimal,henley,trousers,loafers,slim,hot,date,none,1
brown,beige,black,minimal,tee,shorts,sneakers,oversized,cold,party,coat,0
beige,brown,navy,minimal,polo,trousers,loafers,slim,cold,date,jacket,0
grey,navy,grey,streetwear,polo,chinos,loafers,relaxed,hot,university,jacket,-2
navy,beige,black,old_money,oxford,chinos,loafers,regular,mild,business,long_coat,2
black,navy,beige,formal,henley,jeans,loafers,oversized,mild,date,none,0
brown,beige,white,old_money,oxford,shorts,boots,slim,mild,business,none,0
grey,white,beige,casual,polo,chinos,boots,slim,mild,business,long_coat,0
grey,brown,grey,formal,polo,trousers,sandals,slim,cold,university,coat,-2
grey,black,grey,minimal,dress_shirt,shorts,boots,slim,mild,party,jacket,0
beige,beige,grey,old_money,polo,trousers,sandals,relaxed,mild,business,long_coat,1
beige,brown,navy,casual,polo,jeans,boots,oversized,cold,business,coat,0
white,beige,navy,casual,tee,trousers,boots,oversized,cold,date,none,-2
black,beige,beige,casual,oxford,shorts,boots,regular,mild,university,coat,0
brown,beige,white,streetwear,henley,jeans,boots,oversized,hot,party,jacket,-2
beige,grey,beige,streetwear,oxford,shorts,loafers,oversized,cold,university,long_coat,0
grey,white,black,streetwear,tee,shorts,sneakers,oversized,hot,party,coat,-2
grey,white,beige,old_money,polo,jeans,sandals,slim,cold,university,long_coat,0
beige,grey,beige,old_money,dress_shirt,shorts,sneakers,oversized,cold,party,jacket,2
navy,black,white,casual,oxford,chinos,sneakers,relaxed,mild,business,coat,0
beige,black,grey,casual,polo,shorts,loafers,relaxed,hot,university,long_coat,-2
grey,white,white,formal,polo,shorts,sneakers,oversized,mild,date,long_coat,0
beige,white,grey,minimal,oxford,shorts,sandals,slim,hot,university,none,0
brown,black,grey,old_money,henley,trousers,sandals,oversized,hot,party,none,0
beige,grey,beige,casual,polo,trousers,sneakers,regular,hot,university,none,0
grey,brown,navy,casual,oxford,jeans,boots,relaxed,mild,party,coat,0
grey,beige,black,formal,tee,shorts,sneakers,oversized,cold,business,jacket,0
black,navy,beige,streetwear,oxford,trousers,sandals,oversized,mild,university,long_coat,0
grey,navy,grey,minimal,polo,jeans,sandals,regular,mild,party,none,0
black,beige,black,old_money,tee,trousers,loafers,relaxed,hot,business,coat,0
brown,beige,navy,minimal,dress_shirt,chinos,boots,oversized,mild,party,none,0
white,white,grey,formal,oxford,chinos,sneakers,oversized,mild,date,jacket,1
beige,white,black,minimal,tee,jeans,loafers,oversized,mild,university,coat,0
grey,beige,black,casual,henley,chinos,loafers,relaxed,mild,university,coat,0
navy,beige,brown,minimal,henley,jeans,boots,slim,mild,business,none,0
black,brown,brown,formal,henley,shorts,boots,relaxed,hot,party,long_coat,-1
navy,navy,beige,minimal,dress_shirt,trousers,boots,regular,hot,university,long_coat,-1
black,beige,beige,old_money,henley,jeans,loafers,slim,cold,university,coat,2
brown,brown,grey,formal,tee,chinos,sandals,relaxed,hot,date,jacket,-1
navy,navy,white,old_money,polo,shorts,loafers,regular,cold,date,long_coat,1
white,beige,navy,old_money,dress_shirt,shorts,sandals,regular,hot,university,none,2
white,beige,black,casual,tee,chinos,sneakers,slim,cold,business,none,-3
brown,navy,white,formal,oxford,chinos,loafers,regular,mild,party,jacket,1
beige,navy,grey,casual,oxford,trousers,loafers,relaxed,hot,business,jacket,-2
grey,beige,navy,casual,dress_shirt,trousers,boots,regular,cold,date,long_coat,0
grey,brown,grey,minimal,dress_shirt,trousers,loafers,slim,cold,date,coat,0
brown,black,brown,minimal,henley,trousers,loafers,slim,mild,university,jacket,0
brown,black,black,old_money,oxford,shorts,sneakers,oversized,mild,university,coat,2
white,white,beige,old_money,polo,shorts,boots,regular,hot,date,none,3
navy,black,brown,streetwear,oxford,shorts,loafers,oversized,hot,date,jacket,-2
navy,grey,beige,old_money,dress_shirt,shorts,loafers,regular,mild,date,coat,2
brown,navy,black,casual,oxford,shorts,sneakers,relaxed,mild,university,none,0
white,brown,brown,casual,tee,trousers,loafers,relaxed,cold,party,long_coat,0
brown,beige,navy,streetwear,dress_shirt,chinos,loafers,oversized,cold,university,none,-2
black,navy,white,streetwear,dress_shirt,jeans,sneakers,relaxed,mild,party,none,0
navy,black,grey,old_money,oxford,jeans,sneakers,relaxed,cold,business,jacket,0
grey,brown,grey,formal,oxford,shorts,sandals,relaxed,cold,business,long_coat,-2
grey,beige,white,formal,polo,trousers,sneakers,slim,mild,date,jacket,0
black,beige,brown,streetwear,henley,jeans,sneakers,regular,cold,date,jacket,0
brown,brown,grey,old_money,tee,shorts,boots,relaxed,hot,university,long_coat,-1
grey,grey,black,old_money,tee,trousers,sandals,slim,cold,university,jacket,1
brown,brown,black,minimal,dress_shirt,chinos,sandals,regular,mild,business,long_coat,1
navy,brown,beige,casual,dress_shirt,shorts,loafers,regular,cold,university,none,-2
white,brown,brown,streetwear,polo,shorts,sandals,relaxed,cold,party,coat,-2
white,black,grey,casual,oxford,chinos,sandals,slim,mild,university,jacket,0
beige,white,brown,streetwear,henley,trousers,sandals,oversized,mild,date,long_coat,0
black,white,brown,formal,henley,chinos,loafers,slim,hot,university,jacket,-2
beige,beige,brown,old_money,dress_shirt,trousers,boots,regular,cold,business,jacket,3
grey,beige,grey,casual,dress_shirt,jeans,sandals,slim,cold,party,jacket,-2
brown,beige,navy,streetwear,henley,chinos,sneakers,regular,cold,party,none,-2
white,brown,grey,old_money,dress_shirt,trousers,loafers,slim,hot,business,long_coat,-2
grey,brown,grey,minimal,oxford,shorts,loafers,slim,hot,party,long_coat,-2
black,grey,navy,formal,tee,shorts,sandals,oversized,mild,party,long_coat,2
brown,navy,grey,formal,oxford,trousers,loafers,regular,mild,party,coat,1
navy,brown,brown,streetwear,dress_shirt,chinos,loafers,regular,cold,date,coat,0
grey,black,navy,formal,polo,shorts,boots,relaxed,cold,date,none,-1
brown,beige,brown,old_money,dress_shirt,trousers,sneakers,regular,cold,party,coat,2
black,black,black,minimal,oxford,trousers,sneakers,relaxed,hot,university,none,1
black,navy,navy,streetwear,oxford,trousers,loafers,regular,cold,party,none,-2
white,grey,black,streetwear,polo,chinos,sneakers,slim,mild,date,long_coat,0
grey,beige,brown,formal,tee,shorts,loafers,relaxed,cold,business,none,-2
navy,navy,grey,streetwear,polo,jeans,sneakers,regular,mild,party,long_coat,1
black,black,beige,streetwear,dress_shirt,trousers,sandals,regular,mild,university,none,1
white,beige,navy,formal,polo,jeans,boots,relaxed,hot,university,long_coat,-1
grey,beige,beige,streetwear,dress_shirt,chinos,boots,regular,hot,university,jacket,-2
navy,white,brown,minimal,oxford,shorts,boots,slim,cold,date,coat,0
grey,black,black,formal,oxford,jeans,boots,regular,cold,business,long_coat,0
grey,white,white,minimal,henley,chinos,loafers,regular,cold,business,coat,0
white,navy,black,formal,dress_shirt,shorts,sandals,slim,hot,date,jacket,-2
black,white,black,streetwear,dress_shirt,chinos,boots,slim,cold,business,jacket,0
brown,navy,grey,formal,dress_shirt,trousers,boots,oversized,cold,date,long_coat,0
brown,white,grey,minimal,dress_shirt,chinos,boots,relaxed,cold,university,coat,0
grey,black,white,casual,dress_shirt,shorts,loafers,slim,hot,business,none,0
grey,beige,beige,streetwear,polo,jeans,sneakers,relaxed,hot,university,jacket,-2
beige,white,white,streetwear,tee,chinos,sandals,slim,hot,business,coat,-2
white,brown,white,streetwear,tee,trousers,sandals,oversized,mild,business,none,0
white,beige,beige,casual,polo,jeans,boots,oversized,hot,date,coat,-2
black,white,grey,streetwear,oxford,trousers,sneakers,oversized,hot,date,none,0
black,brown,black,formal,tee,trousers,sneakers,regular,hot,party,coat,-1
brown,black,black,casual,henley,chinos,loafers,oversized,cold,university,coat,0
grey,brown,grey,casual,henley,shorts,loafers,relaxed,cold,university,none,-2
navy,white,grey,streetwear,tee,jeans,loafers,oversized,cold,party,coat,0
black,white,brown,old_money,dress_shirt,trousers,sneakers,regular,hot,university,none,2
grey,beige,grey,old_money,henley,jeans,sandals,regular,cold,business,jacket,-2
white,navy,white,minimal,dress_shirt,jeans,loafers,slim,mild,date,long_coat,0
black,beige,white,casual,dress_shirt,trousers,boots,slim,mild,date,long_coat,0
grey,brown,beige,minimal,tee,jeans,sandals,relaxed,mild,party,coat,0
black,navy,navy,formal,tee,trousers,sandals,relaxed,cold,university,none,-3
beige,black,brown,old_money,henley,jeans,boots,regular,mild,university,long_coat,2
beige,grey,beige,minimal,dress_shirt,trousers,boots,oversized,mild,date,jacket,0
black,beige,beige,casual,tee,chinos,sandals,oversized,mild,business,long_coat,-1
brown,brown,grey,old_money,dress_shirt,trousers,sandals,relaxed,hot,party,jacket,-1
beige,white,brown,formal,polo,trousers,sneakers,relaxed,cold,date,jacket,0
black,beige,beige,formal,henley,jeans,boots,regular,mild,date,none,0
white,white,beige,streetwear,tee,shorts,loafers,regular,hot,business,coat,-1
navy,white,white,minimal,polo,chinos,sandals,regular,mild,business,coat,0
navy,grey,brown,minimal,tee,jeans,sneakers,oversized,cold,party,coat,0
black,navy,navy,casual,dress_shirt,shorts,sneakers,slim,mild,university,coat,0
beige,navy,white,formal,dress_shirt,chinos,sandals,oversized,mild,date,long_coat,0
navy,navy,brown,minimal,tee,jeans,sneakers,slim,hot,date,jacket,-1
brown,white,brown,formal,henley,shorts,loafers,relaxed,cold,university,long_coat,0
navy,grey,black,minimal,tee,shorts,sandals,regular,cold,date,coat,-2
beige,white,grey,casual,henley,chinos,sneakers,slim,hot,date,none,0
beige,black,brown,old_money,oxford,chinos,sandals,slim,mild,university,coat,2
brown,black,navy,formal,polo,trousers,boots,regular,hot,party,none,2
beige,brown,white,streetwear,henley,trousers,sandals,slim,cold,business,long_coat,-2
white,black,beige,minimal,henley,trousers,boots,regular,mild,party,jacket,0
black,grey,brown,formal,dress_shirt,trousers,sandals,relaxed,hot,university,jacket,-2
brown,beige,black,minimal,dress_shirt,shorts,loafers,regular,mild,business,jacket,0
black,black,black,minimal,oxford,shorts,loafers,relaxed,hot,business,coat,-1
beige,grey,navy,casual,dress_shirt,shorts,sandals,oversized,cold,date,long_coat,-2
beige,black,brown,old_money,tee,chinos,sneakers,slim,mild,business,long_coat,2
beige,grey,grey,minimal,oxford,chinos,sandals,slim,cold,date,coat,-2
navy,brown,navy,old_money,oxford,jeans,loafers,oversized,hot,business,none,2
grey,grey,beige,streetwear,oxford,chinos,boots,oversized,mild,party,jacket,1
navy,black,navy,casual,oxford,chinos,boots,oversized,cold,date,none,-2
black,white,grey,formal,polo,trousers,sandals,relaxed,hot,business,long_coat,-2
navy,grey,navy,streetwear,oxford,chinos,loafers,slim,hot,date,none,0
white,white,beige,old_money,polo,chinos,loafers,oversized,cold,date,jacket,3
black,brown,black,casual,dress_shirt,trousers,sneakers,slim,cold,party,long_coat,0
white,white,brown,casual,polo,jeans,sandals,relaxed,cold,business,coat,-1
white,black,black,streetwear,polo,shorts,loafers,slim,hot,date,jacket,-2
black,beige,grey,streetwear,dress_shirt,chinos,sneakers,regular,hot,university,long_coat,-2
beige,grey,white,formal,dress_shirt,chinos,boots,regular,hot,university,coat,-2
grey,beige,black,streetwear,polo,shorts,boots,regular,cold,party,none,-2
navy,beige,brown,formal,oxford,trousers,loafers,oversized,hot,date,jacket,-2
white,beige,black,old_money,henley,shorts,loafers,regular,mild,party,long_coat,2
white,beige,beige,casual,henley,chinos,boots,relaxed,cold,party,jacket,0
grey,brown,brown,streetwear,oxford,chinos,sneakers,relaxed,mild,university,jacket,0
brown,black,black,casual,polo,shorts,boots,relaxed,hot,date,none,0
black,navy,white,streetwear,henley,jeans,sneakers,relaxed,cold,date,long_coat,0
navy,beige,beige,casual,oxford,trousers,loafers,regular,mild,business,coat,0
brown,black,black,streetwear,henley,jeans,sandals,oversized,mild,business,jacket,0
navy,black,brown,streetwear,polo,chinos,loafers,slim,mild,university,jacket,0
white,grey,brown,formal,oxford,trousers,sandals,regular,mild,university,jacket,0
grey,grey,white,old_money,polo,trousers,loafers,relaxed,mild,business,jacket,1
white,beige,beige,streetwear,tee,shorts,sneakers,relaxed,mild,university,long_coat,0
beige,navy,beige,streetwear,henley,chinos,loafers,oversized,hot,party,long_coat,-2
grey,brown,beige,streetwear,dress_shirt,jeans,loafers,slim,hot,date,coat,-2
navy,grey,navy,old_money,dress_shirt,trousers,loafers,regular,mild,university,none,2
grey,beige,black,old_money,dress_shirt,shorts,loafers,relaxed,mild,party,none,2
brown,black,white,minimal,dress_shirt,chinos,loafers,slim,cold,business,none,-2
white,brown,beige,formal,henley,jeans,loafers,regular,hot,university,long_coat,-2
beige,brown,black,formal,oxford,shorts,sandals,oversized,mild,university,jacket,0
white,brown,white,casual,oxford,trousers,loafers,regular,hot,business,none,0
white,beige,beige,minimal,polo,shorts,sneakers,regular,cold,party,coat,0
black,white,brown,minimal,oxford,shorts,sandals,relaxed,hot,university,long_coat,-2
beige,beige,brown,minimal,oxford,chinos,boots,relaxed,mild,date,long_coat,1
black,black,white,minimal,henley,shorts,sandals,regular,mild,university,coat,1
beige,grey,navy,formal,tee,chinos,boots,slim,mild,party,long_coat,2
black,grey,brown,formal,dress_shirt,trousers,sandals,oversized,hot,business,none,0
white,beige,brown,old_money,dress_shirt,jeans,loafers,regular,hot,university,jacket,0
beige,white,grey,minimal,henley,chinos,sandals,slim,hot,university,coat,-2
brown,beige,beige,old_money,polo,shorts,loafers,regular,hot,business,long_coat,0
white,black,grey,streetwear,tee,chinos,boots,slim,cold,business,none,-2
black,beige,white,streetwear,polo,shorts,boots,relaxed,mild,business,none,0
beige,white,black,old_money,dress_shirt,trousers,boots,oversized,hot,date,none,2
brown,black,white,streetwear,polo,trousers,loafers,oversized,hot,university,coat,-2
brown,grey,brown,formal,tee,shorts,sneakers,regular,mild,date,jacket,0
navy,brown,black,minimal,henley,jeans,boots,slim,mild,date,long_coat,0
beige,navy,white,formal,polo,jeans,sneakers,slim,cold,date,long_coat,0
grey,beige,black,streetwear,tee,chinos,sandals,oversized,mild,date,coat,0
grey,navy,white,casual,dress_shirt,trousers,boots,relaxed,hot,date,long_coat,-2
grey,navy,white,formal,henley,jeans,loafers,oversized,mild,party,long_coat,1
beige,grey,black,formal,tee,shorts,sneakers,oversized,mild,university,jacket,0
navy,brown,brown,minimal,henley,chinos,sandals,regular,mild,party,none,0
white,black,navy,minimal,henley,trousers,sandals,slim,mild,university,long_coat,0
white,black,grey,formal,henley,shorts,sandals,regular,mild,date,none,0
white,black,brown,old_money,henley,shorts,loafers,oversized,hot,party,jacket,0
black,black,beige,old_money,dress_shirt,jeans,sneakers,relaxed,cold,business,coat,3
navy,white,beige,streetwear,polo,chinos,sandals,slim,hot,date,jacket,-2
white,grey,navy,minimal,oxford,jeans,boots,relaxed,mild,date,long_coat,0
brown,white,brown,casual,polo,jeans,sandals,slim,cold,party,none,-4
grey,navy,grey,minimal,dress_shirt,jeans,sandals,oversized,cold,business,long_coat,-2
navy,beige,beige,minimal,polo,jeans,sandals,oversized,cold,university,long_coat,-2
white,beige,navy,streetwear,oxford,shorts,sneakers,slim,cold,business,coat,0
black,beige,grey,formal,tee,chinos,loafers,oversized,mild,university,long_coat,0
brown,beige,grey,formal,henley,shorts,boots,regular,cold,university,long_coat,0
brown,grey,brown,casual,oxford,chinos,sneakers,relaxed,hot,date,jacket,-2
navy,brown,brown,streetwear,polo,chinos,sandals,regular,cold,date,none,-4
navy,grey,beige,streetwear,tee,jeans,loafers,oversized,mild,business,coat,0
white,beige,white,streetwear,tee,jeans,loafers,oversized,mild,business,coat,0
grey,white,grey,streetwear,henley,trousers,sneakers,relaxed,mild,business,jacket,0
grey,beige,white,minimal,polo,shorts,boots,slim,hot,university,none,0
white,beige,grey,casual,oxford,trousers,loafers,relaxed,mild,university,jacket,0
brown,white,white,minimal,tee,jeans,boots,relaxed,mild,university,coat,0
black,beige,beige,formal,polo,jeans,boots,regular,mild,university,none,0
white,brown,white,casual,tee,jeans,sandals,oversized,cold,business,none,-5
white,white,brown,casual,dress_shirt,shorts,sneakers,relaxed,hot,university,jacket,-1
white,navy,white,streetwear,henley,chinos,sandals,slim,mild,business,coat,0
brown,black,grey,formal,henley,shorts,boots,slim,hot,university,coat,-2
beige,brown,brown,casual,henley,trousers,boots,oversized,hot,business,jacket,-2
navy,brown,navy,streetwear,polo,jeans,boots,slim,cold,party,jacket,0
grey,black,white,formal,dress_shirt,trousers,sandals,relaxed,cold,university,coat,-2
beige,grey,beige,minimal,polo,jeans,sneakers,oversized,cold,date,jacket,0
navy,beige,navy,formal,polo,trousers,loafers,relaxed,hot,business,long_coat,-1
white,black,brown,streetwear,henley,trousers,sneakers,slim,cold,party,none,-2
white,grey,brown,old_money,henley,shorts,sandals,slim,mild,business,long_coat,2
grey,white,white,formal,tee,trousers,sandals,relaxed,hot,date,jacket,-2
black,grey,black,casual,dress_shirt,chinos,sneakers,relaxed,cold,party,coat,0
black,navy,black,casual,oxford,jeans,sandals,regular,hot,university,none,0
grey,grey,white,casual,dress_shirt,jeans,sneakers,slim,hot,business,long_coat,-1
brown,white,beige,minimal,dress_shirt,jeans,loafers,oversized,hot,university,none,0
white,brown,grey,formal,dress_shirt,chinos,sandals,slim,mild,business,long_coat,0
grey,brown,white,minimal,tee,chinos,sandals,slim,cold,party,long_coat,-2
navy,white,navy,old_money,dress_shirt,jeans,boots,relaxed,hot,business,coat,0
brown,beige,grey,old_money,polo,jeans,sneakers,relaxed,mild,date,coat,0
beige,navy,navy,old_money,polo,jeans,sandals,relaxed,hot,business,jacket,0
white,beige,brown,streetwear,tee,chinos,loafers,regular,mild,business,long_coat,0
black,beige,grey,formal,henley,trousers,sneakers,regular,hot,party,jacket,-1
brown,grey,navy,streetwear,dress_shirt,shorts,boots,relaxed,hot,date,long_coat,-2
white,brown,beige,formal,polo,trousers,sandals,slim,hot,party,coat,-1
black,navy,beige,casual,polo,shorts,boots,regular,mild,date,none,0
grey,white,navy,formal,tee,jeans,loafers,oversized,mild,date,coat,1
grey,black,grey,streetwear,oxford,shorts,boots,oversized,hot,business,none,0
black,grey,brown,casual,oxford,chinos,boots,slim,hot,university,none,0
brown,navy,white,minimal,henley,shorts,boots,relaxed,cold,business,long_coat,0
grey,grey,beige,streetwear,polo,jeans,sneakers,slim,hot,business,long_coat,-1
white,black,beige,minimal,tee,chinos,sandals,relaxed,cold,business,coat,-2
navy,navy,black,minimal,oxford,chinos,sneakers,oversized,cold,university,jacket,1
black,grey,beige,streetwear,henley,trousers,sandals,oversized,mild,university,long_coat,0
grey,grey,white,minimal,dress_shirt,shorts,boots,regular,cold,party,jacket,1
white,brown,black,old_money,polo,shorts,boots,oversized,cold,date,long_coat,2
grey,brown,navy,formal,oxford,chinos,sandals,relaxed,hot,party,jacket,0
beige,brown,white,formal,tee,trousers,sandals,regular,cold,university,coat,-2
black,beige,black,formal,henley,shorts,boots,slim,mild,business,coat,0
grey,grey,white,minimal,oxford,jeans,loafers,relaxed,cold,date,none,-1
white,grey,white,casual,oxford,shorts,sneakers,relaxed,hot,date,long_coat,-2
navy,brown,black,streetwear,polo,jeans,boots,relaxed,mild,date,long_coat,0
navy,navy,brown,streetwear,tee,chinos,boots,slim,hot,party,long_coat,-1
black,grey,beige,casual,henley,shorts,sneakers,slim,mild,party,none,0
navy,beige,grey,old_money,polo,jeans,sandals,oversized,cold,party,long_coat,-2
black,navy,beige,old_money,polo,trousers,loafers,oversized,cold,date,long_coat,2
white,beige,brown,old_money,oxford,trousers,sandals,relaxed,hot,party,none,2
grey,brown,black,formal,dress_shirt,trousers,sandals,oversized,cold,party,none,-3
beige,white,navy,minimal,tee,trousers,sandals,relaxed,hot,university,coat,-2
beige,beige,brown,streetwear,oxford,trousers,boots,regular,mild,party,jacket,1
brown,grey,beige,streetwear,henley,shorts,boots,oversized,hot,party,jacket,-2
brown,black,white,streetwear,henley,chinos,boots,regular,cold,university,jacket,0
black,grey,grey,formal,oxford,shorts,sneakers,oversized,cold,date,coat,0
white,beige,white,minimal,dress_shirt,jeans,sandals,slim,mild,business,coat,0
white,brown,black,formal,oxford,jeans,sneakers,relaxed,hot,party,jacket,-1
grey,navy,beige,old_money,henley,jeans,sneakers,regular,hot,business,none,2
beige,white,navy,old_money,henley,jeans,boots,slim,hot,party,none,2
grey,black,beige,casual,dress_shirt,jeans,boots,regular,hot,party,long_coat,-2
brown,navy,white,minimal,polo,jeans,sandals,slim,mild,party,long_coat,0
navy,white,brown,streetwear,tee,chinos,sandals,relaxed,mild,university,none,0
beige,black,grey,old_money,henley,trousers,sandals,slim,hot,business,coat,-2
navy,beige,beige,minimal,dress_shirt,jeans,loafers,slim,cold,university,long_coat,0
brown,navy,black,casual,henley,chinos,boots,slim,cold,business,jacket,0
navy,brown,grey,formal,polo,trousers,sneakers,relaxed,hot,business,jacket,-2
black,black,navy,old_money,oxford,shorts,loafers,oversized,hot,date,long_coat,1
brown,grey,white,streetwear,tee,chinos,sandals,oversized,hot,date,jacket,-2
navy,grey,black,streetwear,polo,trousers,sneakers,oversized,mild,business,jacket,0
grey,black,navy,streetwear,tee,trousers,sneakers,regular,hot,university,jacket,-2
navy,navy,brown,old_money,henley,shorts,sneakers,relaxed,cold,party,coat,3
brown,navy,black,formal,henley,shorts,loafers,regular,cold,university,long_coat,0
grey,white,navy,streetwear,tee,chinos,sandals,oversized,hot,party,none,0
brown,beige,black,formal,polo,chinos,sandals,slim,mild,business,none,0
beige,brown,brown,streetwear,henley,trousers,sneakers,slim,hot,university,jacket,-2
brown,grey,white,formal,dress_shirt,jeans,sneakers,oversized,mild,business,jacket,0
brown,white,beige,minimal,oxford,trousers,loafers,slim,hot,business,coat,-2
grey,grey,grey,old_money,oxford,chinos,sandals,regular,cold,university,jacket,-1
white,white,navy,minimal,polo,jeans,sandals,regular,cold,date,jacket,-1
navy,black,navy,formal,oxford,shorts,sandals,relaxed,hot,party,long_coat,0
beige,grey,grey,old_money,polo,trousers,sneakers,slim,cold,date,jacket,0
navy,brown,beige,casual,oxford,shorts,loafers,relaxed,hot,party,long_coat,-2
white,grey,grey,old_money,oxford,shorts,sneakers,slim,mild,business,none,0
white,grey,black,old_money,tee,chinos,boots,oversized,cold,business,long_coat,2
black,brown,grey,formal,henley,chinos,sneakers,oversized,hot,university,none,0
black,navy,beige,casual,polo,chinos,sandals,oversized,mild,business,long_coat,0
navy,white,beige,formal,henley,jeans,boots,oversized,cold,business,long_coat,0
grey,navy,navy,streetwear,polo,chinos,sandals,regular,mild,business,long_coat,0
navy,brown,grey,streetwear,dress_shirt,chinos,boots,relaxed,mild,university,none,0
white,beige,navy,formal,henley,jeans,boots,slim,cold,university,coat,1
brown,grey,grey,old_money,dress_shirt,jeans,sneakers,relaxed,cold,date,jacket,0
navy,beige,grey,formal,polo,jeans,sneakers,slim,hot,business,long_coat,-2
black,navy,brown,old_money,tee,shorts,boots,slim,cold,date,jacket,2
brown,black,black,formal,tee,trousers,sneakers,relaxed,mild,party,none,1
grey,black,black,minimal,polo,trousers,sneakers,regular,cold,business,jacket,0
navy,navy,black,casual,dress_shirt,trousers,boots,oversized,cold,university,long_coat,1
brown,brown,white,minimal,oxford,jeans,sneakers,regular,cold,university,none,-1
navy,white,black,minimal,oxford,chinos,boots,oversized,cold,party,long_coat,0
grey,grey,brown,old_money,tee,chinos,loafers,regular,mild,university,long_coat,3
grey,brown,beige,streetwear,oxford,trousers,boots,regular,cold,party,jacket,0
black,black,brown,formal,dress_shirt,trousers,sneakers,oversized,hot,party,none,2
navy,grey,beige,streetwear,henley,trousers,sneakers,slim,cold,date,coat,0
grey,beige,black,old_money,tee,trousers,sneakers,relaxed,mild,date,coat,2
grey,navy,navy,casual,polo,jeans,sandals,regular,mild,party,none,0
beige,white,beige,formal,tee,jeans,sandals,relaxed,cold,university,coat,-2
beige,white,brown,formal,dress_shirt,jeans,sneakers,oversized,cold,date,long_coat,0
brown,beige,white,casual,polo,chinos,sneakers,relaxed,hot,business,jacket,-2
black,white,black,streetwear,henley,chinos,loafers,slim,mild,party,jacket,0
navy,navy,grey,old_money,oxford,shorts,loafers,oversized,cold,date,coat,1
brown,grey,black,old_money,polo,jeans,sneakers,oversized,cold,date,none,0
white,brown,grey,casual,oxford,shorts,sandals,relaxed,hot,party,jacket,-2
white,white,grey,minimal,dress_shirt,trousers,sneakers,regular,cold,date,jacket,1
white,white,navy,old_money,dress_shirt,jeans,loafers,slim,mild,university,coat,3
grey,grey,white,streetwear,dress_shirt,shorts,sneakers,oversized,hot,party,long_coat,-1
beige,grey,grey,old_money,henley,shorts,loafers,slim,cold,university,jacket,0
brown,navy,navy,casual,oxford,shorts,boots,relaxed,mild,party,long_coat,0
black,beige,black,old_money,henley,shorts,sandals,oversized,hot,party,coat,0
beige,white,grey,casual,henley,shorts,loafers,regular,cold,date,jacket,0
grey,navy,beige,casual,henley,trousers,loafers,oversized,mild,date,none,0
brown,white,black,minimal,henley,trousers,boots,regular,hot,university,long_coat,-2
navy,black,navy,formal,oxford,chinos,sneakers,regular,cold,university,jacket,1
white,white,beige,minimal,oxford,jeans,sandals,relaxed,hot,date,long_coat,-1
navy,beige,brown,minimal,tee,chinos,sandals,oversized,hot,business,long_coat,-2
white,beige,white,formal,polo,shorts,sandals,oversized,cold,business,jacket,-2
grey,black,brown,minimal,tee,jeans,sneakers,regular,cold,date,coat,0
beige,beige,navy,casual,polo,jeans,loafers,relaxed,hot,party,jacket,-1
white,brown,brown,streetwear,polo,trousers,boots,regular,mild,date,coat,0
beige,navy,black,old_money,oxford,shorts,sneakers,relaxed,hot,date,jacket,0
beige,grey,white,old_money,oxford,jeans,sandals,oversized,hot,business,none,0
beige,beige,white,formal,oxford,shorts,boots,regular,hot,party,none,2
grey,white,black,streetwear,polo,shorts,sneakers,oversized,cold,date,coat,0
beige,black,white,formal,oxford,chinos,sandals,relaxed,mild,party,none,1
white,grey,black,old_money,henley,shorts,sandals,slim,mild,business,jacket,2
beige,navy,navy,formal,tee,chinos,loafers,regular,mild,party,long_coat,2
navy,grey,grey,casual,henley,jeans,sneakers,regular,cold,business,coat,0
beige,brown,black,streetwear,oxford,trousers,sandals,slim,hot,party,jacket,-2
grey,beige,grey,casual,oxford,trousers,loafers,oversized,hot,party,jacket,-2
white,beige,beige,streetwear,dress_shirt,chinos,sneakers,oversized,mild,business,coat,0
white,black,white,old_money,henley,trousers,loafers,oversized,hot,party,coat,-2
white,white,black,formal,polo,chinos,sneakers,regular,cold,party,jacket,2
grey,navy,navy,streetwear,dress_shirt,jeans,sandals,relaxed,hot,party,jacket,-2
white,brown,black,casual,tee,shorts,sandals,regular,cold,date,coat,-2
beige,grey,navy,minimal,polo,chinos,sandals,slim,cold,university,jacket,-2
beige,beige,beige,formal,oxford,trousers,sandals,regular,hot,date,coat,-1
black,black,grey,old_money,tee,shorts,sneakers,regular,mild,business,long_coat,1
black,brown,black,old_money,henley,trousers,sandals,oversized,hot,date,none,2
brown,navy,navy,minimal,polo,jeans,loafers,slim,mild,university,jacket,0
brown,white,white,minimal,oxford,chinos,sneakers,oversized,hot,university,jacket,-2
navy,white,beige,streetwear,polo,trousers,sandals,oversized,mild,date,none,0
beige,white,brown,minimal,polo,chinos,sandals,oversized,mild,party,none,0
white,black,navy,streetwear,henley,jeans,sandals,relaxed,cold,party,coat,-2
grey,white,navy,casual,polo,shorts,sandals,regular,hot,university,long_coat,-2
navy,white,brown,formal,oxford,trousers,loafers,relaxed,mild,date,none,0
beige,grey,grey,formal,oxford,trousers,sandals,oversized,hot,party,coat,-1
beige,brown,black,minimal,dress_shirt,chinos,boots,regular,mild,date,none,0
white,grey,navy,streetwear,oxford,shorts,sneakers,slim,mild,party,long_coat,0
white,black,white,old_money,polo,trousers,boots,slim,mild,party,none,0
black,grey,navy,casual,henley,shorts,loafers,slim,mild,party,none,0
navy,grey,brown,streetwear,polo,trousers,sandals,regular,mild,party,none,0
black,grey,black,casual,henley,jeans,sneakers,relaxed,hot,university,coat,-2
brown,navy,brown,minimal,henley,jeans,boots,relaxed,mild,party,jacket,0
black,navy,beige,minimal,polo,chinos,loafers,regular,mild,date,long_coat,0
white,navy,white,casual,polo,shorts,boots,oversized,cold,party,none,-2
brown,navy,beige,minimal,oxford,trousers,loafers,oversized,mild,university,long_coat,0
navy,white,grey,streetwear,tee,shorts,sandals,relaxed,cold,business,coat,-2
brown,navy,beige,formal,henley,jeans,sneakers,slim,mild,party,coat,1
brown,brown,black,casual,henley,shorts,loafers,regular,hot,business,coat,-1
beige,black,white,old_money,oxford,shorts,boots,relaxed,hot,business,jacket,-2
black,beige,navy,casual,oxford,trousers,sneakers,slim,hot,business,coat,-2
brown,white,brown,formal,tee,trousers,boots,regular,mild,university,long_coat,0
beige,beige,white,old_money,dress_shirt,chinos,sneakers,oversized,cold,business,coat,1
grey,grey,white,old_money,dress_shirt,chinos,loafers,regular,mild,business,long_coat,1
white,grey,beige,streetwear,dress_shirt,chinos,sneakers,slim,mild,party,jacket,0
black,grey,grey,casual,oxford,jeans,sneakers,regular,hot,university,none,0
white,beige,beige,formal,polo,jeans,sandals,regular,cold,party,jacket,-1
white,brown,navy,casual,dress_shirt,trousers,sneakers,slim,cold,party,none,-2
beige,grey,navy,streetwear,polo,trousers,boots,regular,cold,date,none,-2
beige,brown,white,old_money,henley,jeans,boots,relaxed,hot,date,none,0
white,navy,black,minimal,oxford,shorts,loafers,relaxed,hot,university,long_coat,-2
grey,black,beige,casual,oxford,chinos,boots,slim,cold,date,none,-2
white,navy,white,casual,tee,shorts,sneakers,regular,mild,party,coat,0
white,white,navy,minimal,polo,shorts,sneakers,regular,mild,party,none,1
navy,brown,navy,streetwear,tee,trousers,sneakers,oversized,mild,university,coat,0
black,navy,navy,casual,oxford,jeans,loafers,oversized,cold,business,none,-2
beige,grey,black,formal,polo,shorts,sneakers,oversized,mild,university,long_coat,0
beige,brown,brown,formal,tee,shorts,sneakers,relaxed,cold,party,jacket,1
black,brown,brown,old_money,tee,shorts,loafers,relaxed,hot,date,coat,0
brown,white,white,formal,polo,trousers,sneakers,slim,hot,date,long_coat,-2
beige,beige,grey,streetwear,henley,jeans,sneakers,oversized,cold,business,none,-1
brown,grey,navy,casual,dress_shirt,chinos,boots,oversized,cold,date,jacket,0
white,navy,black,old_money,henley,chinos,boots,relaxed,cold,party,jacket,2
white,grey,grey,casual,oxford,trousers,sandals,regular,mild,party,none,0
grey,navy,black,streetwear,oxford,trousers,boots,oversized,mild,university,long_coat,0
navy,white,beige,casual,polo,chinos,sandals,regular,cold,business,long_coat,-2
grey,beige,navy,minimal,oxford,trousers,loafers,slim,hot,university,jacket,-2
white,black,grey,formal,henley,jeans,sandals,slim,cold,date,jacket,-2
beige,navy,grey,minimal,tee,shorts,sandals,relaxed,hot,party,none,0
grey,navy,grey,formal,dress_shirt,jeans,sneakers,relaxed,hot,date,coat,-2
navy,white,brown,streetwear,polo,trousers,boots,relaxed,mild,date,coat,0
navy,grey,navy,streetwear,tee,shorts,sneakers,oversized,hot,party,long_coat,-2
black,black,navy,streetwear,polo,chinos,boots,oversized,cold,university,long_coat,1
beige,navy,white,casual,oxford,trousers,sandals,relaxed,cold,party,long_coat,-2
white,grey,navy,formal,tee,shorts,loafers,relaxed,mild,business,long_coat,1
beige,brown,beige,streetwear,dress_shirt,jeans,sneakers,oversized,mild,party,none,0
grey,white,grey,formal,polo,trousers,sneakers,regular,hot,business,coat,-2
white,navy,grey,streetwear,oxford,jeans,boots,regular,hot,university,none,0
grey,beige,grey,streetwear,dress_shirt,chinos,loafers,regular,hot,university,coat,-2
grey,brown,white,minimal,henley,shorts,loafers,oversized,hot,business,jacket,-2
brown,black,black,formal,henley,chinos,sneakers,slim,hot,university,coat,-2
grey,navy,brown,streetwear,tee,chinos,sandals,oversized,mild,date,coat,0
black,beige,black,casual,oxford,jeans,loafers,regular,hot,date,coat,-2
brown,white,white,casual,oxford,shorts,loafers,relaxed,cold,party,long_coat,0
navy,navy,brown,streetwear,dress_shirt,chinos,sandals,slim,cold,business,long_coat,-1
brown,white,beige,streetwear,henley,chinos,sandals,relaxed,hot,date,none,0
brown,grey,navy,streetwear,henley,trousers,loafers,relaxed,hot,date,none,0
brown,black,beige,old_money,polo,trousers,boots,slim,mild,university,none,2
white,beige,white,minimal,polo,trousers,loafers,slim,mild,business,long_coat,0
brown,beige,black,formal,tee,shorts,sneakers,relaxed,hot,date,none,0
navy,beige,white,formal,dress_shirt,shorts,loafers,slim,mild,date,coat,0
beige,navy,navy,streetwear,oxford,chinos,sandals,regular,mild,party,coat,0
grey,grey,navy,minimal,dress_shirt,jeans,boots,slim,hot,party,long_coat,-1
grey,navy,grey,minimal,tee,shorts,boots,slim,hot,date,coat,-2
navy,black,black,minimal,polo,jeans,sandals,regular,mild,party,none,0
black,black,navy,casual,tee,trousers,boots,relaxed,mild,date,coat,1
grey,white,brown,streetwear,tee,trousers,sneakers,oversized,hot,university,coat,-2
white,brown,beige,streetwear,oxford,jeans,sneakers,regular,mild,university,jacket,0
brown,black,grey,formal,tee,chinos,loafers,slim,cold,date,long_coat,0
white,white,black,formal,henley,trousers,sneakers,slim,mild,party,long_coat,2
white,black,brown,casual,tee,chinos,loafers,regular,hot,party,none,0
white,brown,brown,formal,henley,chinos,sneakers,relaxed,hot,party,none,1
white,beige,brown,streetwear,tee,shorts,sandals,relaxed,mild,business,long_coat,0
brown,grey,navy,old_money,tee,chinos,boots,regular,mild,date,coat,2
grey,black,grey,minimal,dress_shirt,trousers,loafers,regular,mild,university,long_coat,0
navy,black,beige,streetwear,dress_shirt,trousers,sandals,slim,cold,party,none,-4
black,navy,black,old_money,henley,trousers,sandals,regular,mild,party,none,2
grey,navy,navy,streetwear,dress_shirt,trousers,boots,regular,hot,university,long_coat,-2
black,beige,navy,casual,tee,trousers,loafers,slim,hot,business,long_coat,-3
white,navy,black,old_money,polo,shorts,boots,regular,hot,business,coat,0
white,black,beige,formal,tee,jeans,sandals,regular,cold,party,none,-3
black,black,brown,minimal,tee,chinos,sneakers,slim,cold,business,long_coat,1
black,beige,beige,casual,oxford,jeans,sandals,relaxed,mild,business,none,0
beige,brown,navy,streetwear,polo,shorts,sandals,relaxed,hot,business,coat,-2
white,navy,black,minimal,dress_shirt,jeans,sandals,regular,hot,date,none,0
black,black,navy,formal,henley,shorts,sandals,relaxed,mild,party,long_coat,3
grey,black,white,casual,dress_shirt,chinos,loafers,oversized,hot,party,none,0
grey,black,grey,formal,dress_shirt,trousers,sneakers,relaxed,cold,university,none,-2
white,navy,beige,streetwear,oxford,shorts,boots,relaxed,cold,university,jacket,0
grey,black,beige,old_money,polo,jeans,boots,oversized,hot,party,none,2
navy,grey,beige,minimal,henley,chinos,sneakers,relaxed,cold,university,coat,0
white,navy,grey,streetwear,tee,shorts,loafers,slim,cold,university,none,-2
black,brown,brown,minimal,tee,chinos,loafers,relaxed,hot,university,coat,-2
brown,brown,brown,old_money,henley,jeans,boots,oversized,hot,business,coat,1
brown,white,navy,minimal,tee,shorts,sneakers,oversized,cold,date,none,-2
beige,brown,black,minimal,henley,shorts,sneakers,regular,hot,party,jacket,-2
beige,brown,beige,formal,dress_shirt,chinos,sandals,slim,hot,business,long_coat,-2
beige,navy,grey,casual,tee,shorts,boots,slim,hot,party,coat,-2
white,white,black,casual,polo,shorts,loafers,relaxed,mild,date,coat,1
black,beige,grey,formal,polo,trousers,boots,relaxed,cold,university,jacket,0
navy,grey,white,casual,polo,shorts,loafers,oversized,mild,party,none,0
white,navy,navy,streetwear,dress_shirt,chinos,sneakers,regular,cold,university,none,-2
grey,brown,brown,minimal,oxford,jeans,sandals,slim,hot,date,none,0
black,navy,beige,old_money,polo,chinos,boots,relaxed,cold,university,coat,2
black,grey,black,minimal,tee,trousers,boots,relaxed,cold,university,jacket,0
black,grey,grey,streetwear,polo,trousers,loafers,oversized,mild,university,jacket,0
brown,brown,navy,minimal,henley,chinos,sandals,relaxed,hot,party,long_coat,-1
white,black,grey,streetwear,tee,shorts,boots,regular,cold,date,coat,0
brown,navy,black,streetwear,henley,trousers,loafers,slim,cold,business,long_coat,0
grey,brown,white,old_money,polo,chinos,sandals,oversized,hot,date,long_coat,-2
beige,beige,grey,formal,polo,trousers,loafers,regular,cold,university,jacket,1
grey,black,grey,minimal,tee,jeans,sandals,regular,mild,date,long_coat,0
grey,navy,white,casual,henley,shorts,sandals,slim,mild,date,jacket,0
white,beige,brown,old_money,henley,jeans,loafers,oversized,hot,party,none,2
black,navy,brown,casual,henley,shorts,sneakers,relaxed,cold,party,none,-2
black,white,navy,streetwear,oxford,shorts,boots,slim,mild,party,jacket,0
navy,beige,brown,casual,polo,jeans,sneakers,regular,hot,date,coat,-2
grey,navy,navy,streetwear,henley,chinos,boots,slim,mild,date,coat,0
beige,brown,grey,casual,polo,jeans,sandals,slim,hot,party,long_coat,-2
grey,white,beige,minimal,henley,trousers,sneakers,regular,cold,party,coat,0
navy,beige,beige,minimal,tee,shorts,boots,slim,cold,business,coat,0
navy,white,black,minimal,tee,jeans,sneakers,relaxed,cold,party,long_coat,0
black,white,white,minimal,dress_shirt,trousers,loafers,regular,cold,party,none,-2
grey,white,grey,old_money,polo,shorts,boots,regular,hot,business,long_coat,-2
navy,beige,white,formal,tee,jeans,boots,regular,cold,date,jacket,0
black,beige,white,formal,henley,shorts,boots,slim,cold,university,none,-2
black,white,beige,streetwear,oxford,jeans,loafers,regular,cold,business,none,-2
grey,brown,brown,minimal,henley,shorts,sandals,regular,mild,party,coat,0
beige,black,beige,formal,dress_shirt,jeans,loafers,relaxed,mild,business,none,0
black,beige,beige,minimal,oxford,shorts,boots,slim,cold,business,long_coat,0
brown,black,black,minimal,dress_shirt,shorts,sandals,oversized,mild,party,jacket,0
white,brown,beige,minimal,dress_shirt,jeans,sandals,relaxed,cold,party,long_coat,-2
navy,navy,grey,minimal,oxford,trousers,loafers,slim,cold,business,none,-1
white,brown,beige,casual,tee,shorts,sneakers,relaxed,mild,business,none,-1
navy,black,white,casual,oxford,trousers,sneakers,regular,hot,date,none,0
brown,white,white,old_money,polo,shorts,boots,relaxed,mild,date,coat,0
black,black,black,formal,polo,jeans,sandals,slim,hot,university,none,1
black,grey,white,formal,dress_shirt,shorts,sandals,regular,hot,university,coat,-2
black,brown,grey,casual,dress_shirt,jeans,loafers,slim,cold,date,long_coat,0
black,navy,grey,formal,dress_shirt,shorts,loafers,regular,mild,party,none,1
white,brown,black,old_money,oxford,jeans,loafers,regular,mild,party,jacket,2
white,white,grey,formal,henley,trousers,sneakers,oversized,mild,business,coat,1
white,navy,white,streetwear,polo,shorts,sandals,regular,hot,university,jacket,-2
beige,navy,white,streetwear,tee,trousers,sandals,regular,mild,party,none,0
beige,navy,beige,streetwear,tee,chinos,loafers,slim,cold,date,long_coat,0
brown,brown,beige,old_money,dress_shirt,jeans,sneakers,relaxed,mild,party,long_coat,3
black,brown,navy,minimal,oxford,trousers,loafers,regular,mild,business,long_coat,0
brown,beige,white,formal,polo,trousers,boots,oversized,hot,date,coat,-2
brown,navy,grey,casual,polo,shorts,boots,regular,mild,university,coat,0
white,navy,brown,old_money,dress_shirt,chinos,sandals,regular,cold,business,jacket,0
white,beige,beige,old_money,polo,chinos,loafers,slim,mild,date,coat,2
black,black,black,minimal,polo,jeans,sneakers,oversized,cold,business,jacket,1
beige,navy,navy,minimal,henley,jeans,boots,slim,mild,party,long_coat,0
brown,grey,white,old_money,polo,chinos,sandals,relaxed,cold,university,none,-4
brown,brown,brown,streetwear,polo,jeans,loafers,oversized,mild,university,long_coat,1
grey,grey,grey,streetwear,henley,jeans,loafers,oversized,hot,date,long_coat,-1
black,navy,brown,streetwear,tee,chinos,loafers,oversized,cold,business,long_coat,0
black,navy,brown,minimal,tee,chinos,sandals,oversized,cold,party,none,-4
beige,grey,navy,casual,tee,trousers,sneakers,slim,cold,university,jacket,0
black,black,brown,casual,dress_shirt,shorts,loafers,relaxed,hot,party,long_coat,-1
black,black,navy,formal,oxford,trousers,sneakers,slim,hot,business,long_coat,0
grey,grey,beige,minimal,dress_shirt,chinos,sneakers,relaxed,hot,business,jacket,-1
beige,black,navy,old_money,polo,trousers,boots,regular,mild,party,coat,2
navy,brown,navy,old_money,dress_shirt,shorts,boots,slim,mild,university,long_coat,2
black,black,grey,formal,dress_shirt,trousers,boots,oversized,cold,business,coat,1
brown,black,beige,minimal,henley,shorts,boots,relaxed,cold,university,none,-2
black,beige,grey,minimal,polo,chinos,boots,relaxed,cold,business,none,-2
grey,white,beige,streetwear,dress_shirt,trousers,boots,slim,hot,business,long_coat,-2
brown,brown,white,streetwear,oxford,jeans,boots,oversized,mild,university,none,1
brown,beige,black,casual,tee,jeans,boots,slim,cold,university,jacket,0
white,white,beige,formal,dress_shirt,chinos,loafers,relaxed,cold,date,none,-1
grey,beige,navy,streetwear,tee,jeans,boots,relaxed,hot,date,jacket,-2
grey,navy,grey,formal,polo,chinos,sandals,relaxed,cold,university,long_coat,-2
black,navy,brown,old_money,henley,chinos,sandals,oversized,cold,university,none,-2
brown,black,grey,streetwear,henley,trousers,loafers,relaxed,cold,university,long_coat,0
beige,black,black,casual,polo,shorts,boots,regular,cold,date,jacket,0
white,white,white,casual,dress_shirt,jeans,loafers,relaxed,cold,university,long_coat,1
beige,beige,brown,formal,henley,trousers,boots,relaxed,cold,university,coat,1
beige,beige,white,formal,henley,jeans,sneakers,relaxed,mild,date,jacket,1
black,navy,navy,formal,polo,trousers,sneakers,regular,cold,date,coat,1
white,navy,navy,minimal,dress_shirt,trousers,sandals,regular,cold,party,none,-4
brown,brown,navy,streetwear,dress_shirt,jeans,loafers,regular,mild,university,jacket,1
white,grey,black,streetwear,tee,trousers,loafers,regular,mild,business,coat,0
grey,navy,navy,formal,tee,chinos,loafers,regular,cold,business,coat,1
white,beige,beige,casual,henley,jeans,sneakers,slim,hot,date,none,0
black,navy,navy,old_money,oxford,trousers,sneakers,regular,cold,party,coat,2
grey,black,brown,minimal,henley,trousers,boots,relaxed,cold,party,jacket,0
beige,brown,navy,old_money,polo,chinos,boots,oversized,hot,party,jacket,0
grey,beige,grey,streetwear,tee,jeans,sandals,regular,mild,date,coat,0
grey,brown,beige,casual,polo,chinos,sandals,relaxed,hot,business,none,0
beige,grey,beige,formal,oxford,jeans,sneakers,oversized,mild,date,coat,0
grey,grey,beige,old_money,tee,shorts,boots,regular,hot,business,jacket,1
beige,brown,grey,minimal,oxford,jeans,sandals,relaxed,mild,business,jacket,0
white,navy,black,old_money,henley,chinos,boots,slim,cold,date,long_coat,2
beige,grey,beige,minimal,polo,chinos,sneakers,slim,cold,party,none,-2
grey,beige,navy,streetwear,dress_shirt,jeans,boots,slim,hot,university,jacket,-2
white,black,grey,minimal,polo,chinos,boots,regular,mild,university,jacket,0
beige,grey,black,casual,oxford,jeans,boots,slim,hot,date,none,0
brown,white,brown,formal,henley,jeans,loafers,regular,cold,date,coat,0
beige,brown,white,minimal,dress_shirt,shorts,sandals,relaxed,cold,business,none,-4
navy,brown,navy,casual,polo,shorts,loafers,regular,hot,university,coat,-2
white,navy,white,minimal,dress_shirt,trousers,sandals,regular,hot,university,jacket,-2
brown,beige,grey,formal,henley,jeans,sneakers,oversized,mild,university,coat,0
grey,black,navy,formal,oxford,shorts,boots,oversized,hot,date,coat,-1
beige,black,brown,streetwear,henley,trousers,loafers,relaxed,hot,date,jacket,-2
grey,navy,navy,casual,henley,chinos,sneakers,slim,mild,business,coat,0
beige,white,navy,minimal,dress_shirt,shorts,sneakers,relaxed,hot,date,coat,-2
grey,grey,black,minimal,dress_shirt,shorts,sneakers,relaxed,mild,date,jacket,1
black,white,white,old_money,polo,trousers,boots,oversized,cold,business,none,-2
grey,black,grey,streetwear,dress_shirt,jeans,sneakers,regular,mild,business,long_coat,0
beige,grey,grey,minimal,henley,shorts,sneakers,regular,mild,business,coat,0
black,navy,white,old_money,dress_shirt,chinos,loafers,oversized,hot,business,none,0
navy,navy,brown,minimal,henley,jeans,sneakers,oversized,cold,university,coat,1
beige,brown,navy,formal,henley,jeans,sandals,regular,cold,party,coat,0
grey,white,beige,casual,polo,chinos,boots,slim,hot,party,coat,-2
white,brown,white,old_money,henley,jeans,boots,oversized,hot,business,jacket,-2
navy,beige,navy,casual,tee,chinos,loafers,oversized,mild,date,none,0
beige,white,navy,formal,tee,chinos,loafers,regular,hot,party,jacket,0
navy,black,brown,casual,polo,jeans,loafers,relaxed,hot,party,none,0
beige,brown,brown,casual,oxford,jeans,sneakers,relaxed,hot,university,jacket,-2
white,beige,black,minimal,dress_shirt,shorts,sneakers,regular,hot,date,none,0
grey,grey,black,casual,tee,trousers,sandals,relaxed,hot,party,none,1
grey,navy,brown,streetwear,henley,trousers,loafers,relaxed,hot,university,long_coat,-2
beige,white,brown,casual,oxford,shorts,boots,regular,hot,date,coat,-2
beige,grey,brown,casual,polo,chinos,sneakers,oversized,cold,university,none,-2
black,black,navy,minimal,oxford,chinos,sneakers,regular,mild,university,none,1
navy,white,grey,formal,polo,chinos,boots,relaxed,cold,party,jacket,1
navy,white,black,old_money,henley,jeans,sandals,regular,mild,party,long_coat,2
white,grey,navy,minimal,oxford,chinos,sneakers,slim,cold,business,jacket,0
brown,white,navy,casual,henley,shorts,boots,slim,hot,university,jacket,-2
navy,brown,white,minimal,polo,jeans,loafers,slim,mild,university,long_coat,0
white,white,navy,minimal,oxford,chinos,sandals,oversized,hot,university,jacket,-1
navy,brown,beige,old_money,oxford,trousers,boots,regular,cold,business,coat,2
grey,black,beige,old_money,dress_shirt,trousers,loafers,oversized,hot,business,jacket,0
white,black,grey,casual,tee,jeans,sneakers,regular,hot,business,long_coat,-3
beige,beige,navy,streetwear,polo,shorts,loafers,slim,hot,university,none,1
beige,brown,beige,casual,dress_shirt,chinos,sandals,regular,mild,party,none,0
beige,grey,navy,old_money,dress_shirt,chinos,boots,slim,cold,university,long_coat,2
navy,white,navy,casual,dress_shirt,shorts,boots,relaxed,cold,university,coat,0
beige,grey,white,casual,oxford,trousers,boots,regular,cold,party,jacket,0
brown,white,black,casual,henley,chinos,loafers,regular,cold,university,jacket,0
white,black,beige,casual,tee,shorts,sandals,slim,mild,university,coat,0
navy,navy,navy,casual,oxford,chinos,boots,oversized,hot,party,jacket,-1
black,beige,white,minimal,tee,jeans,loafers,regular,mild,date,jacket,0
brown,white,beige,old_money,oxford,trousers,sandals,slim,hot,university,long_coat,0
brown,white,brown,casual,tee,jeans,loafers,relaxed,hot,business,none,-1
white,navy,navy,minimal,polo,shorts,boots,regular,cold,university,jacket,0
white,grey,brown,streetwear,dress_shirt,chinos,loafers,oversized,mild,university,none,0
beige,black,grey,formal,henley,trousers,sandals,relaxed,mild,date,jacket,0
black,black,grey,formal,dress_shirt,jeans,boots,oversized,mild,date,none,1
grey,beige,black,old_money,henley,trousers,loafers,relaxed,mild,party,long_coat,2
navy,grey,black,streetwear,tee,chinos,sandals,oversized,mild,date,none,0
black,black,grey,old_money,oxford,chinos,boots,relaxed,cold,date,none,-1
grey,brown,white,old_money,tee,jeans,sandals,oversized,hot,party,long_coat,-2
grey,grey,grey,minimal,oxford,jeans,sandals,regular,hot,party,coat,-1
black,brown,beige,old_money,polo,shorts,sneakers,relaxed,hot,business,none,2
beige,grey,white,minimal,dress_shirt,trousers,sandals,regular,cold,party,jacket,-2
brown,navy,grey,casual,polo,trousers,loafers,oversized,mild,date,long_coat,0
white,beige,navy,streetwear,henley,shorts,loafers,oversized,mild,university,none,0
black,navy,grey,minimal,tee,jeans,boots,relaxed,mild,business,long_coat,0
white,beige,black,old_money,tee,chinos,loafers,slim,mild,university,long_coat,2
white,navy,navy,old_money,tee,shorts,sandals,regular,mild,university,none,2
brown,beige,grey,streetwear,polo,jeans,boots,relaxed,hot,university,none,0
grey,grey,white,minimal,oxford,shorts,boots,relaxed,hot,date,coat,-1
navy,grey,brown,minimal,oxford,chinos,loafers,relaxed,cold,party,coat,0
white,black,white,formal,henley,chinos,sandals,oversized,mild,party,jacket,1
black,black,beige,formal,henley,jeans,sandals,slim,mild,business,coat,1
black,white,beige,minimal,oxford,jeans,boots,relaxed,hot,university,coat,-2
navy,black,black,old_money,oxford,chinos,loafers,relaxed,mild,date,coat,2
white,navy,black,formal,henley,shorts,sneakers,regular,cold,party,coat,1
white,grey,brown,minimal,polo,trousers,boots,slim,mild,party,jacket,0
navy,beige,white,old_money,tee,shorts,sandals,oversized,cold,university,coat,-2
brown,brown,grey,streetwear,dress_shirt,jeans,sandals,relaxed,hot,date,long_coat,-1
white,white,beige,formal,dress_shirt,trousers,sneakers,oversized,cold,date,long_coat,1
white,grey,navy,casual,henley,shorts,sneakers,slim,cold,party,jacket,0
beige,beige,grey,streetwear,dress_shirt,trousers,sneakers,regular,hot,party,jacket,-1
grey,grey,grey,streetwear,polo,trousers,sandals,slim,hot,party,jacket,-1
brown,white,navy,formal,polo,shorts,sneakers,oversized,hot,date,coat,-1
white,beige,brown,formal,dress_shirt,trousers,loafers,oversized,mild,party,none,1
white,beige,navy,casual,polo,jeans,loafers,oversized,mild,date,jacket,0
brown,beige,grey,casual,oxford,chinos,boots,slim,mild,party,coat,0
beige,black,brown,formal,tee,chinos,sandals,regular,cold,party,jacket,-1
navy,beige,black,formal,polo,shorts,sandals,regular,cold,party,coat,-1
grey,navy,black,streetwear,oxford,trousers,loafers,relaxed,mild,business,jacket,0
navy,white,white,formal,dress_shirt,trousers,loafers,relaxed,cold,party,coat,1
navy,white,brown,casual,polo,shorts,boots,regular,hot,university,coat,-2
black,black,brown,streetwear,polo,jeans,sneakers,slim,hot,date,long_coat,-1
beige,grey,white,streetwear,dress_shirt,chinos,loafers,slim,hot,business,coat,-2
beige,black,navy,minimal,tee,trousers,sneakers,relaxed,mild,business,none,0
navy,grey,black,minimal,oxford,chinos,boots,regular,hot,party,none,0
grey,grey,grey,minimal,dress_shirt,jeans,sneakers,relaxed,hot,date,long_coat,-1
brown,brown,navy,casual,polo,jeans,sandals,oversized,hot,university,none,1
brown,beige,grey,old_money,oxford,chinos,sandals,relaxed,mild,business,jacket,0
